url,isMalicious
songlyrics.com/news/riffd-the-shins-heartworms,0
imaging-resource.com/PRODS/olympus-e-m1-ii/olympus-e-m1-iiA.HTM,0
gosugamers.net/lol/streams,0
thingiverse.com/corkyzett/collections/intlwomensday,0
bausch.com/our-products/contact-lens-care/specialty-lens-care-products,0
w88mobile.org/game/5151.html,0
datacenterdynamics.com/awards/latin-america-awards,0
123people.com/s/marc+pageau,0
nownews.com/n/2017/03/21/2449327,0
wikipedia.org/wiki/Plague_Park,0
cert.org/contact/?refPage=1385,0
quickmeme.com/page/1,0
divorcesource.com/ds/main/site-map-1457.shtml,0
cancertutor.com/discussions/how-can-i-suggest-an-alternative-treatment-for-a-family-member,0
byu.edu/about-byu/accreditation,0
twitter.com/intent/tweet?url=www.thecalifornian.com/picture-gallery/news/2017/03/07/photos-salinas-sanctuary-city-demonstrationlawsuit-announcement/98883962/&text=PHOTOS%20Salinas%20sanctuary%20city%20demonstration/lawsuit%20announcement&via=salnews,0
technologyevaluation.com,0
gurl.com/category/your-life,0
articlesbase.com/art-and-entertainment-articles/my-top-10-all-time-black-and-white-american-films-before-1962-1974249.html,0
wikipilipinas.org/index.php?title=Sabas%2C_Ang_Barbaro,0
ipsnews.net/primary-region/global,0
lazada.co.id/sanken-official-store,0
fastweb.it/adsl-fibra-ottica/rete-mobile/?from=menu_home,0
php100.com/sjhass/c8bvkf2p,0
bleep.com/label/605-infin,0
ecocontrolsystem.com.br/ecocontrolsystem.com.br/mecs.html,0
brunel.ac.uk/about/chls,0
perl.com/pub/2002/10,0
nmgnews.com.cn/system/2016/11/26/012198481.shtml,0
libertylondon.com/uk/brands/n/noodoll,0
needsupply.com/life/living/textiles,0
kommersant.ua/doc/3247962?utm_source=kommersant&utm_medium=business&utm_campaign=four,0
codeweavers.com/account/downloads,0
cddgg.net/category/472,0
hbrc.com.cn/Jobs/content/id/886346/code/92af.html,0
bmwusa.com/Secured/Content/Forms/Logout.aspx?LOGOUT=1,0
czu.cz/cs/r-7210-o-czu/r-7701-pr-a-media/r-8114-fotogalerie/cestny-doktorat-obdrzel-martin-kropff.html,0
theregister.co.uk/emergent_tech/internet_of_things,0
bitauto.com/lay/449167.html,0
slideshare.net/inacentaur/branding-for-a-cause-the-creation-of-the-ina-centaur-sl-shakespeare-company,0
marksandspencer.com/l/men/all-accessories,0
rumormillnews.com/cgi-bin/forum.cgi?noframes;read=60501,0
path.org/our-work/mozambique.php,0
steelermaniacs.com,0
elpais.com/usuarios.elpais.com/newsletters/?id_externo_promo=rpv_newsletters_bar_ep,0
bibsonomy.org/layout/chicago/bibtex/23a77af13aa5f86a41d3815b46979fb79/laimbee?formatEmbedded=true,0
kitsapsun.com/terms,0
dpreview.com/products/fujifilm/slrs/fujifilm_xt2,0
2144.cn/www.2144.cn/html/11/73873,0
88db.com.hk/Buy-Sell/Clothing-Accessories-Children/1,0
"bj-jiameiyi.com.cn?""../ky/msfd/201307/t20130731_546684.html""",0
schuh.co.uk/accessories,0
opticsplanet.com/www.opticsplanet.com/handguards-and-forends.html,0
es http:/www.es/20-en-microondas-candy/cat2008299/c?ic_source=portal-home&ic_medium=menu-promo&ic_campaign=&ic_content=category,0
google.com/+Hipchat/posts,0
eso.org/public/announcements/ann16002,0
topdocumentaryfilms.com/hackers-world-anonymous-investigation,0
comdisneyana/novelty,0
stdaily.com/index/kejidaguan/2017-03/20/content_525905.shtml,0
zhanghongwei.com.cn/html/fazhixinwen,0
leedsmet.ac.uk/carnegieleaders,0
victoria-is-awesome.com,0
microsoft.com/en-us/cloud-platform/hybrid-cloud,0
wbaltv.com/article/tebow-to-start-with-minor-league-baseball-team-in-south-carolina/9158242,0
fujisan.co.jp/product/1281695005,0
dallascowboys.com/team/players/roster/charles-tapper,0
northwestindiana.com/cities/cities.html,0
leahlukens.com/alternatives-to-viagra,0
5iheze.cn/news/news/1.html,0
etsy.com/c/electronics-and-accessories/docking-and-stands?ref=catnav-2961,0
wordpress.com,0
iitk.ac.in/counsel,0
electronista.com/www.facebook.com/macnn,0
burgundy-report.com/?wine=bourgogne-blanc&domaine=bouree-pierre-fils,0
knack.be/nieuws/wereld,0
merip.org/author/joshua-stacher,0
comatlassian-gadgets-spi/3.1.1/atlassian-gadgets-spi,0
instagram.com/lamontagne.fr,0
chemicool.com/elements/promethium.html,0
zagat.com/set-city/detroit,0
azeroth.su/map/sitemap21.html,0
herald-dispatch.com/multimedia/photo_galleries/photos-house-fire-on-rd-avenue/collection_74b38bdc-0a8b-11e7-a945-2bf2987106e8.html,0
barnesandnoble.com/w/beautiful-chaos-kami-garcia/1100744837,0
cografyaegitimi.biz/kavram-haritalari-b42.0,0
aei.org/press,0
att.com/accessories,0
topspeed.com/cars/car-news/the-fittipaldi-ef7-is-proof-that-dreams-do-come-true-ar176135/picture708761.html,0
atmel.com/about/careers/default.aspx,0
spain.info/en_US/rss,0
swinburne.edu.au/study/find-a-course,0
olympic.ca/en/athletes/eric-lamaze,0
finishingtouchesffa.com/About,0
duckduckgo.com/1/c/Pre-Confederation_Canadian_businesspeople,0
cbsinteractive.com/privacy,0
amazon.com/Seasoned-Veteran-Vinyl-Richie-Rich/dp/B0000024LP,0
hitched.co.uk/wedding-shoes,0
foodsafety.gov/keep/basics/index.html,0
twitter.com/rockitchen,0
gurufocus.com/news/150906/commerce-bancshares-inc-reports-operating-results-10q,0
trails.com/norman_oklahoma-hotels.html,0
chron.com/entertainment/rodeo/article/Siggno-and-Banda-el-Recodo-draw-big-Go-Tejano-Day-11012819.php,0
tweaktown.com/cat/cpu_apu_and_chipsets/nvidia-chipsets/index.html,0
jobui.com/jobs/l-%E5%85%A8%E5%9B%BD-q-%E5%95%86%E5%8A%A1%E5%8A%A9%E7%90%86,0
blogsite.org/products,0
amazon.com/gp/product/B01LYCLS24?tag=jalopnikamzn-20&ascsubtag=[t|link[p|1793438802[a|B01LYCLS24[au|5727177402741770316[b|deals,0
mtu.edu/student-activities,0
twoorb.com/wp-content/uploads/IMG_00231-1024x768.png,0
automotivedigitalmarketing.com/xn/detail/1970539:Event:636923?xg_source=activity,0
freemeteo.com/weather/lincoln-mount/daily-forecast/tomorrow/?gid=5428549&language=english&country=us-united-states,0
lloydsbank.com/car-finance/compare-your-options.asp,0
youtube.com/user/govsingapore/featured,0
yougou.com/c-puma/sku-590331-100480855.shtml,0
xyqxt.com/html/6071.html,0
arabianbusiness.com/industries/technology/?service=rss,0
realtytimes.com/advicefromtheexpert/item/47657-how-to-remove-pet-odors-from-your-carpet?rtmpage=cleaningaim,0
imageenforcement.com/AdminReviewSites/SanDiegoReview,0
8tracks.com/cinnamonmocha/i-will-destroy-you#smart_id=tags:electronic,0
tomdixon.net/shop/lighting/bathroom-lights.html,0
adevarul.ro/news/societate,0
zakon.kz/www.zakon.kz/video/v/40329.html,0
tokyo-skytree.jp/special/ribon2016,0
baynews9.com/content/news/baynews9/news/about/crime-guidelines.html,0
digitalspy.co.uk/tv/reality-tv/news/a823822/lets-sing-and-dance-viewers-hit-out-at-bbc-cutting-lgbt-positive-lyrics-from-lady-gaga-born-this-way,0
agusandelsur.gov.ph/index/component/k2/item/683-cane-prelude-sa-mas-dakong-naliyagan-festival-sunod-tuig,0
nspcc.org.uk/preventing-abuse/keeping-children-safe/mental-health-suicidal-thoughts-children,0
acronymfinder.com/European-Central-Time-(time-zone)-(ECT).html,0
ng.ru/ng_politics/2017-03-21/9_6953_stories.html,0
lalsace.fr/e-services/ForgotPassword,0
vegasinsider.com../nfl/story.cfm/story/1844208,0
fantiniarte.it/components/com_gk3_photoslide/thumbs_big/82887312705268_10207636900374494_356860295661652797_n.jpg,0
riarealty.ru/stories,0
newschannel5.com/news/newschannel-5-investigates/lawmakers-consider-new-policing-for-profit-reforms,0
bmwgroup.com/en/investor-relations/debt-and-rating.html,0
siemens.com/global/en/home/company/about/management/klaus-helmrich.html,0
dol.gov/general/topic/training/tradeact,0
bunnings.com.au/our-range/outdoor-living/insect-control/citronella-flares-oils,0
lu.se/lunds-universitet-350-ar/jubileumsprodukter/jubileumsbok-lunds-universitet-under-350-ar,0
perl.com/pub/2007/01,0
gigazine.net/news/20170317-only-windows-10-support-new-cpu,0
eachnet.com/5L+d5rm/--151-2.html,0
opoka.org.pl/biblioteka/felietony.html,0
putclub.com/html/exam/interpretationResource/index.html,0
ydrotech.gr/index.php/products/sun-boilers,0
kentucky.com/sports/college/kentucky-sports/uk-basketball-men,0
slutload.com/watch/XOOAxVSbJSo/Yoopa-Loves-To-Suck.html,0
3edu.net/gkzw,0
oaic.gov.au/individuals/faqs-for-individuals/youth,0
bizvotes.com/ny/new-york,0
dm222.cn/html/258.html,0
apc.org/en/about/management,0
politika.rs/scc/clanak/376585/Spektar/Zivot-i-stil/Ukusi-Francuske-treci-put-u-Srbiji,0
premium.pl/gielda/dom/architektura,0
past-to-present.com/photos.cfm?reference=D12368,0
theexpressionist.com/tag/chelsea-peretti,0
szhome.com/house/5838.htm,0
wowow.co.jp/service/external,0
croix-rouge.fr/Nos-actions/Action-internationale/Sante,0
ubs.com/global/en/legalinfo2/usa.html,0
visitmalta.com/currency-banks,0
nextcity.org/daily/entry/trump-budget-cuts-hud-affordable-housing-investment-effects,0
appszoom.com/android-apps/business,0
edaily.co.kr/news/NewsRead.edy?SCD=JA11&DCD=A00101&newsid=04296806615865616,0
alpari.ru/ru/registration,0
eleconomista.com.mx/finanzas-personales/2017/03/19/ahorre-bienes-servicios-ocupando-cupones,0
waset.org/topic/Urban-and-Civil-Engineering/2017/06/copenhagen,0
dnj.com/blue-raiders,0
mantialaw.com/index.php/about-us,0
cfnews13.com/content/news/cfnews13/sports/article.html/content/news/articles/bhsn/2017/3/20/orlando_pride_revita.html,0
zbnews.net/ly,0
mcafee.com/us/products/security-management/index.aspx,0
autohome.com.cn/news/201703/899845.html#pvareaid=103483,0
huatu.com/zt/gddgjx,0
mtb-news.de/news/2017/03/20/filmfreitag-2017-10,0
williams-sonoma.com/shop/cutlery/cutlery-ws-cutting-boards/?cm_type=gnav,0
monsterenergy.com/cy/en,0
php100.com/sjhass/pmmx2ct3,0
oursportscentral.com/services/releases/?id=4302254,0
monbiot.com/category/genetic-engineering,0
centarahotelsresorts.com/centaragrand/csbr,0
lelu.ee/en/maenguasjad/wooden-development/animals/cat-ceramic-coin-banks-detail,0
shopko.com/category/Furniture/Kitchen-Dining-Furniture/pc/8/100.uts?cm_sp=flyout-subhead-_-kitchen-dining-_-related-categories_kitchen-dining-furniture,0
theaustralian.com.au/arts/review/bright-air-black-modern-twist-to-an-ancient-greek-gorefest/news-story/e3b45bce6fab77e2b0a395102dcc28bd,0
pagely.com/blog/2017/03/3-simple-wordpress-security-tips,0
canada.com/montrealgazette/news/story.html?id=144a2bd0-73e6-4432-bcaf-d113a93a41a4&k=7982,0
marketingcharts.com/date/2008/12,0
alidauscher.com/IL,0
treasureislandmedia.com/www.treasureislandmedia.com/2257,0
kr.ua/news/news/3066,0
edacafe.com/product_list.php?query_string=&amp%3Btext_query=all,0
qnsr.com/cgi/r?WT.qs_dlk=WNCrQArIZ7YAAGzi6ToAAAAE;;n=203;c=1518001/508143/16;s=7875;x=2304;f=201511241806480;u=j;z=TIMESTAMP,0
fineartamerica.com/collections/pool+hall,0
iucr.org/iucr/history/previous,0
cambridgepacking.com,0
xinhuanet.com/english/travel/index.htm,0
weather-forecast.com/albums/5/photos,0
smartbeautyguide.com/procedures/injectables/fat-transfer,0
thenation.com/authors/zoe-carpenter,0
cycledallas.org/buy-cialis-online1,0
foreignpolicy.com/2017/01/03/donald-trump-is-making-the-world-safe-for-dictators,0
locaweb.com.br/registro-de-dominio,0
healthychildren.org/english/healthy-living/fitness/pages/default.aspx,0
ometal.com/bin/new/2017/3/21/futures/20170321170512542642.htm,0
afr.com/news/politics/politicians-say-they-dont-take-notice-of-polls-yeah-right-20170320-gv25uq,0
it.com.cn/news,0
waset.org/conferences/2021,0
20min.ch/sport/weitere/story/-Stan-beleidigt-Roger--der-entschuldigt-sich-per-Lied--13226078,0
flixster.com/actor/evalyn-knapp,0
ali213.net/deo/170131/211177.html,0
pcbaby.com.cn/qzbd/3778.html,0
activerain.com/blogsview/5028010/what-makes-a-real-estate-newsletter-effective-,0
ufv.br/wp-content/uploads/EDITAL_UFV_SISU-2017.pdf,0
a-star.edu.sg/Scholarships/Our-Scholars/Scholars-Honours-List.aspx,0
whnews.cn/contents/hangqing/20170110/7820.shtml,0
piggy-code.co.uk/discounts-for-Dollond-and-Aitchison.php,0
trendhunter.com/pro/category/activism-and-awareness,0
accountancyage.com/practice,0
comatlassian-plugins-core/3.0.25/atlassian-plugins-core,0
fishki.net/favorite/0/2246312/0/0,0
ed.gov/ERICWebPortal/search/detailmini.jsp?_nfpb=true&_&ERICExtSearch_SearchValue_0=ED217049&ERICExtSearch_SearchType_0=no&accno=ED217049,0
firstam.com/mortgagesolutions/markets/mortgage-servicing.html,0
lyg.gov.cn/jcms_files/jcms1/web111/site/col/col5958/index.html,0
fudan.edu.cn/2017/0320/43287.html,0
visitlondon.com/things-to-do/index,0
familyhandyman.com/decks/designs,0
yinsha.com/file/nfo/2017/03/21/68457.shtml,0
artlebedev.com/id/urnus,0
rshb.ru/smallbusiness/special_offers,0
rumormillnews.com/cgi-bin/forum.cgi?noframes;read=56259,0
ecommercetimes.com/site_map,0
asn-online.org/publications/kidneynews,0
boston.com/www.bostonglobe.com/news/politics/2017/03/20/comey-takes-shot-patriots-make-point-congressional-hearing/8aPnatFXdwJIoKLq33c9HP/story.html?s_campaign=bdc:globewell:politics,0
ontheforecheck.com/2009/7/14/948828/nashville-predators-sign-ben-guite,0
koolearn.com/20170316/794234.html,0
"tjkingwai.com?""../crjy/zxks/201008/t20100810_381114.html""",0
southcarolinaparks.com/our-mission/message-from-director/iconic-experiences.aspx,0
ufsc.br/calendar/action~agenda/page_offset~-1/time_limit~1490093999/request_format~html,0
dailynewsegypt.com/event,0
comarmata-guinea-pig-library/1.1-m001/armata-guinea-pig-library,0
colourlovers.com/pattern/5575388/l414,0
xyqxt.com/html/6060.html,0
csmonitor.com/The-Culture/Arts,0
23hq.com/Soeradjoen/photo/29424162,0
musicstore.de/de_DE/EUR/brands/roland,0
v1.cn/video/v_14492129.jhtml,0
gtimg.com/auto/pics/hv1/208/32/2194/142673218.jpg,0
rompol.com.pl/index.php/wiertla-do-metalu,0
alistapart.com/about/copyright,0
fortlewis.edu/home/Cost.aspx,0
desktopnexus.com/www.facebook.com/DesktopNexus,0
naplesnews.com/story/news/local/2017/03/19/demolition-derby-pits-drivers-cars-combat/99163100,0
sensagent.com/karen+young+(canadian+singer)/en-en,0
dallasnews.com/news/tarrant-county,0
meijer.com/t3/baby/feeding/dishes-cups-utensils/t1/t1-869/t2/t2-10007/T3-411.uts,0
automobilemag.com/profile,0
bloomingdales.com/shop/kids/girls-7-16?id=23720&cm_sp=NAVIGATION-_-TOP_NAV-_-3866-GIRLS-Girls-7-16,0
bismarcktribune.com/business,0
rumormillnews.com/cgi-bin/forum.cgi?noframes;read=62061,0
wfmz.com/news/icymi,0
guinness-storehouse.com/en/events/catering,0
teamastray.com/hpbtt/see-something-new-tum-he-who-videos-download-hd.html,0
znlys.com/a/liudamokuai/ruodiangongcheng,0
modelchina.cn/?question/view/3752.html,0
autoinsurancelz.info/SC,0
pictaram.com/tag/hookahlove,0
xbiao.com/jaquetdroz/42272.html,0
goldenstateimages.com/GSI_search.php?srch=sailboat&op=ex,0
atmarkit.co.jp/news/201002/19/togetter.html,0
wn.com/Nara_Lokesh,0
televisionwithoutpity.com/show/doctor-who,0
naturalfunctor.ru/category/11,0
dm222.cn/html/267.html,0
visi.com/hybrid-solutions/data-center/converged-infrastructure,0
koolearn.com/20170316/1114176.html,0
valpak.com/coupons/savings/pizza,0
lesaffaires.com/blogues/bernard-mooney,0
vub.ac.be/innovatie/innovatie/research-parks-incubators,0
rcpsych.ac.uk/traininpsychiatry/cpdonline.aspx,0
urban.org/author/bing-bai,0
keurigcoffeepods.net/van-houtte-k-cups,0
partedmagic.com/creating-livecd-infrarecorder,0
comatlassian-rest-common/2.9.8/atlassian-rest-common,0
netmums.com/coffeehouse/netmums-reviews-875,0
madmoizelle.com/motsclefs/job-dete,0
souq.com/ae-en/charles-delon-heart-design-18k-gold-plated-gold-dial-women-s-bracelet-watch-5230344/i,0
al-akhbar.com/taxonomy/term/6260,0
marksdailyapple.com/recipes/meal-type/soups,0
brak.de/fuer-journalisten/zahlen-zur-anwaltschaft,0
secunia.com/secunia_research/2009-63,0
stevespanglerscience.com/club/affiliate-program,0
instagram.com/p/BRn0m2Ml6N1,0
drweb.ru/cureit/history,0
comstyle/2017/03/theresa-may-on-awkward-trump-hand-hold,0
cmswire.com/digital-workplace/translating-lean-thinking-into-lean-performance,0
consulfrance-washington.org/spip.php?article398,0
cdrinfo.com/Sections/News/Details.aspx?NewsId=52198,0
slackware.com/faq,0
aoyou.com/search/b0-l11,0
asiarooms.com/account/logout,0
infocus.com/accessories/remotes,0
youtube.com/watch?v=N8DIEsPQVN4,0
lynda.com/CAD-training-tutorials/1665-0.html,0
shakhtar.com/ru/news/39184,0
wsj.com/article/SB10001424052970204138204576600833993316682.html,0
nationalenquirer.com/videos/paul-walker-death-car-race-tree-eyewitness-reelz,0
technologyreview.com/help,0
elance.com/local/australia,0
vogue.es/tags/pilates/3823,0
jcicommunications.com/keiba,0
azsos.gov/about-office/media-center/azsosblog/1120,0
allgemeine-zeitung.de/mediathek/bilder/bilderdestages_2939689.htm#50,0
potsdam.edu/sites/default/files/Potsdam09.jpg,0
smallbiztrends.com/2017/03/california-small-business-workers-compensation-insurance.html?tr=sm,0
fooyoh.com/menknowpause_lifestyle_living/15324963/date-night-what-the-clothes-say-about-the-man,0
kohls.com/upgrade/giftinglisting/wishlist.jsp,0
ipaustralia.gov.au/pdfs/trademarkmanual/trade_marks_examiners_manual.htm,0
spirithalloween.com/category/shop-by-character/crayola/pc/1917/1635.uts,0
hnue.edu.vn/Danhchocanbo/Lienkethuuich/Tinhoconline.aspx,0
ziare.com/cultura,0
sclub.com.tw/LINK/?25000+++++1,0
dogstrust.org.uk/get-involved/fundraising,0
organgebot/publikationen/isi,0
stylehaus.jp/categories/fashion/women,0
texindex.com.cn/company,0
retaildesignblog.net/tag/patterns,0
topseos.com/cn/best-seo-companies-in-china,0
sa-venues.com/accommodation/natal-midlands.php,0
gamewise.co/games/46233/Candy-Crush-Saga/Walkthrough,0
craigslist.org/lancaster.craigslist.org,0
ada.gov/bonner.htm,0
ias.edu/about/administration,0
realgm.com/player/Hassan-Whiteside/Summary/7693,0
fapesp.br/linha-do-tempo,0
mars.com/global/science-and-innovation/science,0
worldweb.com/Cabano/WheretoStay,0
qai.cc/liangxing/liangxingwenhua,0
100xuexi.com/HF/zx/dagangquanguojuan,0
deunternehmen/karriere/ansprechpartner,0
lierda.com/product/id/40/list.html,0
dudeiwantthat.com/household/kitchen/june-intelligent-oven.asp,0
cpsc.gov/cpscpub/prerel/prhtml08/08223.html,0
sephora.fr/Accessoires/Ongles/Ciseaux-Pinces-Coupe-ongles/C542;jsessionid=730B70A9A9BD8CE9858905DC8A46EC3D.wfr1r,0
softwareadvice.com/crm/sales-force-automation-comparison,0
abovetopsecret.com/forum/thread1162233/pg1,0
famouswhy.com/shawn_batten_and_steve_lukather-r369203.html,0
hanes.com/shop/hanes/clearance--1/up-to-off,0
hotair.com/tags/ahca,0
fwsir.com/lingdaoganbushuzhibaogao,0
ac-poitiers.fr/cid103599/le-gip-fcip-de-l-academie-de-poitiers.html,0
americanlibrariesmagazine.org/2017/03/01/digital-wallpapers-open-doors,0
cox.com/residential/support/support-videos.html#phone,0
wfmz.com/news/berks/muhlenberg-tables-vote-on-summer-food-program/385061642,0
insidetoronto.com/community-static/74001-mpps-bloor-west,0
carandclassic.co.uk/list/636,0
iloveny.com/things-to-do/shopping/malls-outlets,0
biola.edu/undergrad/culture,0
antaranews.com/berita/619361/bincang-bincang-bersama-ziggy-zezsyazeoviennazabrizkie-2,0
qijimao.com/ufozhimi/2013/0222/1525.html,0
humankinetics.com/products/all-products/The-Fitness-Professionals-Guide-to-Strength-Training-Older-Adults-2nd-Edition,0
rtve.es/las-claves/tienes-que-verlo-comic-nuevas-narrativas-youtube-facebook-app-2017-03-13,0
belfasttelegraph.co.uk/news/northern-ireland/sinn-fein-to-spell-out-brexit-opposition-to-theresa-may-35548291.html,0
marco.org/2010/12,0
mapbox.com/about/open,0
php100.com/sjhass/vjt38vjh,0
microchip.com/about-us/environmental-health-and-safety,0
pir.org/resources,0
kentuckytourism.com/articles/tap-into-great-taste-with-craft-breweries-in-kentucky/61,0
wsws.org/id/2001/sep2001/indo-s12.shtml,0
pcauto.com.cn/drivers/yongpin/ypsyzq,0
virginiafamilytree.com/2008/09/book-review-augusta-county-virginia_10.html,0
extratorrent.cc/torrent/5524379/Bates.Motel.S05E05.WEB-DL.x264-FUM%5Bettv%5D.html,0
sais-jhu.edu/content/executive-education,0
turnto23.com/news/local-news/report-vegas-to-palmdale-rail-to-attract-3-million-riders,0
worldweatheronline.com/orlando-weather/florida/us.aspx,0
lynda.com/learning-paths/3d-animation,0
markshuttleworth.com/archives/date/2014/05,0
shanksponyband.com/KY,0
rwu.edu/academics/academic-services,0
orgabout_toys_for_tots/toys_for_tots_foundation/annual_reports/default.aspx,0
douglas.de/douglas/help/bezahlen-nach-ihren-wuenschen#rechnung,0
shopko.com/thumbnail/Sports-Team-Shop/Team-Shop/NFL/Detroit-Lions/Jewelry/pc/11/pc1/17/pc2/129/c/860/2634.uts,0
yixue99.com/kszl/ylws/200/?wt.bd=zg49,0
linkedin.com/pub/stephen-hunter/14/197/190,0
offbeatbride.com/engaged,0
elpais.com/2017/03/18/lunya/1489863465_149299.html,0
lavoro.gov.it/temi-e-priorita/salute-e-sicurezza,0
suite101.com/alvin-creepy-karpis-a184362,0
theagencyre.com/aspen-colorado-vacation-rentals,0
theufochronicles.com/2017/02/ufo-sighting-over-nuclear-missile-silo.html,0
nbcsports.com/2017/03/20/report-magic-considering-firing-general-manager-rob-hennigan,0
debate.org/forums/news,0
purolator.com/en/ship-track/tracking-summary.page,0
aupolicy-and-advocacy/prevention-policy,0
gomnlt.com/gci/greenville-news/?utm_source=greenville-news&utm_medium=navweblink&utm_campaign=GCI,0
kidstaff.com.ua/goods/jobs/61/1574,0
portlandmercury.com/spring-arts-2017/2017/02/22/18858499/rethinking-the-canon,0
monoprice.com/pages/tamron_lenses_telewide_lens,0
crimestoppers-uk.org/get-involved/our-corporate-services/our-corporate-partners/link-atm,0
lifeproof.com/en-us/iphone-5c-cases,0
muji.net/www.muji.net/mujicard/?area=footer,0
visitphilly.com/philadelphia-neighborhoods/germantown,0
vcstar.com/story/sports/golf/2017/03/20/tiger-woods-1997-masters-book-my-story/99418914,0
diytrade.com/china/pd/16967177/Canada_Goose_Jackets_Goose_Down_Jackets_Goose_Down_Coat_Vest_canada_goose_man.html,0
northerntool.com/shop/tools/category_water-pumps,0
jurist.org/paperchase/2017/03/confirmed-al-qaeda-member-convicted-of-terrorism-in-new-york-court.php,0
thecanadianencyclopedia.com/en/article/residential-schools,0
bonanza.com/items/search?q%5Bfilter_category_id%5D%5B%5D=15724&q%5Bfilter_category_id%5D%5B%5D=3034&q%5Bfilter_category_id%5D%5B%5D=4251&q%5Bfilter_category_id%5D%5B%5D=155184&q%5Bsearch_term%5D=anthropologie&q%5Bshipping_in_price%5D=1&q%5Btranslate_term%5D=true,0
wikipedia.org/wiki/Bob_Newhart,0
php100.com/sjhass/dryqdja7,0
sunshinestatenews.com/story/tampa-will-host-2012-republican-convention,0
plgalerie/1/0/wszystkie.html#p117,0
centreforfinancialhistory.org,0
cinemassacre.com/category/avgn/avgn-related,0
wirednewyork.com/real_estate/350west50th,0
saatchigallery.com/artists/pavel_pepperstein.htm?section_name=postpop,0
exbii.com/showthread.php?t=460321,0
maigoo.com/maigoo/1215gl_index.html,0
computerworld.com/category/big-data,0
khronos.org/news/tags/tag/WebGL,0
euroset.ru/catalog/phones/accessories-phone-smartphones/holders-selfie,0
youtube.com/watch?v=clcOvhQI50Q,0
subaonet.com/cul/2017/0321/1953522.shtml,0
chinapet.net/card/%B5%EA%C6%CC-%B3%E8%CE%EF%B5%EA.html,0
39yst.com/sushen/468176.shtml,0
ferra.ru/ru/all/subject,0
radionz.co.nz/news/national/327095/anne-tolley-orders-review-of-cyf-toddler-case,0
atmarkit.co.jp/ait/articles/1703/17/news013.html,0
fendi.com/us/action/modals/share-by-wechat,0
gsk.com/en-gb/research/trials-in-people/become-a-clinical-research-volunteer,0
tu.tv/tags/la-oveja-shaun,0
ucdavis.edu/cms/internal.aspx?uid=53cfd021-fd52-452c-bbc3-f54553db2d09,0
zjzwfw.gov.cn/col/col52705/index.html?webId=22,0
flightinfo.com/forumdisplay.php?s=&daysprune=&f=13,0
47news.jp/topics/b-gourmet/2017/03/post_20170306112635.php,0
corporationwiki.com/Florida/Sarasota/phil-yoder-P7474756.aspx,0
mastercard.com/hu,0
dsm.com/corporate/careers/vacancies/application-process.html,0
tr.az/world/other/2733780.html,0
jxntv.cn/2017/0320/8450096.shtml,0
bulgari.com/en-us/products.html?root_level=315&sign=92&aesthetic_line=93,0
gigwise.com/rss/news,0
prevention.com/health/stayin-alive-with-cpr,0
cnes.fr/fr/accueil_site_instit,0
ajax.nl/tickets-support/mindervaliden-1.htm,0
kindai.ac.jp/jc,0
tigtag.com/Special/xinwenchenbao,0
verycd.com/sto/software/sys,0
plataformaarquitectura.cl/cl/867561/casa-lego-abrira-sus-puertas-en-septiembre-de-este-ano/58d02bafe58eceb12800025a-casa-lego-abrira-sus-puertas-en-septiembre-de-este-ano-imagen,0
esajournals.org/hub,0
lohudfood.com/wine,0
bas.ac.uk/media-post/boaty-mcboatface-submersible-prepares-to-dive-into-the-abyss-on-first-antarctic-mission,0
shakhtar.com/ru/news/39185,0
laverdad.es/autor/paco-lastra-822.html,0
myswitzerland.com/en-us/suggestions/grand-tour-of-switzerland.html?nodeId=69133,0
mercerunion.org/archive95/348.html,0
mail.com/business/economy/5046496-paris-orly-airport-attacker-wanted-to-kill-die-all.html#.7518-stage-mostviewed1-2,0
jxrencai.com/gposinfo/freejobs/dwinfo.asp?dwrid=984bddca946b51cdfa04665e2f5e7c94,0
cnnturk.com/turkiye/millet-gerekirse-silah-diyene-haddini-bildirir,0
educationnews.org/tag/school-choice,0
ultimate-guitar.com/a/audioslave/audioslave_album_btab.htm,0
gezila.com/vr/news/detail/541.html,0
cang.com/myhome/AppCenter/Clause.aspx,0
thesixtyone.com/s/KzvXSyOXwj0,0
virginblue.com.au/au/en/experience/on-board-the-flight/voyeur,0
slate.fr/sagalovitsch,0
nytimes.com/2009/01/12/deaths-from-fire-decrease-in-city,0
universitybusiness.com/promediagrp-d.openx.net/w/1.0/rc?cs=46055401d8&cb=0.91938500.1490102473,0
go007.com/xingtai,0
zappos.com/zappos-rewards/?pf_rd_r=97A4EDDF9BA44E2AAC0D&pf_rd_p=d7dd6905-b2ef-4beb-a060-6999464b92ab,0
clauswilson.dk/joomla25/index.php/kor-claus/cantemus-koret-vejle,0
hinews.cn/system/2017/02/22/030989671.shtml,0
frys.com/category/Outpost/Cameras/Batteries+&+Chargers,0
hararonline.com/why-company-needs-a-csp,0
aspect.com/customers/customer-care-support-services,0
metal-archives.com/bands/Sun_Worship/3540341396,0
superuser.com/questions/tagged/mac,0
franklinandrewskramerandedelstein.com,0
jetsetter.ua/blogi/blog-kartyny/la-la-oscar-247.html,0
rakuten.de/quads-und-minibikes/?icid=DE_mkt:de:home_top_nav_1_autoundmotorrad_12_quadsminibikes,0
bike2workmalta.eu/tkhu/no-hp-cewek-bokingan-di-jakarta.html,0
unisg.ch/de/universitaet/arbeitenanderhsg/lebeninstgallen/kultur/sehenswuerdigkeiten,0
wichitahof.com/Baseball_Inductees_Bios.htm,0
nndb.com/lists/871/000071658,0
advanced.org/cba-education/webinars/pulled-based-approaches-increase-multi-product-holdings,0
toptal.com/designers/subtlepatterns,0
sheetmusicplus.com/genres/christian-sheet-music/700017,0
swiss.com/corporate/DE/karriere,0
smart60.ru/uploads/download/android/thumbs/1444830232_screen_20150326_0942.jpg,0
lme.com/en-gb/metals/reports/commitments-of-traders,0
ovh.es/events/tour,0
dlink.ru/ru/news/1/2204.html,0
gsa.gov/portal/content/105204,0
helmholtz.de/aktuell/presseinformationen,0
sccm.cn/department/index.asp?id=9,0
brigitte.de/rezepte/kochtipps,0
nintendo.co.uk/News/2017/March/Play-ARMS-and-Splatoon-2-at-Insomnia60--1205148.html,0
indiebound.org/book/9780143104933,0
spring.org.uk/2017/03/realisation-depression.php,0
thefashionspot.com/tag/how-to,0
lifehealthpro.com/markets/affluent,0
petitfute.com/fr-FR,0
unict.it/articoli/sepsi-la-sfida-di-melissa-mead,0
oko-planet.su/science/scienceday/362463-nachalos-izgotovlenie-kosmicheskogo-korablya-federaciya.html,0
appshopper.com/music/radio-classique-montreal-995-cjpx-fm-et-radio-classique-quebec-927-cjsq-fm,0
socialmediaexaminer.com/upcoming-events,0
realgm.com/nba/teams/Golden-State-Warriors/9/Schedule/2017,0
sdelanounas.ru/account/227961865_vkontakte,0
artlebedev.com/food/identities,0
last.fm/pl/login,0
torontodiamonddental.com/npogf/dowload-miktape-dugem-breakbut.html,0
brother.co.jp./news/2017/businessink/index.htm,0
huacolor.com/soft/143615.html,0
icaew.com/search/specialisation/forensic-accounting,0
echo-online.de/mediathek/videos/region/aewg-umzug-am-26-februar-in-wixhausen_a0bd0abf-ff03-4e9e-b3da-881f88d7c707.htm,0
instagram.com/dolinskayadiana,0
themotorreport.com.au/review/haval,0
cdiscount.com/electromenager/aspirateurs-nettoyeurs/v-11014-11014.html#cm_sp=PA:V:aspi:011016,0
wikipedia.org/wiki/Category:Populated_places_by_country,0
youth.cn/zkxx/201703/t20170314_9286982.htm,0
hazblog.com/es/directorio/sociedad-1.htm,0
sescsp.org.br/aulas/116589_EXPERIENCIAS+CENICAS+NA+CONSTRUCAO+DE+UM+ATOESPETACULO,0
doublesixtravellers.com/qcpuj/new-bhojpure-song-r-djmp3-song.html,0
iheart.com/onair/manny-on-the-streets-4250,0
ex.lv/counter-strike-serveru-adreses,0
issuu.com/lifemediagroup/docs/your_pet_magazine_i1_2016,0
xpn.org/2011/11/this-weekends-concert-picks-mister-heavenly-at-first-unitarian-church-noah-and-the-whale-at-tla,0
daimler.com/career/thats-us/daimler-as-an-employer/balancing-a-career-and-a-family,0
hachettebookgroup.biz/librarians-educators,0
waset.org/topic/Economics-and-Management-Engineering/2017/07/singapore,0
5173.com/browse/buy.aspx?tg=J,0
k618.cn/t/201703/t20170321_10688411.html,0
chaskor.ru/article/ostorozhno_samostoyatelnoe_bessoznatelnoe_41402,0
twitter.com/share/?url=http%3A%2F%2Ftelecoms.com%2F&text=...&title=Building+edge+to+cloud+IoT+solutions+with+Red+Hat,0
startribune.com/blogs/Paul_Douglas_on_Weather,0
slh.com/destinations/africa/mozambique,0
ixbt.com/home/philips-ac3256.shtml,0
regeringen.se/pressmeddelanden/2017/03/inbjudan-till-videopresstraff-ardalan-shekarbi-tar-emot-statens-servicecenters-rapport-om-sammanhallen-statlig-serviceorganisation,0
washingtonpost.com/news/answer-sheet/wp/2017/03/15/mass-incarceration-of-african-americans-affects-the-racial-achievement-gap-report/?utm_term=.53fb1681bd1a,0
leboncoin.fr/www.leboncoin.fr/transport_manutention/offres,0
artofliving.org/us-en/node/8775,0
que.es/moda,0
filecraft.com/?q=green+akizora+no+screen,0
standaard.be/plus/tag/de-beste-boeken,0
migros.ch/de/cumulus/cumulusextra/schweizer-jugendherbergen.html,0
slideshare.net/sidleecom,0
hsbc.com.hk/personal/insurance/health-insurance.html?component=sticky_Toggle&value=filter2,0
hobbycraft.co.uk/art-supplies/drawing/pastels,0
onlinedown.net/zt/2525,0
bikeportland.org/2017/03/16/weekend-event-guide-bike-club-birthday-donuts-sandwiches-coffee-and-more-221718#comments,0
classifieds1000.com/Czech_Republic,0
lovefilm.com/gp/product/B01NCOCYXZ/ref=s9_hps_bw_g475_i4_r_u_l,0
celebritynetworth.com/about-us,0
tim.it/prodotti/tablet-e-computer,0
6.cn/v.6.cn/730144,0
myspace.com/johnbotts,0
amara.com/shop/luxury-gifts/filter/price/1000-1500,0
qq.com/a/20170214/025380.htm,0
opera-club.net/release.asp?rel=377,0
marchofdimes.com/complications/preterm-labor-and-premature-birth.aspx,0
bellaonline.com/Channel/c18.asp,0
yes24.com/Ticket/Ticket_Movie.aspx?m_id=M000061923,0
bjcjkj.cn/offer/547070521029.html,0
woshipm.com/question/detail/omkf.html,0
secunia.com/advisories/49290,0
tmcnet.com/tmc/videos,0
snob.ru/selected/entry/121749,0
moikrug.ru/companies/studworkorg,0
trenitalia.com/tcom/Offerte-e-servizi/Nuovo-servizio-Qurami,0
mmaindc.com/mixed-martial-arts-news,0
smartpassiveincome.com/podcasts,0
thezeitgeistmovement.com/apfelstrudel/commentary-peter-josephs-model-economic-calculation-rbe,0
bebesymas.com/autor/eva-paris,0
heatst.com/entertainment,0
dresden.de/de/rathaus/aktuelles/pressemitteilungen/2017/03/pm_060.php,0
statesman.com/statesman.com/business/just-five-austinites-make-forbes-billionaires-list/NX3DVpK682jBnFgBjKSN2O,0
joshinweb.jp/toy/3072.html,0
delfi.lt/lmz,0
stamfordadvocate.com/news/article/Ban-on-Irish-butter-sparks-fight-in-butter-loving-11009472.php,0
legacy.com/obituaries/york/obituary.aspx?n=gregory-l-riedel&pid=120226785,0
ebgames.com.au/any/tickets/any/any/any?availability=onlinestock,0
brainerddispatch.com/basic-page/4084057-level-3-predatory-offender-search-minnesota-department-corrections,0
alexa.com/siteinfo/lerablog.org,0
wreg.com/2017/03/17/woman-shot-by-shelby-county-deputy,0
qz.gov.cn/art/2017/3/9/art_179_649761.html,0
twitter.com/nationalpr,0
unaids.org/en/goals,0
800wesleys.com/flowers.Shaker_Heights.OH.html,0
sourceforge.jp/softwaremap/trove_list.php?form_cat=634,0
pcconnection.com/category/large-format-printers/101600,0
wiwo.de/politik/ausland/tv-debatte-in-frankreich-macron-und-le-pen-auf-konfrontationskurs/19546372.html,0
stopthedrugwar.org/topics/drug_war_issues/specific_drugs/alcohol,0
netteams/list_by_league/212/NASCAR_Xfinity_Series/NASCAR_Xfinity/logos,0
euro-football.ru/article/35/1003689845_pike_s_shakiroy_ne_priglashenyi_na_svadbu_messi,0
mec.es/educacion-mecd/mc/convivencia-escolar/plan-convivencia/lineas-maestras-actuacion/prevencion-y-control/acoso-escolar.html,0
vu.nl/nl/opleidingen/onderwijskwaliteit/index.aspx,0
arkansas.com/outdoors/birding/wildlife/bear,0
cff.org/Care/Clinical-Care-Guidelines/Respiratory-Clinical-Care-Guidelines/Pneumothorax-and-Hemoptysis-Clinical-Care-Guidelines,0
oneonta.edu/farberas/arth/arth214_folder/jeanne_d_evreux.html,0
c-c.com/c4924,0
primenet.com/direct-mail-2017-postal-rate-increase/#respond,0
wuhunews.cn/hdyg/2016-10-18/1069000.html,0
scribus.net/because-color-matters,0
google.com/+IataOrg/posts,0
sbb.ch/mobile/de/home/preview.html,0
thecelebritycafe.com/2017/03/kat-graham-debunks-claims-passed-pot-brownie,0
myitworks.com/shop/#skin,0
ubuntu-tw.org/modules/newbb/viewtopic.php?topic_id=106588&forum=22&post_id=356778#forumpost356778,0
freeones.com/html/v_links/Virginie_Caprice,0
usbr.gov/projects/index.php?id=577,0
metronews.ru/novosti/glavnoe/reviews/umer-amerikanskiy-milliarder-devid-rokfeller-1232611,0
go.com/blog/nflnation/category/_/name/kansas-city-chiefs,0
cnpension.net/rlzyks/2268.html,0
waset.org/topic/Industrial-and-Manufacturing-Engineering/2017/04/london,0
python.ca/community/merchandise,0
nphoto.net/news/2017-03/07/682f398ff0685d9b.shtml,0
radiobremen.de/gesellschaft/index.html,0
sxxw.net/licai/zixun,0
uschamberfoundation.org/topics/women,0
hi.is/adalvefur/namskeid_a_ensku,0
gulesider.no/kart.gulesider.no/veibeskrivelse,0
legendaclocks.com/index.php/all-models/swarovski-crystals-e-006-detail,0
quoteinvestigator.com/category/ada-leverson,0
enotes.com/topic/Amy_Fisher,0
pilotonline.com/guides/hurricane,0
unjs.com/youjiao/youeryuangongzuo,0
eastmoney.com/pub/web_app_dcsy_top1_01_01_01_1,0
lightthenight.org/someday-is-today/stories/jordyn,0
lmu.edu/about,0
irishexaminer.com/sport/other-sports/michael-conlan-justifies-hype-amid-pomp-445656.html,0
markshuttleworth.com/archives/date/2012/01,0
forever21.com/Product/Category.aspx?br=plus&category=backinstock-plus,0
nike.com/us/en_us/pw/girls-air-max-shoes/7pwZb8dZoi3,0
visit-x.net/CAMS/DE/Darsteller/1557646_BiggiBardot/shop.html?mode=2&track=FooSender,0
basspro.com/Home-Gifts-Outdoor-Cooking/Type-Fryers/_/N-1z0tf2lZ1z0v1v2?ddnv=FlyOCA_OutdC_Fry,0
marketingweek.com/2017/03/14/ivanka-brand-benefits-trump-presidency,0
amazonwebservices.com/waf/?hp=tile&so-exp=below,0
php100.com/sjhass/fhp4wjd6,0
searchairportparking.com/2011/02/sky-harbor-simplifies-bus-routes-for.html,0
ualberta.ca/international-student-services/money-insurance-permits-guide/working,0
govyi.com/fanwen/jiaoshipingyu,0
wikia.com/wiki/Sergio_Momesso,0
republika.co.id/berita/jurnalisme-warga/kabar/17/03/20/on3t8w396-parpolisasi-dpd-ri-implikasinya-terhadap-pemerintah-daerah,0
opsteel.cn/opsteel/membersite/supply.jsp?companyid=13010080,0
ihned.cz/zena.centrum.cz,0
slbenfica.pt/pt-pt/home/btv/btvonline.aspx,0
bmo.com/home/about/banking/privacy-security/how-we-protect-you,0
hsbkj.cn/html/6096.html,0
howcast.com/privacy-policy,0
travelportland.com/article/spring-visual-arts,0
gtimg.com/auto/pics/hv1/135/60/2136/138908835.jpg,0
signspotting.com/wp-content/doctor.php?usps=generic-levitra-for-sale&mg=3,0
mddionline.com/blog/devicetalk/adapting-medtech-infrastructure-rd-innovation-03-13-17,0
wbtw.com/page/2400,0
stockstar.com/2326,0
vibe.com/2017/03/raheem-bakare-lucid-soul-dream-ep,0
gospelherald.com/articles/69544/20170206/my-children-are-being-tortured-jail-officer-releases-four-christians-after-jesus-visits-him-in-dream.htm,0
bestbuy.ca/en-CA/product/hewlett-packard-hp-15-ay138ca-15-6-touchscreen-laptop-silver-intel-core-i5-7200u-1tb-hdd-8gb-ram-windows-10-15-ay138ca/10573689.aspx?icmp=Homepage_SectionH_HPi5_4Across1_Laptops,0
rbbtoday.com/article/2017/03/20/150184.html,0
atmel.com/products/microcontrollers/default.aspx,0
trimet.org/club/index.htm,0
allianz.com/en/investor_relations/results-reports/interim-reports,0
xiangrikui.com/taolun,0
ahhr.com.cn../firm/company.aspx?comid=CA76487530#0,0
bmw.com.cn/zh/all-models/m-series/m6-coupe/2015/driver-assistance.html,0
leviton.com/www.leviton.com/en/products/network-solutions/copper-systems/gigamax-standard-system,0
facebook.com/OsteoDupont,0
cngold.org/company/2599/news/c942839.htm,0
covers.com/picks/league/ncaab,0
moemoe23.com/media/rokgallery/f/fdb68371-5a06-404d-d431-029eb013e25a/bbf43e69-1763-4ac0-ec25-d87fc7d4657d.png,0
mindmeister.com/mm/signup,0
kurier.at/film-at/filmkritiken/neruda-kritik-dichter-auf-der-flucht/251.857.861,0
sport-express.ru/formula1/gp-russia,0
unilever.com/brands/our-brands/sunsilk.html,0
dvdtalk.ru/text/15411-opisanie-seriala-dar-bozhiy.html,0
apple.com.cn/cn/shop/goto/account,0
livinglegends.org.au,0
cognitoforms.com/supportrequest,0
yjcp.com/ssq/b/cont_33026.shtml,0
marketingland.com/author/len-shneyder,0
i.ua/click/3866361/272713237/2,0
topmba.com/blog/time-management-strategies-gmat,0
xiazaiba.com/downlist/235.html,0
theprovince.com/category/sports/rugby,0
cbs8.com/story/34957752/trump-winery-in-virginia-seeks-more-foreign-workers,0
carjob.com.cn/public/J3502,0
peoples.ru/sport/football/umar_karsanov,0
tvp.info/29576449/orly-2017-rozdane-wolyn-najlepszym-filmem,0
360doc.com/content/17/0312/00/39059824_636323598.shtml,0
hx2car.com/brand/10025000,0
gazeta.pl/Pogoda/Polska/Warszawa/dzisiaj/48_1000010#TRPog,0
skidmore.edu/mastercalendar,0
manta.com/c/mtv9ft2/stoneriver-inc,0
njggw.org/plus/list.php?tid=154,0
eastmoney.com/zjlx,0
ec21.com/optimg/GERI_Brochure.pdf,0
marieclaire.com/www.twitter.com/share?url=http:/www.marieclaire.com/fashion/news/g4529/swimsuits-for-every-body-concern/&text=12%20Swimsuits%20for%20Every%20Body%20Concern%20%28Though%20You%27ve%20Really%20Got%20Nothing%20to%20Worry%20About%29&via=MarieClaire,0
westga.edu/administration/university-advancement/ucm/creative-services.php,0
mesothelioma.com/veterans/navy,0
isa-arbor.com/publicOutreach/whyHireCertifiedArborist/index.aspx,0
insidecounsel.com/author/michael-meehan,0
infoworld.com/reviews,0
php100.com/sjhass/kbw3ntrq,0
centredaily.com/opinion/letters-to-the-editor/article139765103.html#storylink=latest_side,0
zigbee.org/kws/public,0
heavy.com/news/2017/03/jon-ossoff-polls-georgia-sixth-district-special-election-karen-handel-tom-price-congressional/#respond,0
"mkvdic.com?""../photo/gnjy/201609/t20160921_674445.html""",0
estately.com/real-estate/CT,0
jyllands-posten.dk/sport/fodbold/superliga/lyngby,0
schneier.com/blog/archives/2017/03/france_abandons.html#comments,0
theadvocate.com/app/eedition,0
blogcritics.org/category/culture,0
delfi.lv/bizness/uznemumi/rigas-dome-cer-legalizet-kroplotu-konkurenci-pasazieru-parvadajumos-bridina-kp.d?id=48645539&com=1&reg=1,0
yaosai.com/prom/jiutm.html,0
nana10.co.il/Article/?ArticleID=1237648&sid=123,0
montrealgazette.com/tag/aislin-and-pascal-editorial-cartoons,0
51txcai.cc/game/5501.html,0
haiwainet.cn/233778/456774,0
umassmed.edu/registrar,0
finextra.com/community/help.aspx,0
dhnet.be/sports/tennis,0
pcauto.com.cn/sg232,0
materiel.net/consoles-et-jeux-video,0
football-fan-mania.com/html/body_san_diego_chargers_.html,0
puma.com/en_US/women/shoes,0
scotland.com/forums/history/26164-highland-songs-forty-five-john-lorne-campbell.html,0
autoevolution.com/auto-glossary/d.html#ge-differential,0
iranian.com/profile/login.php,0
ripoffreport.com/reports/barber-rv/ventura-california-93003/barber-rv-of-ventura-sells-bloody-travel-trailer-ventura-california-1362937,0
ebay.co.uk/rpp/crafts,0
bigbestmovie.com/roxanneblaze,0
yashihuisuo.com?zhuanti/20151009/1179,0
zappos.com/girls-pants/CKvXARDK1wHAAQPiAgMBGAI.zso?s=isNew/desc/productPopularity/asc,0
webmd.com/about-webmd-policies/default.htm?ss=ftr,0
telesurtv.net/pages/coberturasatelital.html,0
codingforums.com/computer-programming/383584-c-cross-database-search-detect-post1527874.html?s=9667eb973f2d84da6a6f78b925e3c5a7#post1527874,0
sz-online.de/ratgeber/raus-ins-freie-3640507.html,0
tariffamigliore.it/offerte/vodafone,0
ebooks.com/subjects/medicine,0
cheapassgamer.com/?f=2514,0
emusic.com/artist/Erik-Og-Kriss-MP3-Download/11809800.html,0
businesspundit.com/10-toxic-toys-that-kids-actually-played-with,0
beatport.com/artist/yuji-tanaka/585208,0
pf.gov.br/imprensa/assessoria,0
readymag.com/539064,0
hotukdeals.com/vouchers/very.co.uk,0
citygf.com./jdyw/201703/t20170321_72513.html,0
spoke.com/dir/p/marchand/marie,0
blm.gov/site-page/programs-wild-horse-and-burro-herd-management-herd-management-areas-nevada-wassuk-hma,0
hlgnet.com/ask/10688,0
pesn.com/2016/02/17/9602721_NiMH-Battery-Bounceback,0
forex.us/dom6786/wzt/mera-raska-qamar-tune-milai-nazar-mp3-download-djpunjab.html,0
hi.is/hjukrunarfraedideild/vidbotardiploma_i_kynfraedi,0
iatp.org/issue/energy,0
stzp.cn/job/2601751.html,0
pingshu8.com/MusicList/mmc_263_1314_1.htm,0
latribune.fr/economie/france/la-fortune-de-bernard-arnault-a-grimpe-de-22-en-un-an-666927.html,0
slashfilm.com/no-blood-guts-glory-director-cary-fukunaga,0
ncsl.org/research/health/population-groups.aspx,0
souq.com/ae-en/measuring-layout-tools/l,0
plataformaarquitectura.cl/cl/search/projects/categories/renovacion?ad_name=flyout&ad_medium=categories,0
linkedin.com/in/ajrobbins,0
1prime.ru/Products/PriceList.aspx,0
photofunia.com/categories/all_effects/tulips,0
eduacademics/library/welcome.php,0
movie-list.com/trailers/cureforwellness#superbowl2,0
lz13.cn/daxueshenglizhi/155198.html,0
suncountry.com/Book/Deals/Ufly-Rewards-Offers/Ufly-Rewards-points-redemption-offer.html,0
thermatru.com/products,0
arcelormittal.com/what-we-do/research-and-development/faqs,0
66wz.com/system/2017/03/21/104975574.shtml,0
plataformaarquitectura.cl/cl/search/projects/categories/vivienda-colectiva?ad_name=flyout&ad_medium=categories,0
szhome.com/house/5818.htm    ,0
techweb.com.cn/tele/2017-03-20/2502132.shtml,0
xcar.com.cn/2674,0
theoldergamers.com/members/stevick.html?s=b2b89491759418c856817af4057eee8f,0
qianyan001.com/201703/290723.html,0
distcache.org/buy/bosch-rexroth-indramat/tfm-series,0
tntmagazine.com/travel/uk-trip/musicport-festival-line-up,0
syrahost.com/about/data-centre,0
mariadb.org/about/statistics,0
sina.com.cn/feel/xinli/2017-03-19/0916/doc-ifycnpiu8941366.shtml,0
nongli.com/xz/tiancheng/19633.html,0
258.com/product/122380006,0
parkfamilyfun.pl/urodzinowe-zaproszenia,0
asco.org/practice-guidelines/quality-guidelines/quality-improvement-grant,0
apple.com/us/app/mytabnak/id1107378472?ls=1&mt=8,0
saarbruecker-zeitung.de/saarland/merzig-wadern/beckingen,0
360doc.com/content/17/0320/06/10101824_638349420.shtml,0
tsn.ca/curling/women-s-tour,0
wigsforwomenover50.us#/wigs/browse/celebrity-wigs.html,0
theatermania.com/videos,0
sputniknews.com/columnists/201703081051381072-korean-crisis-us-next-phase-pan-eurasian-containment,0
flickr.com/photos/steature/396250116,0
qq.com/zt2017/2017itlx/index.htm,0
metrowestdailynews.com/lifestyle/health,0
ubuntuguide.org/wiki/Ubuntu:Trusty_sr,0
zhiding.cn/2017/0308/3090441.shtml,0
blackamericaweb.com/category/news,0
linux-magazine.com/tags/view/administration/server,0
apple.co/us/shop/goto/account,0
wikia.com/wiki/Teletoon,0
guilinlife.com/bianming/?qid=266,0
azsos.gov/about-office/media-center/video-gallery/619,0
bdnews24.com/2017/03/20/modi-is-now-more-presidential-than-before,0
babycentre.co.uk/www.babycenter.com.my,0
asiatravel.com/PgLand.CMS.aspx?p=/en-us/packages/singapore/singapore/universal_studios_singapore.html?trck=gblhdr,0
hexun.com/adcenter/index.html,0
orgacefit/expert-insight,0
kcshs.org/schedule/subs/images/history/kcsevolv.htm,0
lostateminor.com/category/places,0
savvyreviews.club/npogf/susar-ka-mota-lund-chudai.html,0
list-manage.com/track/click?u=dcc788aa37238c2d145e7a5dc&id=581be869a9&e=f946d7e12d,0
facebook.com/bialywieprzchaosu,0
zhue.com.cn/guoneixinwen,0
netkatalog/go/science/referats,0
ifeng.com/a/20151231/18416_0.shtml,0
syr.edu/services/orange-network,0
themonthly.com.au/issue/2016/august/1469973600/hamish-mcdonald/bust-pilbara,0
thermoscientific.com/www.thermofisher.com/us/en/home/order/lab-reagents-chemicals.html,0
diabetes.org.uk/About_us/Legal-information,0
zakon.kz/www.zakon.kz/video/v/40461.html,0
essen-und-trinken.de/news/gesund-leben/weniger-plastik-im-alltag-1037594.html,0
zxxk.com/soft/6172451.html,0
weijiedu.com/html/news/zuixin/2016/409.html,0
wandafilm.com/baseInfo/film/filmIndex.do?m=film_info_init_next&filmId=20170208033402294902,0
broadcom.com/products/leds-and-displays/high-power-leds,0
nowtoronto.com/food-and-drink/food,0
newmatilda.com/category/editorial,0
aanda.org/articles/aa/ref/2016/10/aa25830-15/aa25830-15.html,0
dpreview.com/archive/2012/02,0
binghamton.edu/president,0
7digital.com/us.7digital.com,0
mdpi.com/marinedrugs/marinedrugs-15-00081/article_deploy/html/images/marinedrugs-15-00081-g001.png,0
ulster.ac.uk/research/work-with-us,0
sumdu.edu.ua/ukr/social/psychological.html,0
newswire.ca/fr/story/556107/closing-the-gilman-residence-in-montreal-an-absurd-decision-by-the-health-agency,0
esciencenews.com/articles/2016/09/12/chemistry.says.moon.proto.earths.mantle.relocated,0
youtube.com/user/Apec09,0
usbr.gov/projects/index.php?id=311,0
cctime.com/contact/contact90462.htm,0
aleteia.org/2017/03/14/dont-be-the-stereotypical-catholic-woman-be-yourself,0
dede/zielgruppennavigation/beschaeftigte/campus,0
disney.com/book/beauty-and-the-beast-lost-in-a-book,0
maigoo.com/maigoo/277j_index.html,0
souq.com/ae-en/michael-kors/casual---and---dress-shoes-481%7Csandals-479%7Cslippers-485/women/a-t-6356/s/?_=1484743668355&page=1,0
trendhunter.com/trends/hot-and-cold-coffee,0
thecanadianencyclopedia.com/index.cfm?PgNm=TCE&Params=U1ARTU0002906,0
heima.com/book/aiqinghunyin,0
bevnet.com/education/subscribe,0
mcgill.ca/medicine/admissions,0
mea.com.lb/english/Lebanon/Weather,0
trekbikes.com/us/en_US/equipment/cycling-components/c/E200,0
cnbamboo.com.cn/html/5854.html,0
feedbooks.com/item/371148/buy,0
bismarcktribune.com/ads/job/top_jobs/various-ramkota-hotel/ad_778ea480-0d75-11e7-b9b3-57fe9fbb0b67.html,0
ibishotel.com/identification/identify.action?search.destination=Amsterdam,0
dipity.com/timetube/YouTube_A_Tout_Le_Monde,0
tex-bezpeka.com.ua/index.php/shop-store/video-monitoring/videoregistratory/dvr-ae-8800-8e-detail,0
systemrequirementslab.com/cyri/requirements/resident-evil-6/11536,0
qi-che.com/qichedashi/13448.html,0
goodtoknow.co.uk/recipes/ham,0
aircraftspruce.com/categories/aircraft_parts/ap/menus/lg/specials/index.html,0
daciccool.ro/oameni/personalitati/5134-titus-konteschweller-un-roman-in-istoria-radioelectricitatii,0
fontys.nl/Professionals-en-werkgevers/Werkgevers/Opleidingen-op-maat.htm,0
51test.net/xiaoxueaoshu/wz,0
spreaker.com/user/cosmoradiotaurasi,0
mur.at,0
robrock.com/new-cd/reviews/index.html,0
nejm.org/doi/full/10.1056/NEJMp1613181,0
charitycommission.gov.uk/government/world,0
handelsblatt.com/video/panorama/suedsudan-flugzeug-verunglueckt-dutzende-verletzte/19546140.html?nlayer=Videos_12700518,0
rsi.ch/play/tv/programma/faceoff?id=8844385,0
sltct.com/browse/171,0
beyerdynamic.com/shop/mp/microphones/multimedia-applications.html,0
comsal-spring/2.10.0-m6/sal-spring,0
360.cn/index/checkwebsite/url/billedbutikken.dk,0
comhotel/00144/index.html,0
hurriyet.com.tr/kunye,0
pvda.nl/politici/europa,0
rcpsych.ac.uk/discoverpsychiatry/blogzone.aspx,0
blogdedag.nl,0
wptv.com/entertainment/right-this-minute,0
osdn.jp/softwaremap/trove_list.php?form_cat=757,0
thefilmwall.com/pride-prejudice-2005,0
mediapost.com/ommavrar,0
stirileprotv.ro/stiri/bizar/catre-ce-loc-bizar-te-directioneaza-aplicatia-siri-atunci-cand-cauti-cele-mai-apropiate-prostituate-in-canada-foto.html,0
uggbootscanada.ca/ugg-roxy-c-16_29/ugg-roxy-tall-5818-grey-boots-p-375.html,0
ukmailto:?subject=Check%20this%20out:%20What%20to%20eat%20to%20stave%20off%20dementia%20&body=http:/www.uk/healthy-eating/a27853/foods-that-prevent-dementia,0
suunto.com/Redirects/For-navigation/Software-updates/Suunto-Movescount-App,0
holycross.edu/blog/2015/10/22/blog-castillo-19-embraces-new-academic-opportunities-at-holy-cross,0
msoindustries.com/mso-seals/hydraulic-seals,0
gofindiran.com/index.php/features/key-features/module-position,0
coldwatercreek.com/DetailPU.aspx?version=OLPAdditionals&TTL=BBAJBB,0
linkedin.com/pub/dir/john/nova,0
ekikara.jp/newdata/state/linemap/39-1.htm,0
mhprofessional.com/mhp-computing/academic-computing/multimedia/multimedia-literacy,0
games2jolly.com/escape-games/wowescape-giant-panda-forest-escape,0
telestream.net/downloads/download-post-producer.asp?prodid=post-producer,0
govyi.com/wenzhang/jieri/chunjie,0
indiainfoline.com/user/login/twitter,0
insidehighered.com/newsletter/signup,0
skymall.com/collections/home-garden/home-&-garden>art-&-decor,0
21page.net/world_geography/world_unknow.html,0
lookooh.com/G/Ohio/Government+Offices-State.html,0
yes24.com/eWorld/EventWorld/Event?eventno=136833,0
com http:/www.com/zhongkao/yingyu/yingyucihui,0
sina.com.cn/service/2017-03-15/detail-ifychhus1422947.shtml,0
n4g.com/channel/uncharted-4-a-thiefs-end_ps4/userreview/517776,0
manta.com/c/mmd9j47/dr-douglas-e-duncan-md,0
netxingzhengfa/130621/08085763.html,0
thanko.jp/shopdetail/000000002751,0
findagrave.com/cgi-bin/fg.cgi?GRid=11300164&page=gr,0
frontgate.com/indoor-furniture/office-furniture/desks,0
php100.com/sjhass/r56ymm86,0
sina.com.cn/o/2017-03-20/doc-ifycnikk1316424.shtml,0
rusplt.ru/society/russkiy-karlos-shakal-29414.html,0
ancestry.com/~qchuntin/cemetery/hpc/hpc_b.htm,0
demilked.com/category/video,0
china.com/international/index.html,0
veryeast.cn/usershow/goto.asp?Aid=kbykby2016825165052,0
sdta.cn/dtss/haokeshandong/forward.jsp?forwardURL=a_knowsd.html,0
konami.com/amusement/paseli,0
samsclub.com/sams/gift-cards/10230141.cp?xid=hdr_shop3_jewelry-flowers-gifts_gift-cards_prepaid-gift-cards,0
quoteinvestigator.com/category/gerald-ford,0
ekiten.jp/documents/sitemap.html?fmthd=countrywide#category_gourmet,0
educationworld.com/a_tech/archives/planning.shtml,0
onlylady.com/yingyouermuyulu_index/p_9004_48_0_0_0_1.html,0
tweakers.net/nieuws/122511/bigben-interactive-brengt-flatout-4-uit-voor-xbox-one-en-playstation-4.html,0
tripod.com/site/filmreviews/vanityfair.html,0
xs8.cn/top/ticket.html,0
dealnews.com/High-Speed-Ferrari-Drive-in-California-from-89/1938527.html#post-comment,0
wiu.edu/board_of_trustees/regulations/index.php,0
yomiuri.co.jp/m-data/english/index.html,0
mybakingaddiction.com/pumpkin-maple-cupcakes,0
mentalhelp.net/articles/pain-management,0
fl-ag-online.com/roc/ad/AdministrativeFine.aspx?p=2,0
bladeandsoul.com/en/freetoplay,0
blogspot.com/2010/09/oakland-stompers.html,0
samsung.com/www.samsung.com/us/mobile/virtual-reality,0
hankyu-dept.co.jp/honten,0
fromthewilderness.com/free/ww3/103006_boston_oil_summary.shtml,0
bbc.co.uk/science_and_environment,0
canpages.ca/business/QC/montreal/dry-cleaners-and-laundries/4643-2663A0.html,0
myer.com.au/shop/mystore/electrical/dental-care,0
flickr.com/1071/4722333668_0e19ab60c0_z.jpg,0
aircus.com/template/modern/color/color10,0
foxsports.com/soccer/ligue-1,0
codinghorror.com/should-all-web-traffic-be-encrypted,0
equinix.com/resources/videos,0
sunjournal.com/news/lewiston-auburn-oxford-hills-river-valley-franklin-bethel/2017/03/20/welcome-dear-sweet-spring/2095109,0
godlikeproductions.com/search/uid,0
cncrk.com/downinfo/73249.html,0
wikipedia.org/wiki/Rob_Neyer,0
docin.com/buildingwechat/index.do?buildwechatId=4136,0
wordpress.org/theme/tribal.1.0.0.1.zip,0
twitter.com/i/streams/stream/788592976247218176,0
fabula.org/www.fabula.org/colloques,0
youtube.com/user/HomeDSGN,0
thewire.co.uk/audio/the-wire-tapper,0
33lc.com/article/85340.html,0
bimmerforums.com/forum/forumdisplay.php?257-Z-(Roadsters-amp-Coupes),0
ibis.com/gb/city/hotels-amsterdam-v0102.shtml,0
taixing.cn/html/news/taixing/2017/0321/88779.html,0
esomar.org/web/research_papers/book.php,0
blogspot.com/2010_04_01_archive.html,0
aad.org/advocacy/state-policy/advocate-of-the-year-award,0
curtin.edu.au/undergraduate/orientation,0
croonet.com/start/G_NjkxODgwMQ%3D%3D,0
microsoft.com/en-us/cloud-platform/windows-server-pricing,0
zmescience.com/comment-policy,0
csc86.com/zhilengcailiao,0
homes.co.jp/gifu,0
css-tricks.com/author/kngo,0
arkansasonline.com/adv,0
startupgrind.com/speak,0
w3school.com.cn/ado/ado_reference.asp,0
skalniaktomaka.pl/oferta/maszyny-ogrodnicze,0
ea3w.com/kitchen_ventilator/index392293.shtml,0
newlook.com/shop/mens/accessories/grooming/_/N-9kyZ10sq,0
pressandjournal.co.uk/pipe/1200165/holyroods-brexit-minister-found-out-about-article-50-date-through-bbc-report,0
sunshinesoldiers.nl/ulksg/contoh-soal-ujian-sekolah-sma-biologi-beserta-penjelasan.html,0
muji.com/jp,0
lazada.com.my/shop-remote-control-toys-and-play-vehicles,0
famousfootwear.com/en-US/Mens/_/_/_/Clearance/Products.aspx,0
idg.se/pcforalla.idg.se,0
diariodesevilla.es/sevilla/Sale-venta-edificio-Reja_0_1119488364.html,0
tonyawards.com/en_US/tonynight/index.html,0
sdjnnews.com/news/china/gnyx/3770.html,0
childrenshopeint.org/rogers.htm,0
pingshu8.com/MusicList/mmc_140_5610_1.htm,0
sovsport.ru/football/russia/pfl/east,0
hamilton.ca/parks-recreation/cemeteries/st-albans-cemetery,0
responsibletravel.com/copy/basecamp-explorer-coming-together,0
summitpost.org/phpBB3/viewtopic.php?t=81761,0
perfectmarket.co.za/kzn,0
classmates.com/directory/public/memberprofile/list.htm?regId=8674606637,0
mindtools.com/corporate/features.php,0
ualberta.ca/why-ualberta/international/go-abroad/events,0
oceaniafootball.com/ofc/News/ViewArticle/tabid/125/Article/ddb7f286-e608-4ae7-9f98-9026094eb1b0/language/en-US/Default.aspx,0
wholefoodsmarket.com/department/bakery,0
digitalspy.com/www.twitter.com/share?url=http:/www.digitalspy.com/tv/reality-tv/news/a823979/mary-berry-everyday-not-a-pie-kitchen-uniform-fake-outrage/&text=Mary%20Berry%20Everyday%20is%20causing%20even%20more%20%23controversy&via=DigitalSpy,0
huatu.com/zhaosheng/ty/gwybs.html,0
"011717.com?""../Teaching/jysx/201603/t20160328_656025.html""",0
news-press.com/story/news/crime/2017/03/20/details-shooting-sanibel-police-officer-released/99417680,0
mylife.com/c-292645416,0
iea.org/countries/membercountries/estonia,0
tradesy.com/shoes/subtype:formal/?tref=browse,0
linuxforums.org/forum/external.php?type=RSS2&forumids=31&s=1933295c048a64ce492c9729043f2dbd,0
masiglass.it/tipologie-di-vetro/vetri-speciali/vetri-laccati.html,0
thebody.com/content/art57068.html?ic=wnhp,0
premierleague.com/clubs/40/Reading/overview,0
abta.org/brain-tumor-information/tumor-grade,0
kavkaz-uzel.ru/articles/295766,0
equinix.com/locations/netherlands-colocation/netherlands-data-centers,0
zkm.de/institute-forschungsstellen/institut-fuer-musik-und-akustik/software/zirkonium,0
moviepilot.com/hashtags/FantasticBeasts,0
delta.com/content/www/en_US/traveling-with-us/special-travel-needs.html,0
omega.com/subsection/tube-fittings.html,0
teepublic.com/designs/1185374/unfeature,0
nfodb.com/section_5_pda_nfo.html,0
sonymobile.com/pt,0
vogue.co.jp/tag/celebrity/victoria-beckham,0
metoffice.gov.uk/events/tour-de-yorkshire,0
myspace.com/seagrammiller,0
bbt.com/lending/personal-loans/deposit-investment-secured-loan.page,0
absoluteastronomy.com/topics/Bell_Canada,0
onrpg.com/games/ultimate-chicken-horse,0
iie.org/en/Programs/Ford-IFP-Legacy/Alumni-Resources,0
sakhr.com/index.php/en/education-platform/case-studies,0
eveningtimes.co.uk/news/15168078.Big_Feed_returns_to_Govan_this_weekend_and_here_s_who_is_taking_part/?ref=mmpg,0
gazette.com/faa-debuts-new-messaging-system-at-nyc-airport/multimedia/video/5362354253001,0
eltiempo.com/vida/medio-ambiente/recompensa-por-informacion-que-ayude-a-capturar-a-asesinos-de-oso-andino-69528,0
ppic.org/main/support_detail.asp?i=1656,0
comnews/features/first-blush,0
ifmo.ru/ru/page/243/dopolnitelnoe_professionalnoe_obrazovanie.htm,0
virginia.org/hikinginVirginia,0
china.com/military/html/1_1.html,0
hardforum.com/threads/lockheed-martin-has-a-laser-for-the-army.1927650,0
enchantedlearning.com/explorers/space.shtml,0
mogujie.com/book/clothing/50243,0
business-standard.com/stocks/stock-quote-list/q,0
versii.com/news_politics/+1,0
gifbin.com/tag/owned,0
abc6.com/story/34956029/rhode-island-drops-12-million-plan-for-i-95-welcome-center,0
tradeindia.com/agriculture,0
lynda.com/GarageBand-training-tutorials/217-0.html,0
chicoer.com/general-news/20170320/tornadoes-a-possibility-tuesday-afternoon-in-valley,0
jualterpal.com/index.php/kantong-jenazah,0
osdn.jp/projects/pdfcreator,0
walesonline.co.uk/news/uk-news/parents-being-warned-dangers-big-12741977,0
diariodesevilla.es/jose_ignacio_rufino,0
maigoo.com/maigoo/1241sj_index.html,0
worldnetdaily.com/contact-wnd/?subject=tips,0
strategic-culture.org/tags/hsbc.html,0
dropbox.com/s/yvhdi9o2e8sofjj/140H.jpg?dl=1,0
nhl.com/ice/news.htm?id=500607,0
gemius.pl/lshitredir/id=.WbrqysHJBG.R3DICUNKbcbfHWvkmC9aX.tgRn4FMpn.J7/fastid=lwddsqxaazrxmcekdxqammrwielu/stparam=tldokplomr/url=www.cosmopolitan.lt/grozioiq/plaukai/siu-merginu-plaukai-nerealus.d?id=72371738,0
dzllzg.com/llrd/201703/t20170320_15669085.html,0
themanbookerprize.com/discover/podcasts,0
diamond-replays.com/bbw/1969/69predictions.html,0
dhamma.org/hi/index,0
surveymonkey.com/s/F5PPLRN,0
mcqyy.com/wenku/grjlbiaoge/28858.html,0
nnnews.net/house/201703/t20170317_1859835.html,0
designhotels.com/hotels/switzerland/gstaad/huus-gstaad?icid=160722_none_new-hotel_huus_img_New-Hotels_17_interior,0
cnrencai.com/sixianghuibao,0
ehaier.com/v5/images/yingyezhizhao.png,0
chinadaily.com.cn/business/2017-03/20/content_28614080.htm,0
tex-bezpeka.com.ua/index.php/shop-store/video-monitoring/videocamera/asd-10sa500-detail,0
martinguitar.com/about/privacy-policy,0
nbc29.com/category/196265/national-news-ap,0
signonsandiego.com/sports/columnists/bryce-miller/sd-sp-miller-aztecs-20170308-story.html#nt=barker&bn=Barker%2006%20-%20In%20Case%20You%20Missed%20It,0
52z.com/soft/101588.html,0
fia.com/regulation/category/743,0
playerhot.com/news/FIFA-17-free-kick-goals-of-the-week,0
thenorthface.net.co/north-face-3-in-1-jacket-c-4_8,0
rtl.be/info/magazine/index.htm,0
octupolephonon.ru/shop/10959,0
pny.com/mega-commercial/watch-2-win/quadro-for-vr,0
avaxhome.ws/music/rnb/macy_gray_the_very_best.html,0
poets.org/poetsorg/poems?field_poem_themes_tid=1181,0
epochtimes.com/gb/17/3/19/n8942379.htm,0
caadmissions/dates-deadlines,0
complugin-module-codegen-api/4.1/plugin-module-codegen-api,0
jb51.net/list/list_206_1.htm,0
oldversion.com/windows/express-webpictures,0
madamenoire.com/author/Victoria%20Uwumarogie,0
ntdtv.com/xtr/gb/articlelistbytag_%E6%9C%80%E4%BD%B3%E5%B7%A5%E4%BD%9C.html,0
jcu.edu.au/estate-directorate/campus-services/security,0
turkcebilgi.com/WVNY,0
12371.cn/2017/03/21/ARTI1490048245089205.shtml,0
gold678.com/C/20170319/201703191155282001.html,0
waset.org/topic/Geomatics-and-Civil-Engineering/2017/04/paris,0
ed.ac.uk/home/jhb/whisky/brands.html,0
php100.com/sjhass/u7dfxy82,0
realtytimes.com/advicefromtheexpert/item/49296-gagan-avencia-an-expansive-and-ecological-habitation-launched-in-a-most-sought-suburb?rtmpage=Akansha12,0
bannonmen.com/?cat=18,0
isixsigma.com/topic/looking-for-an-interactive-way-of-refreshing-waste-detection,0
docin.com/buildingwechat/index.do?buildwechatId=4141,0
auckland.ac.nz/en/about/research/re-research-units-institutes-and-centres.html,0
bls.gov/data/#historical-tables,0
iask.com/b/20297386.html,0
edfenergy.com/sme-business/tariffs/fixed-price-electricity,0
bandcamp.com,0
fco.gov.uk/government/organisations/foreign-commonwealth-office/about/our-energy-use,0
google.com/share?url=www.dailygalaxy.com/my_weblog/2017/03/source-of-colossal-black-holes-of-the-early-universe-discovered-a-cosmic-miracle-todays-most-popular.html,0
dziennikzachodni.pl/wiadomosci/ruda-slaska,0
peoples.ru/military/general/ludolf_august_bismarck/index.html,0
waset.org/topic/Pharmacological-and-Pharmaceutical-Sciences/2017/04/kyoto,0
peopleforbikes.org/blog/entry/peopleforbikes-seeks-marketing-manager,0
51sole.com/b2c/b2clist_522_2,0
oxfam.org.au/what-we-do/infrastructure-people-and-environment/save-the-mekong/strategic-environmental-assessment-outcomes-and-recommendation,0
citynews.ca/2017/03/20/toronto-father-calls-ban-caffeinated-energy-drinks,0
g4tv.com/games/ps3/62863/dust-514/news,0
breakingdefense.com/2017/03/is-small-beautiful-for-the-armys-next-generation-combat-vehicle,0
twitter.com/home?status=The%20Big%20Payback%3A%20Lincoln%20Dominates%20Jefferson%20for%20the%202017%20PSAL%20City%20Championship sb.gg/2BU8c via @SportsBlog,0
diy.com/departments/outdoor-garden/outdoor-lights/DIY581024.cat,0
swatch.com/en_my/?utm_source=swatch.com&utm_medium=fly-out%20link&utm_campaign=swatch.com,0
qdwenteng.com/content/?227.html,0
yaolan.com/index,0
vendeeglobe.org/fr/audios,0
parenting.com/toddler/feeding-nutrition,0
ohiomm.com/blogs/browns/2010/05/nfl-keeps-old-ot-rules-for-regular-season,0
worldstarhiphop.com/videos/video.php?v=wshhV9FJ2CVa0Q58dG2F,0
shadesofgreytattoo.com/about,0
php100.com/sjhass/hupt2t8p,0
patch.com/users/danlibon,0
fdlreporter.com/section/global/washington,0
certainteed.com/hvac-industrial-insulation/hvac-industrial-insulation-home-page,0
microsoft.com/en-us/sysinternals/bb896653,0
jeuxvideo.com/videos/gaming-live/626281/syberia-3-le-retour-d-un-grand-jeu-d-aventure.htm,0
thefiscaltimes.com/Authors/S/Ciro-Scotti,0
resolutionpictures.com,0
wfsb.com/category/214081/wfsb-radar,0
youtube.com/channel/UCmkR3-U_8pQDl3a30XrAYXQ?sub_confirmation=1,0
crunchbase.com/company/nstein-technologies,0
justhost.com/web-hosting/signup,0
abendblatt.de/fotogalerie,0
hotfrog.ca/Products/Serge,0
neten/service/rss.html,0
minicraftgamesonline.com/cat/0/all/newest-1,0
stevespanglerscience.com/diy-sci,0
google.com./collection/gbNJEB,0
unu.edu/admissions/faq,0
sourceforge.net/p/stellarium/news/2016/07/preparation-to-release-of-version-0150,0
ouhsc.edu/Contacts/adminstructure_OUHSC.aspx,0
netfor-education-partners/college-degree-certificate-programs/resources-for-registered-programs,0
wvscorerestore.com,0
comteck.com/~tdtw98a/ged/helphens/d0002/g0000184.htm,0
adobe.com/na/?promoid=VTC5K81V&mv=other,0
dhgate.com/sitemap/product-reviews.html,0
youtube.com/watch?v=08UnhDQ4mEs,0
fuqi28.com/spical/1.html,0
seo-mobi.net/hitoduma_deai,0
uol.ua/news.online.ua/771275/bitkoyny-v-ukraine,0
tovima.gr/feed/editors/?edid=6140,0
fact-index.com/p/ph/philosophy_1.html,0
macys.com/shop/junior-clothing/junior-tops/Top_style/Bodysuits?id=17043&cm_sp=us_hdr-_-juniors-_-bodysuits_COL2,0
londoneye.com/sign-up,0
rouding.com/diy/432081.html,0
wn.com/CHCH-TV,0
usarootsreggaedubexpo.com,0
authorsden.com/visit/author.asp?AuthorID=195018,0
one.com/de/support/guides-faq,0
defachabteilungen/abt7.html,0
comatlassian-gadgets-refimpl-dashboard-ui-plugin/1.1.5.2/atlassian-gadgets-refimpl-dashboard-ui-plugin,0
harrods.com/style-insider/fashion-shows?filterSeason=SS17,0
texnet.com.cn/product/tag--%E6%9C%8D%E8%A3%85%E8%BE%85%E6%96%99--1.html,0
whirlpool.net.au/forum/127,0
dothome.co.kr/my/service/domain/dns/index.php,0
streetsblog.org/2017/03/13/why-rauners-witholding-of-funding-for-bike-ped-bridges-totally-soccs,0
sandiego.gov/park-and-recreation/parks/regional,0
offthegridnews.com/alternative-health/7-things-your-doctors-not-telling-you-about-coconut-oil/#comments,0
fresheye.com/clip/1100003,0
portaldascuriosidades.com/forum/index.php?action=login,0
domain.com/blog,0
upsocl.com/wp-content/uploads/2017/03/poki-372x248.jpg,0
robwerx.com,0
pcconnection.com/category/memory-ram/203849,0
baseball-almanac.com/players/player.php?p=cannich01,0
hobbylobby.com/Floral-Wedding/Flower-Stems/c/4-120,0
filext.com/file-extension/TMP,0
aeroflot.com/www.aeroflot.ru/ru-en/offices/free_numbers,0
goodreads.com/genres/thriller,0
brownalley.com/events/medschool,0
famouswhy.com/kenny_price,0
iastate.edu/stories/2017/02/cyberspace,0
blastr.com/tags/fantastic-four,0
deathandtaxesmag.com/322818/shaquille-oneal-earth-is-flat-explanation-bonkers,0
sovsport.ru/others/lugesports,0
fleshbot.com/001797/lara-roxx-photos,0
kitchenaid.com/shop/major-appliances-1/disposers-and-compactors-3/102020299,0
com	http:/www.com/patrimoine/pratique/finances-personnelles/impots/17741/isf-2016-bareme-calcul-et-simulation.html,0
bjs.gov/help/index.cfm,0
yoast.com/hire-us,0
proxibid.com//videos,0
beihai.gov.cn/17266/index.htm,0
pearsonhighered.com/products-and-services/course-content-and-digital-resources/course-content/textbooks-and-etexts.html,0
blogspot.com,0
cnn1146290/n1146402/n1146445/c5536035/content.html,0
mopo.de/umland/nach-tankstellen-ueberfall-polizei-sucht-pistolen-raeuber-mit-der-markanten-nase-26228860,0
joomlathemes.co/demo3x/smartone,0
egmcartech.com/page/2,0
qihuiwang.com/product/q37948,0
cardomain.com/ride/3876294/2009-honda-accord,0
firstmall.kr/functions/design_1.php,0
commembers/arslan-ejaz.36908,0
hainan.gov.cn/hn/zt,0
258.com/product/1031837,0
edsanders.nl,0
afwing.com/e/tags/?tagname=%E8%88%AA%E6%AF%8D,0
tutsplus.com/tutorials/how-to-create-and-transform-kawaii-animals-in-adobe-illustrator--cms-27057,0
yakimaherald.com/news/business/in_basket,0
"011717.com?""../zyjy/zyjyxw/201609/t20160912_672633.html""",0
changsha.cn/h/409/20170321/500395.html,0
yahoo.co.jp/category/2498/998/recommend,0
archive.org/details/BeethovenSymphonyNo.5_331,0
rickbayless.com/about-rick-bayless/ricks-travel-guide,0
velonews.com/category/bikes-and-tech/technical-faq,0
chainreactioncycles.com/us/en/castelli-velocissimo-3-bibtight-aw16/rp-prod152694#bazaarvoice_reviews_tab,0
creativecommons.org/licenses/by/2.5/es/deed.es,0
falltvpreview.com/channel.php?id=199,0
surclaro.com/fs2002-airliner-aircraft-american_s8_30_dateD.html,0
rspb.org.uk/birds-and-wildlife/bird-and-wildlife-guides/bird-a-z,0
php100.com/sjhass/sscj5rkj,0
seclists.org/oss-sec/2017/q1/646,0
comatlassian-vcache-api/1.10.0/atlassian-vcache-api,0
westminsterkennelclub.org/contact,0
cn2che.com/html/2017/0310/104854.html,0
scoop.co.nz/stories/AK1703/S00413/watercare-crews-kept-busy-with-high-volume-of-overflows.htm,0
osgeo.org/Virtual_Terrain_Project,0
vpser.net/tag/%e9%a6%99%e6%b8%afcloudie%e6%9c%ba%e6%88%bf,0
hexun.com/2017-03-20/188548747.html,0
ambito.com/deportes/tenis/atp,0
911tabs.com/tabs/q/quo_vadis,0
acponline.org/acp-newsroom/impact-on-access-quality-and-cost-of-possible-proposed-changes-to-aca-offered-by-american-college-of,0
hnue.edu.vn/Tintuc-Sukien/Tintonghop/tabid/260/news/4987/HieutruongTruongDHSPHaNoiSuhockhongphailatrangsuc.aspx,0
circleid.com/members/3406,0
fondsk.ru/authors/petr-iskenderov-7.html,0
academic.ru/contents.nsf/stroitel,0
detsad67rgd.ru/index.php/2015-04-08-17-54-39/otchet-o-tselevom-ispolz-sredstv,0
720yun.com/t/189jO0unvm5,0
cfainstitute.org/ethics/conduct/sanctions/Pages/index.aspx,0
wreckedexotics.com/cat/vehicle-rare,0
bzwbk.pl/www.dmbzwbk.pl/aktywne-doradztwo-gieldowe/o-usludze/aktywne-doradztwo-gieldowe.html,0
beatport.com/artist/kant/305712,0
cartercenter.org/about/index.html,0
nh-hoteles.es/booking/lightbox?stateName=home,0
ometal.com/166277/Company,0
reactiongifs.com/tag/kid,0
facebook.com/pages/Jean-Marc-Genereux/110232569027777,0
rodale.com/customer-care/books-video,0
aug.com/captbarb/prisoners.html,0
blogmura.com/profile/00777283.html,0
bbj.hu/opinion,0
memri.org/reports/egyptian-officials-media-britain-waging-media-political-campaign-against-al-sisi-regime,0
drtuber.com/video/3413412/ravishing-sex-with-big-tits-japanese-hottie-hiromi,0
ato.gov.au/Business/Reports-and-returns/Taxable-payments-annual-report/TPAR---Reporting-government-grants-and-payments,0
onrpg.com/games/the-incredible-adventures-of-van-helsing,0
goodreads.com/author/quotes/209683.Cherie_Carter_Scott,0
notcot.org/page/58,0
dastelefonbuch.de/www.dastelefonbuch.de/Firmen/Daimler/Stuttgart,0
kqed.org/a/forum/R201111140900,0
jiali-med.com/a/gy/wh,0
cnes.fr/fr/web/CNES-fr/11522-travailler-au-cnes.php,0
answers.com/topic/pelton-wheel,0
guqu.net/guqinE/15723.html,0
amazon.fr/gp/seller-account/mm-landing.html?ie=UTF8&topic=200327870,0
huffingtonpost.com/entry/trump-us-mexico-border-wall-proposals_us_58cd9881e4b0ec9d29dc86a2?ylvpt5xir255j6ecdi&&utm_hp_ref=au-homepage,0
artxun.com/301008-zhaoyutong,0
pcmag.com/www.pcmag.com/review/352350/dell-xps-15-touch-2017,0
tradesy.com/accessories/louis-vuitton/?tref=browse_designers,0
sporcle.com/games/Spacemaniac/word-ladder-lbjs-wife,0
franceinfo.fr/monde/asie,0
github.com/Automattic/wp-super-cache/commit/b654bcf6d75655e386f22c2fcbad19272b0d75cd,0
pestana.com/pt/meetings,0
alhoush.com/en/item/1255,0
mixcloud.com/discover/instrumental,0
the36thavenue.com/home-decor-design-tips,0
indiainfoline.com/markets-company/stocks/S/1,0
ajc.com/news/technology,0
jamieoliver.com/recipes/pork-recipes/pancetta-hash-with-eggs-and-apple-salad,0
wfmz.com/business/national-and-world-business/cia-hacking-claims-how-worried-should-you-be/383654191,0
westga.edu/academics/cosm/cosm-governance.php,0
yonsei.ac.kr/main/main.asp,0
ihned.cz/internet/c1-65663590-google-nasel-zpusob-jak-zmensit-obrazky-o-35-procent-aniz-byste-si-vsimli-snizeni-kvality,0
pv-tech.org/technical-annuals/overview#subscription_options,0
manipulatinghand.ru/shop/11957,0
google.com/115302268041349057565/posts,0
pusha.se/kultur/1238_Malade_hander_ser_ut_som_djur,0
twitter.com/RonaldHeynes/status/841065193929080834,0
blogspot.com/2010/07/spain-football-team-starting-line-up-11.html,0
comatlassian-gadgets-api/3.1.18/atlassian-gadgets-api,0
net114.com/huodong/1564.html,0
rumormillnews.com/cgi-bin/forum.cgi?noframes;read=64696,0
comdummy-module3/2.14-SNAPSHOT/dummy-module3,0
iask.com/b/bd0fXXRnB.html,0
federalreserve.gov/apps/reportforms/categoryindex.aspx?+PhkJwiBjbA=,0
aoshu.com/aosai/hbs,0
kaoyan.com/beikao/jingyan/566a842e7ef04.html,0
saatchigallery.com/artists/made_incompany.htm?section_name=postpop,0
nihon-u.ac.jp/alumni/inquiries/alumni_form,0
chroniclelive.co.uk/news/north-east-news/parents-you-know-age-limits-12766577,0
secunia.com/secunia_research/2010-107,0
astro.com/astrology/in_info_e.htm,0
bizjournals.com/baltimore/print-edition/2011/06/24/citys-sun-life-building-faces.html,0
bestbuy.ca/en-CA/sc-42068/telescopes-binoculars-on-sale?icmp=Homepage_SectionF_save36telebinoc_4across16_EA_FY18_0317optics,0
ebay.com/itm/1966-Venezuelan-Topps-136-WOODY-HELD-Orioles-/220169997521,0
publicintelligence.net/dhs-christmas-market-attack,0
ukrtel.net/presscenter/actions?id=7073,0
comchina-and-dinnerware/woodhill,0
php100.com/sjhass/qj2rfx6n,0
sydneyarchives.info/sands-1880,0
zouzous.fr/heros/peppa-pig,0
ceweekly.cn/2017/0321/184834.shtml,0
facebook.com/pages/COO/106611716041179,0
globalsecurity.org/military/intro/animism.htm,0
iqilu.com/radio/main/tiyu.html,0
wikipedia.org/wiki/Power_Metal_(album),0
afdb.org/en/about-us/organisational-structure/board-of-directors,0
ekiten.jp/shop_2574586/?fmthd=topreview,0
7k7k.com/flash/98413.htm,0
meter.com/forums/dynaco,0
ihop.com/Menus/Main-Menu/Omelettes,0
redemptionvalue.ru/shop/1057280,0
canberra.edu.au/research/graduate-research,0
twitter.com/share?url=www.democracynow.org/2017/3/15/noam_chomsky_on_the_5_filters&text=Noam+Chomsky+on+the+5+Filters+of+the+Mass+Media+Machine&via=democracynow&lang=en,0
beatport.com/label/different/1265,0
liepin.com/jianzhusheji,0
sale9v.com/index.php/uk/30/log-out,0
3bmeteo.com/community/fotogallery/corso+vittorio/116021,0
qq.com/a/20170320/042005.htm#p=1,0
alfredapp.com/blog/fun-and-interesting/its-alfreds-7th-birthday,0
ladylovespinstripes.com/2011-mlb-team-preview-oakland-athletics,0
wired.it/play/cultura,0
utoronto.ca,0
oregon.gov/dpsst/FC/pages/firecertformfree.aspx,0
utm.edu/utm.edu/departments/housing,0
belvedere.at/bel_de/winterpalais/museumsshop,0
csuhayward.edu/directory/index.html,0
cnair.com/html/201304/303.htm,0
nzembassy.com/en/countries-and-regions/europe/lithuania/embassy-of-the-republic-of-lithuania,0
chinanews.com.cn/sh/2017/03-21/8178820.shtml,0
junkscience.com/2017/03/claim-global-warming-to-increase-number-of-diabetics/#comment-8317976315264120225,0
opednews.com/Events/Get-A-Hug-From-Ammachi-by-OpEdNews-America_America_Humanitarian_India-150703-922.html,0
jdzj.com/cp_vlist19/313.html,0
sega.jp/apps,0
archdaily.com/catalog/us/search/category/construction-materials-waterproofing-sealants-membranes?ad_name=flyout&ad_medium=categories,0
latribune.fr/dossier/economie/presidentielle-2017/presidentielle-2017-le-journal-de-campagne-607489.html,0
straight.com/news/883416/why-do-bc-liberals-and-bc-ndp-run-candidates-where-they-have-no-chance-winning,0
alice-tea.net/category/%e5%8f%b0%e5%8c%97%e5%a4%96%e9%80%81%e8%8c%b6%e8%8c%b6%e8%8e%8a%e5%85%a8%e5%a5%97-%e6%84%9b%e9%ba%97%e6%80%9d%e7%9a%84%e6%84%8f%e6%83%b3%e5%a4%a9%e5%9c%b0,0
cnx-software.com/page/30,0
urbandictionary.com/define.php?term=KAT-TUN,0
linkedin.com/pub/herine-dorion/13/955/10,0
soundtrackinfo.com,0
linfen.gov.cn/sub/article_13612.html,0
rucat/metalrok/index.html,0
plazoo.com/en/item/281476472642430.htm,0
ogilvy.com/News/Press-Releases/July-2011-Ogilvy-Entertainment-China-and-Lenovo-Bring-Autobot-to-Life-in-New-Transformers-Movie.aspx,0
pclady.com.cn/zxzq/xnph,0
chronicle.com/employer/alpha?cid=UCHESIDENAV2,0
thesundaytimes.co.uk/edition/the-game/lallana-says-sorry-over-woeful-miss-w8q6zmfcp,0
vitamix.com/Customer-Service/Contact-Us,0
specialized.com/us/en/men/bikes,0
nos.nl/teletekst/#704_01,0
elskledingverhuur.nl/riii/tu-chij-badi-h-mst-mst-song-downlode.html,0
wiley.com/cochranelibrary/search,0
wickes.co.uk/Products/Building-Materials/Roofing/c/1000181,0
thestarphoenix.com/category/technology/gaming,0
justia.com/juvenlie/ohio/perry-county,0
lead411.com/Jeff_Davis_472460.html,0
excite.com/content/home-security/local/arizona,0
hbu.edu.cn/xsdt/2724.jhtml,0
unigo.com/match/login?redirecturl=https%3a%2f%2funigo.com%2f,0
thefinancialbrand.com/directory/direct-marketing,0
twitter.com/#!/CBSphilly,0
adobe.co.jp/us,0
cnes.fr/fr/EUCLID/Fr/index.htm,0
banbijiang.com/plus/feedback.php?aid=128844,0
cphpost.dk/news/denmarks-international-community-left-in-shock-by-passing-of-irish-rover-landlord-jonno.html,0
sinetticawebtv.com/it/servizi.html,0
zhp.pl/temat/e-zhp,0
telefonica.com/web/shareholders-investors,0
pgp.com/content/symantec/english/en/about/newsroom,0
illinois.edu/blog/view/6367?ACTION=POST_LIST&queryCategory=367,0
sigmaessays.com/literature-review,0
220.ro/reclame,0
portafolio.co/opinion/hugo-ocampo,0
cheshi.com/newappdir/order.php?d=171576&prdid=32860&type=3&source_detail=0001700001,0
wweek.com/bar-guide-2016,0
hy-vee.com/helpful-ideas/default.aspx,0
lesoir.be/109511/sports/football/football-belge/division-1a/mouscron-peruwelz,0
mckinseyquarterly.com/business-functions/risk/our-insights/sustainable-compliance-seven-steps-toward-effectiveness-and-efficiency,0
c-c.com/c6469,0
jdvhotels.com/hotels/california/san-francisco-hotels/hotel-del-sol,0
flickr.com/photos/edfilmfest,0
tsu.ru/media/album/904,0
emmys.tv/academy/organization/peer-groups,0
cnet.com/user/login/?appId=376,0
3edu.net/xse,0
sheetmusicplus.com/ensembles/piano-quartet/500127,0
heidicohen.com/category/sales,0
gpc.edu/governance,0
queenmary.com/history/find-us-online/youtube,0
aircraftspruce.com/categories/building_materials/bm/menus/ha/index.html,0
emmys.com/node/273461,0
52tian.net/-------2015----,0
sacred-destinations.com/regions/europe,0
ali213.net/zt/planetfate,0
sina.com.cn/chn,0
bittorrent.com/topic/1444-file-wont-play,0
zefrank.com/stats_3/index.html,0
souq.com/ae-en/jeans/pants-477/women/a-t-6356/s/?fbs3_ae=yes&_=1479035873072&page=1,0
techrepublic.com/search/?a=tom+merritt,0
asicsamerica.com/us/en-us/womens-training-shoes/c/womens-training-shoes,0
totalbeauty.com/content/blog/nexcare-acne-absorbing-cover-170315,0
realgm.com/ncaa-dii/teams,0
independent.org/newsroom/experts.asp,0
nfldraftdog.com/nfl-team-columns/jacksonville-jaguars.html,0
corrieredellosport.it/volley,0
linuxtoday.com/infrastructure/pb-for-desktop-cross-platform-desktop-app-for-pushbullet-supports-android-notification-mirroring-on-linux-desktops-170316073526.html,0
laverdad.es/murcia/201703/20/parados-larga-duracion-podran-20170320203321.html,0
cninfo/1039/16045.htm,0
thehut.com/catalogue/gifts/gifts-by-recipient/gifts-for-him.list,0
uspreventiveservicestaskforce.org/Page/Name/accessibility,0
models.com/models.com/db/other,0
baronbarclay.com/category/bridge-column,0
maigoo.com/maigoo/658xxb_index.html,0
pkjgz.cn/zhibo/42-1.html,0
booktopia.com.au/only-caroline-baum/prod9781760293970.html,0
acus.org/yemen/transitions-in-focus-yemen,0
youtube.com/watch?v=713CEpKWsRg,0
interest.me/business/film/film.aspx,0
unisg.ch/de/universitaet/bibliothek/recherche/datenbanken/psychologie,0
191t.site/juqing/2016-8/1396.html,0
hsbkj.cn/html/6030.html,0
convio.net/site/Donation2?1721.donation=form1&df_id=1721,0
liuxue86.com/yanjianggao/fazhi,0
ecplaza.net/products/seesawtalk_4060299,0
alpari.ru/ru/trading/deposit_withdrawal/deposit/cyberplat,0
broadcastingcable.com/thewire/john-dale-iii-named-chairman-ceo-and-president-media-links/164205,0
metlife.com/about/corporate-responsibility,0
qingdaonews.com/auto/201703/lincoln,0
motownsports.com/forums/archive/index.php/t-22841-p-8.html,0
wikipedia.org/wiki/Daftar_ketua_menteri_India_saat_ini,0
chinasigns.cn/mall/guanggaohaocai-c192-1.html,0
evyy.net/c/249534/271177/4272?u=http%3A%2F%2Fcom%2Fevent%2F3A005190BBE03D20&SHAREDID=hou_HP,0
nordbayern.de/ort/gunzenhausen/dittenheim,0
nsella.ru/manufacturer/dr_kim/osvetiteli,0
about.me/ngirardin,0
informationweek.com/strategic-cio/it-strategy/beyond-wifi-building-better-enterprise-mobility/v/d-id/1326319,0
redstarbrampton.com/news/club-news,0
la-croix.com/Religion/Catholicisme/Pape/La-subtile-repentance-du-pape-pour-le-genocide-rwandais-2017-03-20-1200833348,0
airforce.mil.nz,0
infoq.com/profile/Yousef-Awad,0
tutorialspoint.com/mfc/index.htm,0
"hjqzs.com?""../crjy/crjyxw/201608/t20160818_669393.html""",0
ncdiy.com/NewsFile/html/Doc/News/20171/22/103727106526.shtml,0
newsobserver.com/news/local/#navlink=navbar,0
bose.com/en_us/products/speakers/portable_pa_speakers.html,0
liveresult.ru/football/Scotland/FA-Cup,0
montgomerycountymd.gov/311/AllservicesbyDept.aspx?deptName=DEP#EnvironmentalCodeEnforcement,0
epicor.com/company/contact.aspx,0
raresoulgrooves.com,0
e0575.cn/weibo,0
haberturk.com/spor/futbol/haber/1307395-uefa-kulupler-siralamasi,0
ssrc.org/print-and-digital,0
onlinebanglamedia.com/obm-blog/288-2015-04-22-19-12-01,0
umu.se/samverkan/samverkan-skola-universitet,0
nudefemalebodybuilder.org,0
livecareer.com/resume-samples/server-resumes,0
lincoln.ac.nz/footer/privacy,0
design-museum.de/de/vermittlung/vermittlung.html,0
unife.it/eventi/unife-eventi,0
pechakucha.org/users/lucas-bremond,0
paginegialle.it/www.paginegialle.it/guida-ristoranti/Torino,0
rts.rs/page/rts/ci/internet+portal.html,0
migros.ch/de/genossenschaften/migros-luzern/angebot/klubschule-bildung/best-burger.html,0
adac.de/infotestrat/fahrzeugkauf-und-verkauf/kfz-steuer,0
microsoft.com/Forums/en/exchangesvradmin/thread/861e7336-9e0a-4fed-ac12-961b9a4bfefe,0
customerservice-macys.com/app/answers/detail/a_id/39,0
plataformaarquitectura.cl/cl/search/projects/categories/sala-de-opera?ad_name=flyout&ad_medium=categories,0
dailymail.com/tvshowbiz/article-4326210/Angelina-Jolie-six-children-arrive-Los-Angeles.html,0
babynames.com/surveys,0
zeit.de/angebote/schule/index,0
emirates247.com/news/bill-gates-again-world-s-richest-man-trump-slips-2017-03-20-1.650006,0
filmaffinity.com/en/film252645.html,0
fagstein.com/2009/09/25/rue-frontenac-paper-edition,0
pursuitist.com/daily-dream-home-the-amber,0
dailyorange.com/2017/02/fathers-time-after-2-years-at-denver-brendan-bomberry-realized-he-had-to-be-closer-to-his-son,0
hexus.net/slc/2851/1,0
cnnews/2015-05/12/content_11485674.htm,0
pinterest.com/xingevents,0
esan.edu.pe/en-el-peru/chiclayo,0
ohloh.net/p/php,0
elfarmaceutico.es/index.php/merchandising,0
blogspot.com,0
bloodhoundrealty.com/Gilbert/communities/The_Villages_At_Layton_Lakes,0
appledaily.com.tw/realtimenews/article/recommend/20170321/1080681,0
thestate.com/sports/college/university-of-south-carolina/usc-mens-basketball/article139741243.html,0
robbreport.com/sponsor/sponsored-page?prx_t=pJQCArZwMAXekPA,0
job5156.com/ids_bus,0
idfa.nl/nl/info/pers,0
disneylandparisandyou.com/signup/index.php?market=intus&f=footer,0
babble.com/entertainment/this-is-us-stay-at-home-moms,0
snob.ru/selected/entry/121798,0
caracol.com.co/emisora/2017/03/20/monteria/1490043724_290440.html,0
diepresse.com/home/panorama/wien/5186438/Vertrauen-verloren_Wiener-KAVDirektor-Udo-Janssen-muss-gehen,0
uel.ac.uk/international/io,0
phpclasses.org/reviews,0
djournal.com/news/ground-broken-vietnam-wall-replica,0
krakow.pl/en/tpsp/historia,0
dogmavirtual.com/html/modules/wfdownloads,0
yahoo.com/brian-conway,0
scborromeo.org/ccc.htm,0
netlog.com/arma/?login=0&utm_campaign=netlogmerger&utm_medium=cpm&utm_source=netlog_en,0
wbslabs.com/npogf/aftar-nomor-angka-keluar.html,0
kindsnacks.com/blog/post/were-on-medium,0
quillandquire.com/reviews/review.cfm?review_id=1573,0
jinshuju.net/cases/commercial,0
kittyandthecanopeners.com,0
nung.edu.ua/gallery/%D0%B2%D1%80%D1%83%D1%87%D0%B5%D0%BD%D0%BD%D1%8F-%D0%B4%D0%B8%D0%BF%D0%BB%D0%BE%D0%BC%D1%96%D0%B2-%D0%BC%D0%B0%D0%B3%D1%96%D1%81%D1%82%D1%80%D0%B0-%D1%81%D1%82%D1%83%D0%B4%D0%B5%D0%BD%D1%82%D0%B0%D0%BC-%D1%96%D0%BD%D0%B6%D0%B5%D0%BD%D0%B5%D1%80%D0%BD%D0%BE-%D0%B5%D0%BA%D0%BE%D0%BB%D0%BE%D0%B3%D1%96%D1%87%D0%BD%D0%BE%D0%B3%D0%BE-%D1%96%D0%BD%D1%81%D1%82%D0%B8%D1%82%D1%83%D1%82%D1%83,0
swisscom.ch/de/privatkunden/mobile/auslandtarife.html,0
deere.com/en_US/industry/rental_sales/rental_sales.page?,0
gomelcity.by/index.php/component/users/?view=registration,0
hc360.com/zt/ltjj999/index.shtml,0
blisstree.com/2015/08/03/mental-health-well-being/popular-teenagers-face-problems-later,0
royalgazette.com/opinion/article/20170316/no-epidural-can-ease-pain-of-diminished-womens-rights,0
elnortedecastilla.es/sociedad/educacion,0
zf.com../career/good_reasons_for_zf/leading_in_innovations/Chancen_und_Wachstum.html,0
strojkamira.ru/tag/kak,0
cbinsights.com/cdn-cgi/l/email-protection#4d24232b220d2e2f24233e242a25393e632e2220,0
tutorialonline.biz/portal/language-pl/search_G,0
usnetads.com/category/0716-Shopping-Wholesale.html,0
panorama.it/panorama-tv/news-video/slavina-dentro-hotel-rigopiano-video,0
amschool.ae/images/pdf/Assessment-Exams.pdf,0
sina.com.cn/l/kaijiang,0
mademan.com/style/body-modification,0
csoonline.com/article/3177306/it-careers/fortinet-hires-nsa-veteran-as-companys-first-ciso.html,0
jxrencai.com/gposinfo/freejobs/dwinfo.asp?dwrid=94df8437860fa80c7028b38e9d500778,0
wn.com/2000_Canadian_Grand_Prix,0
nationmaster.com/n,0
westga.edu/administration/president/iea/index.php,0
thestar.com/news/canada/politics/article/1067979--three-criminal-charges-for-tony-tomassi-ex-member-of-charest-cabinet-in-quebec,0
architectsjournal.co.uk/buildings/aj-small-projects,0
rumormillnews.com/cgi-bin/forum.cgi?noframes;read=60097,0
southwestern.edu/athletics,0
qdmm.com/MMWeb/MMPublish.aspx,0
drtuber.com/video/3414493/butt-fucked-teen-facial,0
adnkronos.com/multimedia/salus-tv,0
51sole.com/b2c/list_6350_3,0
all-free-download.com/free-photos/fruit.html,0
52pk.com/shtml/20170320/6951794.shtml,0
sca.com/en/Sustainability/Sustainability-data,0
manta.com/c/mmchsr2/gen-s-hallmark,0
beverlyhills.org/living/utilities/waterservices/hydrantflushingprogram2014,0
loyalkng.com/2010/11/13/batman-actor-comparison-featuring-lewis-wilson-robert-lowery-adam-west-michael-keaton-kevin-conroy-val-kilmer-geroge-clooney-bruce-thomas-christian-bale,0
novayagazeta.ru/articles/2017/03/14/71781-byudzhetnyy-komiks,0
boats.com/nada-guides,0
google.com/share?url=www.perfil.comnoticias.perfil.com/2017/03/20/por-que-el-negro-oro-no-pudo-con-la-presion-de-ser-el-numero-uno,0
baseball-reference.com/players/w/wardpe01.shtml,0
lansingstatejournal.com/news/communities-dewitt-bath,0
education-portal.com/pages/Career_Field_and_Degree_Program_Videos.html,0
maxon.net/en/products/workflow-integration/environment,0
fallingrain.com/world/HR/12/Severin_na_Kupi.html,0
slowfood.com/nazioni-condotte/iran,0
m-audio.com/company/privacy_policy,0
liberoquotidiano.it/video/sport/12334476/mario-balotelli-sostituito-fischiato-piange-nizza-nantes.html,0
borsaitaliana.it/notizie/borsainforma/borsa-informa.htm,0
texnet.com.cn/product/tag--%E9%87%91%E9%93%B6%E4%B8%9D--1.html,0
lancome-usa.com/fragrance/collection/tresor,0
bestmebel39.ru/katalog-mebeli/kukhni.html,0
drivehq.com/about/testimonials.aspx,0
radiationestimator.ru/categorys/14,0
sans.org/about/why-sans,0
fec.gov/general/whatsnew.shtml,0
southcn.com/content/2017-03/20/content_167285032.htm,0
linear.com/products/micropower_comparators,0
hola.com/horoscopo/horoscopo-chino,0
photographylife.com/author/alphawhiskeyphotography,0
ancestry.com/cgi-bin/igm.cgi?op=DESC&db=lareau-20&id=I346829,0
yelp.com/biz/venus-de-milo-savannah,0
banki.ru/news/pressreleases/?id=9614040,0
inxpo.com/www.inxpo.com/why-inxpo,0
bbelements.com/please/redirect/19955/1/1/2,0
rickbayless.com/restaurants/tortas-frontera,0
laverdad.es/evento/capablanca-555530.html,0
netkatalog/go/interactive/social,0
washingtonpost.com/www.washingtonpost.com/comics,0
dinodirect.com/ipod-accessories-37261,0
compagniailcappellaiomatto.it/comments/feed,0
neutrogena.com/category/anti-aging/retinol+technology.do?nType=1,0
gapinc.com/content/gapinc/html/sustainability/highlights_redirect.html,0
rockpapershotgun.com/2017/03/20/egx-rezzed-paradox,0
facecool.com/profile/Calisjoy,0
jde.ru/company/news/read1084.html,0
gasbuddy.com/GasPrices/Alabama,0
zgxqds.com/blog/article.asp?id=47930,0
facebook.com/dialog/share?app_id=132746074315&display=popup&href=https%3A%2F%2Fengadget.com%2F2017%2F03%2F19%2Fkerbal-space-program-expansion%2F,0
visma.com/about-visma/organisation/board-and-owners,0
o2.co.uk/shop/services/mobile-insurance,0
dailymail.co.uk/tvshowbiz/article-4325896/Bikini-clad-Brandi-Glanville-celebrates-boyfriend-birthday.html,0
qdtek.vn/299/c-san-pham/enh700ext,0
cddgg.net/category/391,0
copart.com./locationsList/?region=ASIA,0
ybzhan.cn/service/Service3.html,0
siliconinvestor.com/siliconinvestor/quote?Symbol=FLY.V,0
cjn.cn/rd/201703/t2979509.htm,0
aha.org/research/cor/index.shtml,0
psychcentral.com/anger,0
replays.net/ka/139197.html,0
mlblogs.com/2011/10/31/the-week-in-rattlers-alumni,0
cyfunmedia.com/Contact/tabid/86/Default.aspx,0
forumotion.net/tag/members,0
pbteen.com/shop/gifts/?cm_ven=CrossBrandReferral&cm_cat=PB&cm_pla=Shop&cm_ite=Gifts,0
satom.ru/t/rezina-i-plastik-3921,0
fblife.com/html/20170310/182738.html,0
politico.com/tipsheets/morning-cybersecurity,0
politicalgraveyard.com/bio/leonardo-lessler.html,0
wan-ifra.org/node/1190,0
comstyle/2017/03/demi-lovato-elizabeth-olsen-first-day-of-spring,0
wrightslaw.com/info/add.index.htm,0
ems.com/activities/skiing/ski-tuning-gear,0
helpforheroes.org.uk/see-the-difference/stories/jon-le-galloudec,0
twitter.com//search?q=%23Arizona,0
nintendo.com/whatsnew/detail/VO6ZiJodQYBX9FYnDKpqSLRZWi-nWEi0,0
abundanthope.net/pages/johan/ALL-CYCLES-MUST-PROCEED-GLORIOUS-TIMES-AHEAD-INDEED-YOUR-FREEDOM-AWAITS-YOU.shtml,0
domino.com/about-us/privacy,0
restorationhardware.com/catalog/category/collections.jsp?cellBackground=false&parentCatId=cat3870153&topCatId=cat1535014&categoryId=cat3330032&sale=false,0
oh100.com/a/201612/481448949389.html,0
abc2news.com/business/consumer/get-a-free-italian-ice-to-ring-in-spring,0
etsu.edu/news/2017/03-mar/pictures/bucappellaNR.aspx,0
diariodeleon.es/noticias/bierzo/casas-nunca-acabar_1146450.html,0
facebook.com/people/Kimberly-Lynn/100001963902968,0
netbsd.org/www.pkgsrc.se,0
cowbird.com/jess,0
360doc.com/content/17/0315/00/2369606_636984725.shtml,0
blubrry.com/meduspod/p/meduspod.com/wp-content/uploads/2016/08/MedusPod_Interviews_-_Episode_001.mp3,0
ifmo.ru/ru/catalog,0
swtor.com/info/friends,0
flickr.com/photos/mdedu/5811855023,0
hljtv.com/zhuanji/2015_fhyxz,0
iask.com/user/pcsee/51ab5767e4b0274d05e4ca81-IA-1.html,0
siliconrepublic.com/enterprise/silicon-valley-google-server-demands,0
lazada.com.ph/shop-fishing,0
chinapp.com/pinpai/149099,0
send2press.com/newswire/2011-04-0415-002-Millennium.shtml,0
baseball-reference.com/bullpen/Oakland%20Oaks,0
conrad.de/de/service/contact.html?WT.ac=homepage_footer_kontakt,0
fnac.com/Journee-du-sommeil-les-meilleurs-livres-pour-s-endormir/cp34332/w-4,0
dinodirect.com/winnie-the-pooh,0
calvinklein.us/en/sale-womens-new-markdowns-fs,0
digitalcommerce360.com/type/industry-resources,0
tempo.co/read/news/2017/03/21/063857928/saat-nama-syahrini-fadly-zon-fahri-hamzah-muncul-di-pengadilan,0
icebreaker.com/en/best-sellers?prefn1=gender&prefv1=Mens,0
concordia.ca,0
utah.gov/visiting,0
mashreghnews.ir/news/703164/%D8%B8%D8%B1%D9%81-%DB%B1%DB%B0-%D8%B3%D8%A7%D9%84-%D8%A2%DB%8C%D9%86%D8%AF%D9%87-%D8%A8%D8%A7%DB%8C%D8%AF-%DB%B1%DB%B5-%D9%85%DB%8C%D9%84%DB%8C%D9%88%D9%86-%D8%B4%D8%BA%D9%84-%D8%A7%DB%8C%D8%AC%D8%A7%D8%AF-%D8%B4%D9%88%D8%AF,0
hx2car.com/car/verify/t115jyckbmgesl100000&pid=115,0
linkedin.com/pub/paul-miller/19/220/5A8,0
yjbys.com/about/letter.html,0
51fund.com/etrading/local.jsp,0
netapp.com/us/services-support/services/personalized-services.aspx,0
lodgecheck.com/property/prince-princess-lodgeunn,0
dhl.com/en/express/import_services/import_time_definite.html,0
macsales.com/shop/audio/microphones,0
famu.edu,0
gamesradar.com/mass-effect-andromeda-review,0
slb.com/services/additional/geothermal,0
models.com/agencies/Modeling,0
pcbaby.com.cn/qzbd/1026462.html,0
garganuj.com/smztk/ramon-koplo-new-palapa-versi-pop.html,0
lightinthebox.com/c/mens-activewear-separate_18809?prm=1.1.c71.0,0
artinstitutes.edu/academics/culinary/culinary-management-degree-programs,0
lvping.com/dest/hangzhou17,0
archive.org/*/loadedcocks.net,0
metlife.com/business-and-brokers/broker-resources,0
hlgnet.com/found/554241,0
uverse.com/watch/c___N_xAZmpO9Kxp?yptr=yahoo&ref=yfp,0
oas.org/en/topics/governance.asp,0
art.com/gallery/id--r729278/garage-art.htm,0
php100.com/sjhass/5x7geee7,0
3edu.net/ls7/Ji_799905.html,0
towson.edu/cla/departments/polisci/undergrad/lawamciv/index.html,0
yesstyle.com/en/women-swimwear/list.html/bcc.14100_bpt.46,0
challenges.fr/galeries-photos/emploi,0
asiasociety.org/policy-institute/commentary,0
uab.cat/web/estudiants-1345469070969.html,0
asredas.com/?tag=lanny+barby+bu,0
r7.com/famosos-e-tv/atriz-barbara-reis-conta-como-perdeu-13-kg-em-dois-meses-e-muito-mais-facil-quando-voce-tem-um-foco-20032017,0
dickblick.com/cart,0
youtube.com/watch?v=K3auTBNbibk,0
restorationhardware.com/customer-service/frequently-asked-questions.jsp,0
mineralarea.edu/athletics/mensBasketball.aspx,0
jdzj.com/cp_vlist10/131.html,0
bn.com/b/bargain-books/_/N-8qb,0
femmeactuelle.fr/cuisine/recettes-de-cuisine,0
americansouthwest.net/arizona/saguaro/national_park.html,0
zzhlgyl.com/a/changlian,0
storeboard.com/websites/network/us/newyork/newyork,0
phonearena.com/phones/manufacturers/BlackBerry/tablets,0
sportspyder.com/premier-league/manchester-united/news,0
oldeagfoundation.org,0
360che.com/tech/170309/76943.html,0
tex-bezpeka.com.ua/index.php/shop-store/metallodetektory/ruchnye-metallodetektory/gp-3003b1-detail,0
stopthedrugwar.org/taxonomy/term/147,0
clixsense.com/en/Affiliates-Splash_Pages,0
comatlassian-gadgets-refimpl/1.0.0.m11.2/atlassian-gadgets-refimpl,0
heart.co.uk/charity,0
defenders.org/sage-grouse/basic-facts,0
timeout.cat/barcelona/ca,0
artmajeur.com/en/art-gallery/calligraphy,0
ksemploymentsettlement.org,0
insidemnsoccer.com/2011/09/16/fort-lauderdale-strikers-welcome-atlanta-silverbacks-in-last-regular-season-home-game,0
enet.com.cn/special,0
psychcentral.com/humor/2017/03/brainawarenessweek05,0
chinanews.com/u/rdzz.shtml,0
designlovefest.com/2017/02/weekend-at-home-52,0
airspacemag.com/as-interview/33_fm2017-interview-180961671,0
buonissimo.org/ricettario/lettera/A,0
unesco.de/kultur/kulturelle-vielfalt/aschberg-stipendium.html,0
blogspot.com/2011/10/gruesomes.html,0
lilluna.com/advertising,0
sony.de/www.sony.de/electronics/kameras-mit-wechselobjektiv-stative-fernbedienungen/rmt-vp1k#reviews_awards_v2_default,0
aif.ua/health/diet/sosiski_i_kolbasy_povyshayut_risk_vozniknoveniya_raka_zheludka_-_uchenye,0
baublebar.com/product/30508-pinata-tassel-drops-2,0
about.com/od/schoolprofiles/p/HECMontreal.htm,0
psfk.com/category/design/consumer-goods/americas,0
kevinmooremusic.com,0
lumberjocks.com/projects/306602,0
xcelenergy.com/energy_portfolio/renewable_energy,0
xn----7sbikmadihshk7abfq0a1c.xn--p1ai/images/home/rooms/ljuks/image_3.jpg,0
healthynewage.com/sciatica-pain-relief,0
apachefriends.org/es/index.html,0
netzwelt.de/download/programmieren/index.html,0
qq.com/original/intouchtoday/n3835.html,0
moragaplaza.com,0
galeria-kaufhof.de/marken/swarovski-schmuck.html,0
"zhifuzhilu.com.cn?""../gk/zyzx/201506/t20150630_628173.html""",0
pitch.com/plog/archives/2009/12/14/jaron-rush-documentary-debuts-monday-night-on-metro-sports,0
speedguide.net/articles/windows-7-vista-2008-tweaks-2574#comments,0
dirty-sexting.com/index.php/topic/299345-9sgkn2ll/?view=getlastpost,0
digikey.com/products/line-protection/en,0
solarroadways.com/Home/Encouragements,0
hilton.com/en/hhonors-mobile-app/index2.html?cid=OM%2CHP%2CDigitalHospitality%2CMULTIPR%2CCarousel%2CHome%2CSingleLink%2Ci1,0
wzhenghui.com/a/zixun/zhanchangzatan,0
biblicalarchaeology.org/category/daily/biblical-sites-places/jerusalem,0
mmogamer.com/04/28/2009/petroglyph-studios-ceo-chuck-kroegel-on-their-upcoming-action-strategy-mmo-mytheon,0
wtvr.com/2017/03/20/state-of-richmond-bike-infrastructure-and-proposed-projects,0
walesonline.co.uk/news/politics/no-grasp-devolution-no-announcements-12759401,0
auto.co.uk/automotive-websites,0
stjohns.edu/academics/schools-and-colleges/college-professional-studies/programs-and-majors/data-mining-and-predictive-analytics-master-science,0
shutterfly.com/cards-stationery/graduation-cards-stationery/address-labels-for-graduates,0
popularresistance.org/tag/nodapl,0
rumormillnews.com/cgi-bin/forum.cgi?noframes;read=67791,0
dcrainmaker.com/product-reviews/power-meters,0
l-appartamento.com/it/component/virtuemart/uomo/felpe?Itemid=104,0
nationmaster.com/country-info/stats/Conflict/War/World-War-II/Deaths%2C-percent-of-pre--war-population,0
tf1.fr/tf1/the-voice/videos/lucie-it-s-a-man-s-man-s-man-s-world-james-brown-saison6.html,0
tycoelectronics.com/usa-en/products/families/amp.html,0
adaa.org/node/2617,0
wearethemillennials.com/mqolq/download-gta-sa-hi.html,0
spreaker.com/show/mike-malloy-shows-tracks,0
aesmex.org/cms/index.php/Eventos/conferencia-anual-aes-hm.html,0
oasis-open.org/jp,0
spring.org.uk/2017/03/facebook.php,0
geardiary.com/tag/pc-gaming,0
rotten.com/sacrococcygeal,0
snyyyy120.com/xingbing,0
pledgemusic.com/site/contact,0
chinabgao.com/freereport/77059.html,0
ukuser/ccts2255,0
atlanta.net/dining/by-neighborhood,0
outdooractive.com/en/privacy.html,0
xxhh.net/content/6293.html,0
meijer.com/t4/electronics/school-home-office/writing-supplies/pencils/t1/t1-872/t2/t2-10010/t3/t3-888/T4-1879.uts,0
fergananews.com/news/26140,0
latimes.com/visuals/framework/#nt=outfit,0
basspro.com/Game-%26-Food-Processing/_/S-12325009000?ddnv=FlyOCA_GmFdP,0
orange.fr/mx/?tp=php&IDCible=1&type=0&code_rubrique=5-546393,0
rpp.com.pe/politica/congreso/fuerza-popular-no-asistira-a-sesion-del-pleno-para-la-interpelacion-a-vizcarra-noticia-1038290?ns_source=self&ns_mchannel=portada.home&ns_campaign=content.cronologico&ns_linkname=3,0
spiegel.de/politik/ausland/fluechtlinge-helfer-retten-mehr-als-3000-menschen-vor-libyscher-kueste-a-1139510.html,0
theage.com.au/video/video-news/video-world-news/cctv-shows-orly-airport-attack-20170320-4ryvc.html,0
thebreastcancersite.com/clickToGive/ad.click?siteId=2&adId=171009&placementId=455217&page=home&media=text,0
mylife.com/c-2766045304,0
lexus-int.com/craftsmanship/high-note,0
lematin.ch/sante/test-predit-risque-maladie-chronique/story/17037582,0
hankyung.com/apps/news?popup=0&nid=02&c1=02&c2=03&c3=&nkey=201703171805293&mode=sub_view,0
halfords.com/cycling/bike-maintenance/bike-cleaning?sort=best-seller&cm_re=mmcycling-_-maintenance-_-bikecleaning,0
comic-con.org/cci/films,0
kraftrecipes.com/recipes/dinner/spring-dinner-ideas.aspx?cm_sp=20-Mar-17-_-HPH_PANEL_4-_-CTA2,0
pxleyes.com/photography-picture/58cfd5e66ff27/Get-in-the-Net.html,0
dekra.de/de/ratgeber-broschueren-haus-wohnung,0
iea.org/countries/membercountries/thenetherlands,0
kpbs.org/about/careers,0
medhelp.org/forums/show/72,0
jyb.cn../crjy/zxks/201412/t20141218_607875.html,0
sports.cn/pic,0
sundance.org/support/theatre-circle,0
gu.se/omuniversitetet/aktuellt/kalendarium-detalj/?&eventId=7261760688,0
66law.cn/help/safesurf.aspx,0
maritim.de/de/hotels/deutschland/hotel-gelsenkirchen/uebersicht,0
menuism.com/user/signup?f=j-ph,0
bookdepository.co.uk/Boy-at-Top-Mountain-John-Boyne/9780552573504,0
lazada.co.id/pakaian-wanita/lazada-anniversary-fashion-aksesoris,0
louisiana.gov,0
consciouslifenews.com/trump-making-america-great-americans-expense/11134817/#respond,0
js-renovation.fr/devis-peinture/appartement-f2,0
fishki.net/job,0
craigslist.com/search/biz,0
jumbo.com/content/seizoen/winter/zuurkool?carrousel=zuurkool,0
eepw.com.cn/article/201703/345017.htm,0
newwavesoccer.com,0
comatlassian-plugins-core/2.13.0-m11/atlassian-plugins-core,0
theherald.co.uk/life_style/outdoors_leisure,0
nycsubway.org/perl/show?71681,0
closermag.fr/tele/actualites-tele,0
trails.com/zillah_washington-hotels.html,0
cdbaby.com/cd/mitford,0
unideb.hu/kutatointezetek/kki/szervezet/csoportok_telepek/novenynemesitesi_es_fajtafenntartasi_osztaly,0
thenorthernecho.co.uk/news/environment,0
casadellibro.com/libros-ebooks/jk-rowling/136165,0
"gdzlmz.com.cn?""../Teaching/msjt/201609/t20160914_673102.html""",0
studybay.com/essay-proofreading,0
thedoublethink.com/2009/05/american-idol-streamgraph,0
u-bordeaux.fr/International/Formations-internationales,0
usidentify.com/l/vadnais,0
deccanherald.com/content/130/about-us.html,0
design-museum.de/de/ueber-design/sammlung-online.html,0
tjoos.com/Coupon/133883/Hallmark-Business-Expressions,0
aplus.com/u/elbznf,0
broadwayworld.com/article/VIDEO-HAMILTON-Cast-Helps-Celebrate-Couples-On-Stage-Engagement-20170318,0
linkedin.com/groups/AOL-Defense-4026790,0
observer-reporter.com/apps/pbcs.dll/section?Category=SPORTS01,0
redcross.org.au/news/ironwoman-record.aspx,0
attorneypages.com/lawyer-dui_dwi-MO-Kansas_City.htm,0
jp-center.ru/catalog/facades,0
kennesaw.edu/advisories,0
grantmoneyadvisor.com/uc-davis-or-uc-san-diego-t156885.html,0
enotes.com/topic/List_of_Boston_College_people,0
lcfhandicap.com/vvfez/tu-cheez-audio-song.html,0
umb.edu/news_events_media/events,0
censor.net.ua/photoshops/all,0
ohiostatebuckeyes.com/sports/w-fieldh/osu-w-fieldh-body.html,0
creativity-online.com/work/sainsburys-tu-dooh/51275,0
epochtimes.ru/c/china/tradicionnaya-kultura,0
dnevnik.hr/clanak/showbuzz/inmagazin/maja-suput-pjevat-ce-pred-900-seika---470457.html,0
qq.com/a/20170222/044484.htm,0
familydoctor.com.cn/a/201703/1764218.html,0
oneworld.com/member-airlines/iberia,0
jsagri.gov.cn/gccj/zdwj,0
wp.com/brisasdeltiticaca.com/wp-content/uploads/2017/01/brisas-titicaca02.jpg?fit=4961%2C3307,0
roanoke.com/sports/colleges/va_tech/fuente-virignia-tech-players-hope-for-productive-spring-football-session/article_d134bf23-13b2-5eae-bbaf-d5aec0826c3d.html,0
dnevnik.hr/danielaland,0
1news.az/sport/f1/20170320065115854.html,0
gamedog.cn/card/2058257.html,0
bernerzeitung.ch/region/bern/schonfrist-fuer-luganofans/story/30713250,0
realclearpolitics.com/events,0
pchouse.com.cn/brand/725,0
pinterest.com/pin/create/button/?url=http%3A%2F%2Fpersonalliberty.com%2Fanother-way-globalism-destroying-america%2F&media=plnami.blob.core.windows.net/media/2016/12/factoryworker120716.jpg&description=A+new+study+shows+the+decline+in+American+blue-collar+jobs+is+destroying+families+by+contributing+to+their+breakup+and+pushing+men+and+women+into+deadly+drug+addictions.+An+independent%2C+self-reliant+middle+class+that+demands+an+equitable+reward+for+their+labor+and+product+puts+them+into+competition+for+goods+and+resources+with+the+global+elite+and+puts+a+roadblock+on+the+globalist-collectivist-cultural+Marxist%E2%80%99s+drive+toward+One+World+Governance.,0
bearingarms.com/tag/negligent-discharge,0
canadianbusiness.com/innovation/vancouver-ranks-fifth-in-the-world-for-employee-quality-of-life-survey,0
yellowpages.ca/search/si/1/Cinemas-Guzzo/Greenfield-Park,0
swri.org/4org/d15/spacsci/powsys/home.htm,0
imena.ua/site/job,0
wordpress.com/2011/09/19/methodology-matters-a-review-of-hidden-treasures-in-the-book-of-job-by-hugh-ross,0
ww95zz.com/game/5468.html,0
dailym.ai/tvshowbiz/article-4334064/Arnold-Schwarzenegger-smokes-cigar-boar-lavish-yacht.html,0
pcpop.com/000979131/Index.html,0
microstrategy.com/us/capabilities/distribution,0
fnac.com/n439970/Cartes-cadeaux-Fnac/Cartes-cadeaux-Felicitations#bl=MMcoffrets,0
marniemarcus.com/media-room,0
historicevansville.com/railroad.php,0
cnggfw/ztfw/jiuy/index.shtml,0
styleathome.com/travel/subsection/style-destination,0
wibw.com/content/news?article=416644393,0
blu-ray.com/movies/Sailor-Moon-R-The-Movie-Blu-ray/172452,0
gznet.com./digi/dg/201601/t20160125_1682037.html,0
stumbleupon.com/submit?url=yankodesign.com/2017/03/16/electroluxs-quirky-cooker/&title=Electrolux%26%238217%3Bs+Quirky+Cooker,0
punto-informatico.it/timewarp.aspx?t=18/11/2016,0
thejewishmuseum.org/exhibitions/sights-and-sounds-global-film-and-video-canada,0
finanzen.net/anleihen/Australien-Anleihen,0
alldatasheet.com/datasheet/AD/AD-20.html,0
fnac.com/Eclairage-connecte/Maison-connectee/nsh389893/w-4#bl=MMtmg,0
www.gov.cn/xinwen/2017-03/20/content_5178821.htm,0
dolomitisuperski.com/it/zona-sciistica/alta-badia/rifugi,0
artforum.com/news/id=67016,0
salzburg.gv.at/_layouts/15/Authenticate.aspx?Source=%2F,0
cnedu.cn/english,0
popurls.com/go/worldchanging.com/l9b7e1e51fc59a932818dd783cfd32728,0
craigslist.ca/search/tfr,0
uwec.edu/news/news/uw-eau-claire-ranks-high-among-u-s-news-top-midwest-colleges-1713,0
pamelageller.com/category/freedom-of-speech-in-the-age-of-jihad,0
tradingeconomics.com/philippines/currency,0
skins.be/nina-agdal/41681/1280x1024,0
travelsupermarket.com/en-gb/holidays/winter-sun,0
dzwww.com/qykx/201604/t20160405_14097736.htm,0
gifts.com/product/sentiment-tile-bracelet-30132295?viewpos=26&trackingpgroup=gsitebs,0
memri.org/reports/russia-week-%E2%80%93-march-7-14-2017,0
freepressjournal.in/sports/rohit-sharma-parthiv-patel-to-lead-india-blueand-red-in-deodhar-trophy-2017-harbhajan-singh-in-the-mix/1038191,0
ekstrabladet.dk/biler/bil_nyheder/rustikke-familiebiler-med-lad-paa/6561537,0
cope.es/menu/emisoras/pamplona/Contacto,0
twitter.com/intent/tweet?text=Real%20reason%20nobody%20wants%20this%20man&url=http%3A%2F%2Fwww.foxsports.com.au%2Fnfl%2Fheres-the-real-reason-colin-kaepernick-hasnt-been-signed%2Fnews-story%2F599dd809ee23d5d815d8f8208adef703&via=foxsportsaus,0
eachnet.com/category/153-yundong.html,0
engrish.com/2016/11,0
whsmith.co.uk/dept/entertainment-music-classical-06x00013,0
heathrowexpress.com/faqs/jobs-faqs,0
accesspressthemes.com/about-us,0
lelu.ee/en/maenguasjad/ceramic,0
foodnavigator-usa.com/feature/all-feeds,0
ixbt.com/tag/canon/?utm_medium=partner&utm_source=ixbt&utm_campaign=block_tag,0
pingshu8.com/MusicList/mmc_63_5511_1.htm,0
latribune.fr/bourse/apple-et-le-nasdaq-au-plus-haut-667030.html,0
indiainfoline.com/PersonalFinance/Insurance/Y,0
jandan.net/2017/03/19/lego-tape.html,0
sott.net/article/344461-Cube-UFO-appears-over-Texas-town-near-secret-Army-research-base,0
2144.cn/flash/72860.htm,0
variete.de/spielorte/muenster/programm/shows/kawumm,0
visitphilly.com/museums-attractions/philadelphia/james-a-michener-art-museum,0
esquire.com/www.twitter.com/share?url=http:/www.esquire.com/news-politics/videos/a53960/john-oliver-trump-budget/&text=John%20Oliver%20Explains%20the%20Origin%20Story%20of%20Trump%27s%20Bizarre%20Budget&via=Esquire,0
mnhn.fr/mcam,0
epjob88.com/company/cm1455514415448,0
pipl.com/directory/name/Schellenberg/Lisa,0
alphacoders.com/person/view/2347,0
iask.com/b/A9R5obqNh.html,0
craigslist.com/vancouver.craigslist.ca,0
playstationmovestarterpack.com,0
eads.net/int/en/investors-shareholders/Annual-reports-and-registration-documents.html,0
cinquainlace.com/index.php?norbz/8svfs.html,0
kulturologia.ru/cgi-bin/main.cgi?act=blog.doaddbookmark&recordid=33831,0
echo-online.de/lokales/darmstadt/afd-politiker-hans-mohrmann-sieht-sich-als-opfer-von-parteiinternen-intrigen--parteiausschluss-droht_17760959.htm,0
sovsport.ru/others/figure,0
9ku.com/play/96548.htm,0
facebook.com/pages/SlideBoom/176568819048172,0
resellerratings.com/store/Just_Flowers/review/20511861#comment20511861,0
bestfriends.org/about/our-partners/celebrity-supporters/all,0
goodwood.com/sports/golf/group-golf,0
svenskafans.com/fotboll/krpic-matchhjalte-i-debuten-567881.aspx,0
laprovincia.es/agenda/noticias/nws-572557-el-guiniguada-proyecta-filme-andrzej-wajda-tierra-gran-promesa.html,0
basketball-reference.com/referees/olesiro99r.html,0
delawareonline.com/?onSuccessRedirectURL=http%3A//www.delawareonline.com/&gps-source=CPHPACCOUNT,0
breakingisraelnews.com/category/inspiration,0
worldtruth.tv/one-disturbing-reason-why-you-should-stop-drinking-starbucks,0
blockchain.info/block/000000000000000001365f44ca15263f590aeb7c95f7b290574bd3414859ca33,0
goop.com/our-favorite-ted-talks,0
acehardware.com/category/index.jsp?categoryId=2598616,0
themusicrevolution.com/wiki/mediawiki/index.php?title=William_Shatner,0
bbc.com/russian/topics/blog_caucasus,0
epochtimes.com/gb/17/3/18/n8938164.htm,0
imamuseum.org/about/working-at-ima/jobs,0
amiami.jp/top/detail/detail?gcode=FIGURE-022988&page=top,0
glitter-graphics.com/videos/gallery.php?categoryID=239,0
eeoc.gov/employers/eeo1survey/2017survey-webinar.cfm,0
socialmediaexaminer.com/category/expert-interviews,0
mdzol.com/tools/redirect.php?t=3&i=431105&s=4c875efba0dd87f7d83560a6f2a2109c,0
sebibliotek/kontakt-och-oeppettider/studiecentrums-bibliotek,0
wikia.com/wiki/Beauregard_%22Buck%22_Tuddrussel,0
echo-online.de/mediathek/bilder/18032017-verleihung-des-eysoldt-rings-in-bensheim_17760224.htm#84,0
zg2sc.cn/anhui,0
mchs.gov.ru/dop/info/smi/interview/item/33120473,0
menuism.com/restaurants/christys-restaurant-torrington-56290#p170669,0
svyaznoy.ru/catalog/phone/225/tag/s-moschnym-akkumulatorom,0
weeklystandard.com/author/gary-schmitt,0
floridastateparks.org/things-to-do/junior-ranger,0
blogspot.com,0
utah.com/saltlake,0
txdot.gov/inside-txdot/sitemap.html,0
aas.org/governance/aas-mission-and-vision-statement,0
cultureofaccountabilities.com/AL,0
moko.cc/job/6113/info.html,0
sanantonio.gov/commpa/holidaysandclosures.aspx,0
iask.com/key/57ab374284ae0a14bb5df3bb.html,0
csusb.edu/event/17051,0
deviantart.com/journals,0
miloserdie.ru/campaign/ya-hochu-zhit-kak-normalnyj-chelovek/#help-form,0
meijer.com/t4/grocery/frozen/frozen-meals/chicken-turkey-meals/t1/t1-865/t2/t2-9975/t3/t3-225/T4-378.uts,0
sciencebuddies.org/news/article?id=291646,0
valpo.edu/copyright,0
"hcxyk.cc?""../crjy/zcjd/201409/t20140916_598112.html""",0
exam8.com/zige/ccbp/zhaopin/201703/3979316.html,0
php100.com/sjhass/nk2dfpsj,0
s9.com/Biography/eve-arden-biography,0
noaa.gov/climate/index.php?wfo=box,0
roadplanner.org/index.cqs,0
inkthemes.com/wordpress-landing-pages,0
sixt.com/car-rental/hungary,0
houseofnames.com/fortin-family-crest,0
meizhou.cn/ews/1011/24/10112400066.html,0
webnamu.co.kr/./about-us.php,0
kinogolos.ru/news/dominion_smotret_onlajn/1-0-25,0
google.com/111091089527727420853/posts/YDiihooCxGz,0
subscribe.ru/archive/news.3dfx/201506/19061539.html,0
westga.edu/its/sits/hours-location.php,0
emp.de/bands/merch/taschen-ruckscke,0
nytimes.com/mem/treview.html?html_title=&tols_title=DON%20CARLOS%20(PLAY)&pdate=20000518&byline=By%20BEN%20BRANTLEY&id=1077011429778,0
searchenginewatch.com/2016/02/25/say-goodbye-to-google-14-alternative-search-engines,0
ceu.edu/event/2017-03-27/racial-discrimination-sharing-economy-evidence-field-experiment,0
leonardo.it/facebok-building-8-allorizzonte-primi-prodotti-hardware,0
education.fr/cid114449/publication-de-la-circulaire-sur-le-remplacement-au-bulletin-officiel-de-l-education-nationale-du-16-mars-2017.html,0
um.dk/da/danida/resultater/program-og-projektorientering-ppo,0
wikiquote.org/wiki/Michael_Franti,0
greeka.com/greece-pictures/contest/2016-winners.htm,0
ricoh.com/environment/base,0
finanzen.net/nachrichten/Topnachrichten,0
nritamilnews.com/mgaz/materi-agama-katolik-unbk.html,0
shell.com/energy-and-innovation/make-the-future/the-power-of-questions.html,0
carolinaherrera.com/legal,0
timeanddate.com/field/picktimezone.html,0
theregister.co.uk/2017/03/14/google_purges_android_of_adfraud_apps,0
boost.org/development/header.html,0
cnxz.cn/e/index/348083.html,0
youtube.com/watch?v=w2hj9G3oc2Q,0
chol.com/poker4,0
freemeteo.com/weather/?language=english&country=faroe-islands,0
miss-fit.pl/index.php/kontakt,0
dirittierisposte.it/schede/lavoro-e-pensione,0
elcorteingles.es/electronica/impresoras-y-faxes/?level=1,0
ismic.net/byx/ai-harinam-gabe-baul-vadio-s.html,0
theculturetrip.com/health-and-wellness,0
housebeautiful.com/lifestyle,0
dahe.cn/2017/03-20/108368352.html,0
995w.cc/luguandongtaitu/4610.html,0
indiainfoline.com/MutualFunds/page/K/1,0
xinmin.cn/2017/03/19/30904642.html,0
canadagame.net/news/how-to-register-at-our-site-,0
cgdev.org/publication/expanding-global-liquidity-insurance-myths-realities-IMF-credit-lines,0
virtualtourist.com/travel/North_America/United_States_of_America/Missouri/Kansas_City-816877/General_Tips-Kansas_City-Downtown-BR-1.html,0
bonanza.com/hand_picked_lists/158509?first_item=443683358,0
cbc.ca/contests,0
vegkitchen.com/vegan-dinner-recipes,0
archilovers.com/home/app,0
aei.org/about,0
gurufocus.com/news/493771/daniel-loeb-buys-jpmorgan-chase-bank-of-americaoration-time-warner-sells-allergan-plc-alibaba-group-holding-monsanto-co,0
gainax.co.jp,0
pge.com/en_US/about-pge/media-newsroom/media-newsroom.page,0
bengals.com/fanzone/desksite.html,0
wn.com/Marie-Élaine_Thibert,0
"dykmyq.net?""../opinion/""",0
wartsila.com/products/marine-oil-gas/seals-bearings,0
decoist.com/page/2,0
reactiongifs.com/tag/motivational,0
hollandandbarrett.com/basket/basket.jsp,0
qq.com/s/Afb8UXhzFAkL6cLa85oHgQ,0
hackedgadgets.com/2017/02/26/inside-the-tesla-model-s-battery,0
southernliving.com/travel/mid-atlantic/the-souths-best-fried-chicken,0
zbj.com/gongyesj/s.html?kw=%E6%9C%BA%E5%99%A8%E4%BA%BA,0
jjxw.cn/2017/0317/291103.shtml,0
swagbucks.com/shop/store/967/guitar-center,0
homesandland.com/Sitemap/Ontario/New_Homes_for_Sale,0
alaskaair.com/content/group-travel/groups-travel-overview.aspx?lid=nav:book-group&INT-_AS_NAV_-prodID:GroupTravel,0
xincheping.com/car/search-u3.html,0
linuxlinks.com/portal/phpBB2/viewforum.php?f=2,0
nyse.com/sustainability/SSE,0
comforums/chemistry.83,0
ez.no/Services/Overview,0
nosorigines.org/genealogielistfirstname.aspx?ancestor=30&Family=Trudel_1257&lng=en,0
tvigle.ru/catalog/khobbi/avto-shou/jaguar/#filter,0
periodistadigital.com/opinion/columnistas/2017/03/19/si-sus-crimenes-no-tiene-perdon-de-dios-quienes-somos-los-hombres-para-perdonarlos.shtml,0
haberturk.com/sinema/film/3183-yasam-kuru,0
techbargains.com/category/380/lifestyle-home/automotive-car-tech,0
postofficeshop.co.uk/coins/?utm_source=postoffice.co.uk&utm_medium=referral&utm_content=Collectible_Coins&utm_campaign=DropDown,0
tvguide.com/celebrities/antony-thomas/221195,0
otago.ac.nz/vacancies,0
moneysense.ca/author/barry-choi,0
standartnews.com/kultura/panagyurskoto_sakrovishte_si_doyde_u_doma-351183.html,0
cargill.com/cfoods/ap/en/products/health-promoting-ingredients,0
hiblogger.net/tag/%F1%E0%ED%EA%F2-%EF%E5%F2%E5%F0%E1%F3%F0%E3,0
press.org/events/turkey-us-strategic-partnership-looking-future,0
literaryhistory.com/20thC/Larkin.htm,0
muscles.com.cn/a/20140417/860.shtml,0
standupcomedyjokes.org,0
diesel.com/womens/denimguide/skinny/?lang=default,0
gzstv.com/jwmsxf,0
santander.cl/contenidos/universitarios/becas.asp?o=ca3,0
sdjnnews.com/safety/ldhd/591.html,0
nytimes.com/1988/12/23/obituaries/bob-steele-82-actor-in-f-troop-and-films.html,0
macalester.edu/admissions,0
hartrodt.com/en/tracking-tracing,0
physicsforums.com/insights/category/tutorials,0
bpb.de/mediathek/mit-offenen-karten,0
poets.org/poetsorg/poems?field_poem_themes_tid=1356,0
qiannian168.com/a/xietingfeng/index_38_1.html,0
toonpool.com/cartoons/Fre3dom%20HooliGANs_289403,0
astonmartinartofliving.com/experiences,0
detnews.com/sports,0
leprogres.fr/sport/equipe/football/national-ligue-1/angers,0
emery50.com/3/guestbook.htm,0
kohls.com/catalog/womens-jennifer-lopez.jsp?CN=Gender:Womens+Brand:Jennifer%20Lopez&cc=wms-TN3.0-S-jenniferlopez,0
e-xecutive.ru/users/1735341-tatyana-mileshina,0
smartbrief.com/industry/business/hr-career,0
mediamarkt.de/de/category/_2in1-convertibles-542028.html,0
net	http:/www.rrconnections.net	,0
visitgreece.gr/en/newsletter/2010,0
hockeyindependent.com/blog/j-scott-moore/25485,0
sneakerbardetroit.com/adidas-a3-twinstrike-goldmet,0
zhiding.cn/files/klist-23-328162-1.htm,0
facebook.com/PointerSisters,0
jb51.net/Nginx_agentzh,0
ilgiornale.it/autore/fausto-biloslavo.html,0
fairfield.edu/biology/MicroBooklist,0
monclerjacketsuk.co.uk/moncler-womens-jackets-c-20,0
swordfishingcentral.com,0
legiscan.com/user/login,0
stormfront.org/forum/member.php?u=202116,0
rentquebecapartments.com/Cote-des-Neiges-apartment/Apartments-for-rent/1772.html,0
d1xz.net/sm/xingming_peidui.aspx,0
mavic.com/en-int/mtb/tyres.html,0
2photographersandadog.com/ourminds,0
hamilton.ca/parks-recreation/cemeteries/mountview-gardens,0
ac-lyon.fr/cid90331/personnels-administratifs-sociaux-sante-concours-examens-professionnels-deconcentres.html,0
publix.com/www.publix.com/clubs-programs/community-programs,0
yellowpage-ontario.com/list.html?page=1&ipp=All&where=&what=Italian%20church&search=1,0
drive.com.au/new-car-showroom/subaru/xv,0
njggw.org/html/jiankangyangsheng/yuerzhishi/20170314/84279.html,0
wellness.com/docs/11323/wellness-com-privacy-policy,0
weiku.com/catalogs/1770/Excess_Inventory,0
heatst.com/tech/judge-in-bank-scam-case-grants-warrant-to-identify-everyone-who-googled-mans-name,0
curtin.edu.au/staff/vision-strategy,0
wpri.com/rhode-show-on-the-go-app,0
trade.gov/td/otm/mach.asp,0
costumecraze.com/c/princess-costumes,0
china-designer.com/easy/AD/408,0
elheraldo.co/columnas-de-opinion/fisico-descaro-338935,0
boell.de/de/2017/01/27/haters-gonna-hate-aber-was-werden-wir-tun,0
shopko.com/thumbnail/Baby/Baby-Safety/Home-Security/pc/5/c/45/300.uts,0
jhnews.com.cn/2016/1022/700264.shtml,0
haberturk.com/magazin/fiskos,0
thinkgeek.com/clothing/dresses-skirts,0
ohchr.org/EN/Countries/ENACARegion/Pages/MCIndex.aspx,0
adamsformation.com/www.hugedomains.com/privacy_policy.cfm,0
amr1.org/military.htm,0
odnako.org/blogs/sdelat-evropu-snova-velikoy,0
liberty.edu/www.liberty.edu/libertyjournal,0
bbelements.com/please/redirect/24092/3/1/4,0
commailto:?subject=The Fragile: Deviations 1 Limited Edition 4X Vinyl Available for Preorder Now&body=http:/www.com/fragile-deviations-1-limited-edition-4x-vinyl-available-preorder-now,0
lightreading.com/security/security-platforms-tools/a10-networks-on-service-providers-industry-needs-/v/d-id/727036,0
storenvy.com/shop/category/home-kitchen,0
onlineschools.org/high-school,0
wikipedia.org/wiki/Prince_William_Sound,0
spoilertv.com/search/label/Wicked%20City,0
sheknows.com/2011/09/21/simon-cowell-talks-cheryl-cole-the-x-factor-with-piers-morgan,0
neiu.edu/academics/weekend-institute,0
globest.com/markets/orange-county,0
spoilertv.com/search/label/Ozark,0
rumormillnews.com/cgi-bin/forum.cgi?noframes;read=65754,0
elle.es/www.twitter.com/share?url=http:/www.elle.es/living/elle-decoration/news/g793744/comedores-mesas-redondas/&text=23%20comedores%20con%20mesas%20redondas%20para%20el%20mejor%20banquete&via=elle_es,0
jianshe99.com/jianli/dagang/li1702212663.shtml,0
frontgate.com/bed-bath/bedding-collections/eastern-accents,0
rice.edu,0
ontheradio.net/wdoh,0
aapa.org/eker/job/33789733/Two%20Orthopedic%20Surgical%20Physician%20Assistants/OrthoAtlanta/?site_id=22305,0
home.nl/tarieven/bellen,0
vimeo.com/8803987,0
chrysaliseducation.com/qlrt/shtya-mp3-songh-pawan-singh-2017.html,0
wartsila.com/sustainability/environmental-responsibility/products-and-environmental-aspects/solutions-for-greenhouse-gas-emissions-reduction,0
myturnondemand.com/oxwall/video,0
aquafireprotection.com,0
allgame.com/game.php?id=39398&tab=controls,0
tedxtaruc.com/wp-content/plugins/wooplagins1/gvof/soal-essay-biologi-beserta-jawabannya.html,0
stnn.cc/LA/2017/0320/412626.shtml,0
sketchthemes.com/themes-category/ecommerce,0
rbbtoday.com/article/2017/03/17/150123.html,0
emp.de/fun-lifestyle/wohnen/lampen,0
carmodymacdonald.com/attorneys.php,0
youtube.com/user/BiblicalArchaeology?feature=mhum,0
netiq.com/promo/gartner-magic-quadrant-for-identity-governance-and-administration.html,0
estadao.com.br/blogs/seu-bolso-na-era-digital/siri-dos-bancos,0
thethirdmedia.com/c16/index1.html,0
streamlinerschedules.com/concourse/track6/montrealer196009.html,0
rtbf.be/interactive/mobile,0
qubesys.com/joomla-seo-services,0
assumption.edu/event-venue/assumption-college-hagan-center-hall,0
lifeproof.com/en-us/community.html,0
jambajuice.com/blend-in-the-good/the-power-of-juice,0
88db.com.hk/Beauty/Medical-Beauty/1,0
workaway.info/travelphotos/2017/01/org/944658131125_148347164500820.jpg,0
100xuexi.com/HF/zg/niangjiushi,0
smgov.net/Departments/Finance/content.aspx?id=52296,0
kickstarter.com/projects/piratesoftware/heartbound?ref=home_featured,0
joann.com/projects/floral-projects,0
bhg.com/decorating/home-accessories,0
puzl.com/en/website-features,0
timesofindia.com/city/kolkata/british-man-walks-2-5000-km-for-kolkata-charity/articleshow/57725085.cms,0
nj06.com/structure,0
comchina-and-dinnerware/shenango,0
livecareer.com/cover-letter-examples/medical,0
allgemeine-zeitung.de/wetter/nieder-olm_4399505.htm,0
youth.cn/xw/201703/t20170320_9321258.htm,0
kp.ua/sport/570217-v-kharkove-shakhteru-predskazaly-pobedu-nad-bavaryei,0
jxrencai.com/zhaopin/chegong,0
subaonet.com/2017/0321/1953566.shtml,0
youtube.com/user/rottentomatoes,0
bikerumor.com/category/nahbs,0
cai-gdl.com/index.php/nosotros/team,0
johnlewis.com/content/the-edit-artistry,0
tribalfootball.com/articles/carlos-who-tevez-and-shanghai-shenhua-beaten-by-brisbane-roar-4167912,0
jmw.com.cn/zhuanti/newspecial/adviser.html,0
absoluteastronomy.com/topics/Thomas_Hart_Benton_%28painter%29,0
percona.com/blog/tag/high-availability,0
notcot.org/page/804,0
oberlin.edu/amam,0
traveller.com.au/travel-deals/hot-deals,0
cnxz.cn/adv/dambolo,0
ufc.com/event/ufc-211?f1=Frankie-Edgar&f2=yair-rodriguez,0
interpol.int/News-and-media/News/2017/N2017-028,0
speranzaonlus.org/index.php/77-news-home/68-per-non-restare-indifferenti,0
facebook.com/looneytunesjapan,0
foodnavigator-usa.com/Manufacturers/Hip-Chick-Farms-expands-its-portfolio,0
doctissimo.fr/html/psychologie/bien_dans_sa_peau/complexes_niv2.htm,0
perforacionestrigas.com/index.php/joomla-pages,0
worthpoint.com/worthopedia/comic-voice-actor-hans-conried-signed-50413007,0
rayli.com.cn/live,0
winsupersite.com/mobile/windows-phone-0,0
idrottonline.se/Funktioner/Hemsida,0
cngold.org/room/36,0
tuscaloosanews.com/news/20170320/lady-bucs-carry-on-winning-streak-in-njcaa,0
giga.de/downloads/vlc-media-player,0
sbwxlm.com/invest/201406/17/zhaoshang1.html,0
facebook.com/dialog/share?href=http%3A%2F%2Fes.pn%2F2nYwcnK&app_id=116656161708917,0
	xyqxt.com/html/4989.html,0
icc-cricket.com/tickets/champions-trophy,0
zappos.com/women-loafers/CK_XARC21wHAAQHiAgMBGAI.zso?s=isNew/desc/productPopularity/asc,0
powerprofiles.com/profile/00005156877301/SPEQ+LE+DEVOIR+INC-MONTReAL-QC,0
cnelc.com/Video,0
washingtonpost.com/news/post-nation/wp/2016/08/18/justice-department-says-it-will-end-use-of-private-prisons/?utm_term=.a0ad2a875486,0
lazada.co.id/beli-tv-audio-video-permainan-dan-gadget/xiaomi,0
outsideonline.com/featured-videos/gear-videos,0
beihai.gov.cn/70/2017_3_5/70_545803_1488707406219.html,0
afdb.org/en/knowledge/publications/african-statistical-yearbook,0
19lou.com/www.19lou.com/corp/sitemap,0
52z.com/soft/224218.html,0
airwar.ru/sm/049.html,0
distributed.org.ua/forum/index.php?showtopic=6772,0
dailykos.com/news/Education,0
craigslist.org/iso/us/ut,0
proz.com/translator/1274213,0
comatlassian-plugins-webresource/2.3.2/atlassian-plugins-webresource,0
state.mn.us/metro/projects/169,0
ted.com/talks/larry_smith_why_you_will_fail_to_have_a_great_career,0
viva.co.id/tag/timnas-indonesia-u-22,0
macys.com/shop/handbags-accessories/coach?id=25300&cm_sp=us_hdr-_-brands-_-25300_coach_COL3,0
freecode.com/tags/dive,0
w88mobile.org/game/2152.html,0
dx.com/c/electrical-tools-499/3d-printer-supplies-440/3d-printer-supplies-443,0
mcqyy.com/ernianji/shuxin,0
jamesmorelan.com/myv/pto-janda-cna-nakal-2017.html,0
devexpress.com/Demos/WidgetsGallery,0
robburton.org,0
huatu.com/list/8312_1.html,0
britishairways.com/travel/sightseeing/public/en_us,0
pinjieji.com/pinjieji,0
linkedin.com/company/8363,0
wthr.com/station/contact-wthr,0
nation.com.pk/islamabad/20-Mar-2017/pakistan-culture-week-starts-at-pnca-tomorrow,0
loopnet.com/xNet/MainSite/Marketing/Advertising/?LinkCode=31849,0
pgp.com/content/symantec/english/en/about/legal/privacy-policy,0
radio-electronics.com/info/processing-embedded,0
nysed.gov/sss,0
youtube.com/watch?v=bBhDfdxN6VU,0
oneindia.com/videos/south-sudan-plane-carrying-44-passengers-crashes-all-feared-dead-105173.html,0
garant.ru/ia/press_release/1096361,0
leninimports.com/glenn_ford.html,0
aaafoundation.org/resources/resources,0
viavpsd.com/product/Download.jsp?motherboardId=181,0
rumormillnews.com/cgi-bin/forum.cgi?noframes;read=71483,0
3366.com/game/90875.shtml,0
sunrise-inc.co.jp./works/twitter,0
santacruzsentinel.com/opinion/20170317/kathleen-parker-death-by-a-thousand-cuts,0
softschools.com/math/games/fishing_sub.jsp,0
unair.ac.id/2016/11/15/gebyar-akreditasi-tandai-rs-unair-raih-akreditasi-paripurna,0
nybg.org/visit/pricing.php,0
yourdictionary.com/index/sti-suc,0
mcw.edu/MCW/About-MCW.htm,0
wired.it/topic/bufale,0
i-mockery.com/minimocks/abobos-big-adventure,0
wallpaperup.com/27602/nature_sky_space_sci_fi_science_fiction_moon_craters_cg_digital_art_manipulation_stars_glow_bright.html,0
txt2016.com/ebook/books.php?olne=1e4m4.html,0
phonetrack-reviews.com/phone-sheriff-review,0
conceptcarz.com/view/eras.aspx?eraID=1,0
zhaopin.com/sj6032,0
facebook.com/pages/Alpha-Sigma-Tau/108140039206666,0
education-portal.com/academy/course/high-school-physics-tutoring-solution.html,0
comatlassian-rest-common/2.7.4/atlassian-rest-common,0
thehut.com/brands/men-u.list,0
wikipedia.org/wiki/The_Hard_Way_(Clint_Black_album),0
taiwantrade.com.tw/event/2017-taiwan-trade-mission-to-iran-turkey-and-uae-1258970.html,0
gazetark.ru/spravka/raspisanie-poezdov.html,0
wuhunews.cn/news/rtx/2017-03-20/1188266.html,0
gotofino.com/grandprixprotourquebec/montrealgrandprixprotour.html,0
sportsbusinessdaily.com/Daily/Issues/2017/03/20/Leagues-and-Governing-Bodies/Cavs.aspx,0
aids.gov/federal-resources/pacha/subcommittees,0
chacha.com/question/what-is-evoke,0
"tjwhaf.com?""../basc/zk/201604/t20160425_658043.html""",0
fondsk.ru/authors/natalija-meden-58.html,0
hotfrog.com/business/ct/fairfield/norton-com-setup_42570312,0
montrealgazette.com/news/national/canadian+scientists+discover+hepatitis+drug+slashes/13160504/story.html,0
comtroubleshoot/browse/office_equipment,0
littleremedies.com/flu-tracker,0
google.com/store/apps/details?id=com.nypost.tablet&hl=en,0
sify.com/cmf-1.0.0/appflow//sify.com/Video/rdunILhfhihji_thumb.jpg,0
peopleadmin.com/roundtables-2,0
capitalpress.com/Idaho/20170317/idaho-wheat-commission-will-re-submit-grower-information-rule-change-in-2018,0
unn.ru/site/about/events/vstrecha-molodezhnogo-nauchnogo-kluba-lobachevsky-4,0
boohee.com/user_ask/asks_with_tag?tag=%E4%B8%8A%E7%8F%AD%E6%97%8F%E5%87%8F%E8%82%A5,0
elsevierhealth.com/health-professions/medical-assisting,0
neweurope.eu/category/zero/press-releases/committee-of-the-regions-press-releases,0
usidentify.com/l/gascon,0
uniud.it/www.uniud.it/it/ateneo-uniud/concorsi-bandi-uniud/bandi-di-gara,0
br101.org/tv/top-tvz-videoclipes.html,0
geekbuying.com/category/Jewelry-Sets-1393,0
mandarinoriental.com/luxury-hotel-offers/breakfast-hotel-package,0
albarega.com/en/news,0
shm.com.cn/2017-03/21/content_4590324.htm,0
lazada.co.id/beli-kamera/nikon/?searchredirect=nikon,0
environmentalgeochemistry.org//?src=topNav,0
psc.edu/resources/storage,0
cyberpresse.ca/actualites/montreal/201703/20/01-5080485-congestion-monstre-a-lentree-du-pont-tunnel-la-fontaine-direction-montreal.php,0
secure-quotes.com/eslcafe/sponsorannouncement.asp,0
shinchosha.co.jp/link/index.html,0
utexas.edu/taro/uthrc/00207/hrc-00207p2.html,0
guancha.cn/culture/2017_03_19_399516.shtml,0
twitter.com/intent/tweet?url=http%3A%2F%2Fwww.slate.fr%2Fstory%2F138635%2Fprocedure-retrait-force-union-europeenne&text=Une+proc%C3%A9dure+de+retrait+forc%C3%A9+%C3%A0+l%E2%80%99encontre+des+%C3%89tats+violant+les+valeurs+communes+de+l%E2%80%99Union+europ%C3%A9enne&via=slatefr&lang=fr,0
comxwzx/smrx/content/2017-03/21/content_2295345.htm,0
carepages.com/help_requests/new,0
aufsaetze-schreiben.de/customers/login,0
idownloadblog.com/feed,0
dw-world.de/en/top-stories/global-ideas/s-30654,0
phoenix.edu/colleges_divisions/doctoral/faqs.html,0
home.ro/dir/11,0
pptcom/show/pyUFgupQwP5h30c.html?rcc_src=www_index,0
standaard.be/cnt/dmf20170320_02789653,0
statesmanjournal.com/Circulars/1000172/Kohls/70372-v346266?ac=circular_api_circularsapi,0
comatlassian-plugins-core/2.1.0.beta4/atlassian-plugins-core,0
uaic.ro/despre-uaic/viziteaza-universitatea-alexandru-ioan-cuza-din-iasi,0
chinaitlab.com/jyxd/921930.html,0
mantialaw.com/index.php/our-practice/catastrophic-injuries,0
horizonhobby.com/HHStaticContentView?emsName=/track-locator/render-track-locator&storeId=10151&catalogId=10051,0
gsk.com/en-gb/responsibility/our-planet/carbon,0
yolasite.com/about-us/press,0
rug.nl/society-business/increase-your-knowledge,0
dailymail.com/tvshowbiz/article-4331660/Cindy-Crawford-looks-beautiful-making-waffles.html,0
imtl.org/montreal/bio/Montreal_Board_of_Trade.php,0
michaelkorsuk.org.uk/jet-set-c-3_23,0
sdjnnews.com/Safe/jnjp/jyjl/449.html,0
ghostsofamerica.com/5/North_Dakota_Argusville_ghost_sightings.html,0
kp.ua/sport/570291-shakhter-poterial-ochky-v-matche-c-olympykom,0
timesargus.com/articles/theater-review-sweeney-todd-is-gruesome-and-fun,0
hockeyfights.com/players/16890,0
managementtoday.co.uk/any-other-business,0
goabroad.com/intern-abroad/search/south-africa/internships-abroad-1,0
liuzhou.gov.cn/xxgk/xzsphz,0
banki.ru/services/questions-answers/?id=411574#tags,0
tradesy.com/bags/chanel/?tref=browse_designers,0
compages/politics/politics/201703/309348.php,0
medianama.com/about,0
spitsnieuws.nl/xl/sport/2017/03/inge-de-bruijn-ik-vond-mijn-lijf-verschrikkelijk,0
google.com/p/jsonmarshaller,0
mondomix.com/tumi-and-the-volume/fr/interview/5782/tumi-the-volume-lecon-hip-hop-de-soweto.htm,0
591hx.com/article/2017-03-21/0001051745s.shtml,0
wikipedia.org/wiki/Kekaisaran_Akhemeniyah,0
nokia.com.cn/zh_int/node/50291,0
duowan.com/gallery/132739.html#p1,0
circuitlab.com/circuit/6syafk/bjt-audio-amplifier,0
list-company.com/company/list/i105080-r/Credit-Cards.shtml,0
posterous.com,0
nzembassy.com/en/countries-and-regions/latin-america/argentina/new-zealand-embassy/raylene-liufalani,0
walmart.com/browse/clothing/young-men-s-styles/5438_547964,0
nycballet.com/Season-Tickets/default.aspx,0
windowsnetworking.com/software/Administration-tools-Ping-trace-utils,0
tbo.com/events-tampa-bay/national-book-critics-circle-awards-go-to-margaret-atwood-louise-erdrich-and-more-20170316,0
koob.ru/moon,0
samsclub.com/sams/trailer-tires/2180105.cp?xid=hdr_shop3_auto-tires_tires_trailer-tires,0
alternativeto.net/software/fl-studio,0
ozdeller.com/index.php/features/layouts-5,0
invisionzone.com/invisionpower.com/features/commerce,0
embassysuites.com/resources/media/es/en_US/img/shared/carousel/main/ES_weekenders_jan17_3.jpg,0
overclockers.co.uk/monitors/by-type/freesync,0
archive.org/details/SleepytimeGorillaMuseum,0
shu.ac.uk/about-us/academic-departments,0
nps.gov/www.doi.gov,0
w88mobile.org/game/5195.html,0
nab.com.au/personal/investments-super/financial-advice,0
nokia.com.cn/zh_int/node/48296,0
jigsaw.com/scid1231942/jeanne_kaufman.xhtml,0
lematin.ch/sante/environnement/vert-temps-disparait-chewinggum/story/15080432#comments,0
hamilton.ca/public-health/health-topics/dealing-difficult-behaviour,0
home-designing.com/category/general,0
penguin.com.au/browse/babies-toddlers,0
rhloscabos.com.mx/component/content/article/42-eventos/172-reconoce-la-amedirh-a-patricia-laviognet.html,0
matterport.com/customers,0
chroniclelive.co.uk/news/north-east-news/bin-taskforce-take-battle-bus-12766872,0
wbiao.cn/o2o/detail/?id=119,0
youngminds.org.uk/about/media_centre,0
pa-foundation.org/grants/impactgrants/?utm_source=aapa.org&utm_campaign=impact_grants&utm_medium=hero_story&utm_content=round_1_2017,0
yicai.com/news/5247844.html,0
akzonobel.com/about-us/our-key-markets,0
banbijiang.com/book/4/fengqiuhuang_guangshouhuanyingdegufengmanhua-3783.html,0
airliners.net/photo/Emirates-%28Airbus%29/Airbus-A380-841/974876,0
neimanmarcus.com/store/catalog/templates/EntrySC.jhtml?itemId=cat7210731&parentId=cat000019&masterId=cat000009&ecid=NMSGDIDolce_And_Gabbana&_requestid=26566,0
cheshi.com/bseries_95/price.html,0
familyfriendpoems.com/poem/heaven-is-never-too-far,0
piaoliang.com/mm/3605/1.html,0
chinanews.com/sh/2017/03-21/8178813.shtml,0
narconews.com/Issue67/articulo4513.html,0
wn.com/Columbus_Short,0
smu.ca/about/safe-and-respectful-smu.html,0
youtube.com/watch?v=u3JeQesl4Ro,0
ogi.edu/bme/news/dsp_news.cfm?news_id=7D819E37-B173-9075-5409509CF53506CD,0
agusandelsur.gov.ph/index/tourism1/2011-11-17-16-33-49/where-to-go/2012-07-13-05-43-41/2012-07-16-04-47-44,0
thomasnet.com/odels/results/product/?what=levelers&searchx=true&browse=1,0
goldprice.org/goldprice.org/gold-price-per-gram.html,0
sharefile.com/redirects/sf-blog,0
heraldo.es/tags/temas/educacion.html,0
redbankvalley.net/images/Cafe/Elem_03_17_BRFST.pdf,0
mowercountyhs.org,0
gohawaii.com/big-island/regions-neighborhoods/kona/kealakekua-bay,0
lagenealogy.net/Odenwald.aspx,0
fairmont.com/golf,0
qidian.com/helpcenter/default.aspx,0
keurig.com/appliances/register-brewer?cm_sp=hp-_-mod-1-_-170320-register-brewer,0
taz.de/Galerie/Husum-Die-taz-am-Wattenmeer/!g5390134,0
infomaniak.com/fr/environnement/projets,0
reference.com/browse/J.J.+Connelly,0
cqc.org.uk/content/care-homes,0
51txcai.cc/game/3196.html,0
torun.pl/pl/spotkanie-z-mieszkancami-osiedla-bielawy-grebocin,0
phonebookofgermany.com,0
linkedin.com/company/aeroplan,0
buydescriptiveessay.com/about-us,0
folksy.com/clothing-accessories/babies-children/skirts,0
wowprogress.com/char_statistics/kr/field.arenas_player,0
intereconomia.com/mercados/divisas/el-dolar-esta-excesivamente-apreciado-puede-restar-competitividad-a-ee-uu-20170314-1332,0
craftster.org/forum/index.php?board=357.0,0
zgjjwh.com/xiehuigaikuang/xiehuimingyuhuichang/2014/1215/880.html,0
interia.pl/podatki/program-pit?utm_medium=autopromo&utm_source=interia&utm_campaign=pit2016&utm_content=modul_oferty_dnia,0
albanna-eng.com/index.php/services/pressure-vessels-and-furnaces,0
allaboutsymbian.com/flow/all/Review,0
sport.fr/football/10h47-le-psg-vient-bout-de-lyon-411089.shtm,0
esmadrid.com/agenda/retorno-a-la-belleza-obras-maestras-del-arte-italiano-de-entreguerras-fundacion-mapfre-sala-recoletos,0
pandora-jewelryoutlet.name/earrings-c-17,0
theyworkforyou.com/mp/neil_gerrard/walthamstow,0
cars.com/vehicledetail/detail/696608206/overview,0
wjw.cn/g/fadongxitong,0
pornoxxbox.com/gallery/Melissa_Melendez,0
beams.co.jp/category/suit/?sex=K,0
pop-fashion.com/analysis/retail,0
exam8.com/englishlearning/kouyu/rumen/shiyong/201006/1421785.html,0
holidayinsights.com/other/cnewyr.htm,0
omeka.org/codex/Preparing_to_Install,0
net	http:/www.ransomnet.org	,0
naxos.com/person/Michael_Halasz/31614.htm,0
fblife.com/model/fxauto_joycar_x3,0
cnet.de/88161356/benchmark-ergebnisse-qualcomm-snapdragon-820,0
geni.com/company/terms_of_use,0
ogilvy.com/News/Press-Releases/May-2013-Coca-cola-creates-sharing-can.aspx,0
vatgia.com/10673/6167132/%C4%91%E1%BB%93ng-h%E1%BB%93-casio-m%E1%BA%B7t-tr%E1%BA%AFng-g56uegr.html,0
tasteofcountry.com/category/album-reviews,0
focus.de/kultur/kino_tv/medien-charite_id_6812427.html,0
unisg.ch/de/forschung/forschungsplattformalexandria,0
diariodemallorca.es/eurocopa/sedes,0
cornhuskerhome.net/index.php/component/mailto/?tmpl=component&template=lt_real_estate&link=fbc6668bf45f0cb6220b71e85c6540094ac1dd99,0
aufeminin.com/forme/sante-femme-ssc167.html,0
aufeminin.com/cuisine/video-recette-cuisine-ssc117.html,0
laquadrature.net/en/taxonomy/term/197,0
npmjs.com/package/video.js,0
twitter.com/intent/tweet?in-reply-to=843889926521405440,0
tmonews.com/category/windows-phone-7,0
google.com/forum/#!forum/amphtml-discuss,0
simonpure.com/steele.htm,0
cngold.org/c/2017-03-20/c4882172.html,0
pressofatlanticcity.com/gallery/look-back-at-the-ocean-city-boardwalk/collection_98101ae6-8da8-5a6d-944a-937a2fb368f2.html,0
krdo.com/health/headlines,0
hzpsjx.com/content/?310.html,0
publix.com/www.publix.com/pharmacy-wellness/pharmacy/preventive-care/vaccinations,0
compress/translator-plugin-gold-gets-public,0
hubpages.com/hub/Wheel-Adapters-to-Fit-Your-Wheels-to-Your-Car,0
sulyapinoy.org/t5376-7th-topik-eps-result,0
nytimes.com/person/431933/Peter-Wege,0
jxedt.com/info/6846.htm,0
chameabc.net/wp-content/uploads/npogf/kisi-kisi-geo-uasbn.html,0
indigo.ca/en-ca/baby/indigo/?imn=baby&imi=featured-brands-indigo,0
hamilton.ca/emergency-services/emergency-preparedness/preparing-emergencies,0
technologyreview.com/s/543031/marvin-minsky-reflects-on-a-life-in-ai,0
thisis50.com/forum/topics/caption-this-rapper-plies?commentId=784568%3AComment%3A23674193&xg_source=activity,0
uclick.com/client/wnj/fcx,0
zhcw.com/ggl/zhongjiangsudi/9631803.shtml,0
net84.net/google%20-%20509.html,0
haoyunmom.com/posts/201501201740256.html,0
napavalleyregister.com/news/local/napa-s-former-firefighter-museum-space-changes-hands-again/article_5fd45805-f2d6-57db-94bf-2c550bf9c8eb.html,0
chcf.org/topics/telemedicine-and-technology,0
oh100.com/a/201610/477245734174.html,0
ajunews.com/view/20170313111409183,0
youtube.com/embed/8tn5zA5bNSE?&color=white&showinfo=0&rel=0&autoplay=1,0
harveynichols.com/kidswear,0
curtin.edu.au/who/history,0
360che.com/img/c2_s60_b1221_s6618.html,0
youtube.com/watch?v=rQLrNwh1PPc,0
unimontes.br/index.php/pesquisa,0
hkproduct/html/?142.html,0
smart60.ru/files/alpha/%D2,0
elespectador.com/opinion/antonio-casale,0
muyinteresante.es/gyj/aviso-legal,0
newsblaze.com/usnews/sports,0
bsigroup.com/sv-SE,0
panoramio.com/photo/106478,0
elections.ca/ElectoralDistricts_e.aspx?type=1&amp;criteria=K0k3h0,0
buysub.com/servlet/CSGateway?cds_mag_code=FIT&cds_page_id=104166,0
bwlc.net/help/faqfindpassword.jsp,0
bevnet.com/news/spirits/2017/montanya-distillers-ceo-named-first-female-keynote-adi,0
migrationsverket.se/Kontakta-oss/Boka-tid-innan-du-besoker-oss.html,0
superdrug.com/brandshop/braun,0
jbonamassa.com/press-kit,0
amazon.co.uk/bobby-breen-Film-TV/s?ie=UTF8&keywords=bobby%20breen&rh=n%3A283926%2Ck%3Abobby%20breen&page=1,0
linkedin.com/company/northeastern-state-university,0
fanpix.net/gallery/rockmond-dunbar-pictures.htm,0
lanyrd.com/topics/agile,0
adidas-superstar.de/indicateur-scalping-mt4/#respond,0
qi-che.com/qichedashi/13676.html,0
coloradocollege.edu/us/staff,0
tallahassee.com/story/rossmanblog/2015/05/29/comcast-service-a-sore-subject/28174399,0
metro.us/lifestyle/education,0
eui.eu/ServicesAndAdmin/AccountingService/Index.aspx,0
lancome-usa.com/skin-care/concerns/anti-aging/lift-and-firm,0
50megs.com,0
360che.com/market/170228/76416.html,0
trekearth.com/gallery/Europe/Macedonia_FYR/East/Negotino/Negotino/photo861917.htm,0
pconline.com.cn/896/8966394.html,0
wesh.com/article/injured-in-a-car-accident/5276231,0
"mkvdic.com?""../crjy/cjsd/201512/t20151204_645526.html""",0
tonymacx86.com/categories/infinite-loop.7,0
debenhams.com/home/bedding/mattress-toppers,0
appraisalinstitute.org/videos,0
rttnews.com/2753152/south-korean-court-upholds-impeachment-of-park.aspx,0
kay.com/en/kaystore/emozioni-101984--1/1019840000/101492/1/0/0/0/101492.101984,0
putclub.com/html/listening/guide/20161130/118835.html,0
diamondcapbiz.com/ocw/dj-new-mashup-hd-video-2017.html,0
ecb.co.uk/matches/county/tables,0
debesucher/veranstaltungsdetails/termin/1365/a/showevent/c/Fair,0
swp.de/video,0
soap.com:443/p/clif-twisted-fruit-rope-grape-0-7-oz-18-ct-62610?sku=ACF-056&qid=3830148551&sr=1-30&pf_rd_r=Y8RPZ7SFDBN0NDWHXXT3&pf_rd_p=e54e289a-013b-4ef2-af93-ed22d5dac042&ref=s_hom_tcslc1_qpsc,0
topman.com/en/tmcategory/clothing-172005/home,0
intrepidtravel.com/us/bosnia-and-herzegovina,0
waset.org/topic/Health-and-Medical-Engineering/2017/09/madrid,0
mitre.org/publications/systems-engineering-guide/acquisition-systems-engineering/source-selection-preparation-and-evaluation/rfp-preparation-and-source-selection,0
dvdtalk.ru/magnat,0
kare11.com/features/life-decisions,0
uni-koblenz.de/de/international/wissenschaftler/erasmus,0
gurufocus.com/stock/AAPL,0
standartnews.com/svyat-europe/berlin_nyama_finansovi_zadalzheniya_kam_nato-351675.html,0
hotpepper.jp/SA95/Y751/X970,0
zzz4.com/article/2016/9/86570.html,0
mqw.at/programm/programmdetail/die-grosse-nina-proll-show-vorstadtlieder,0
portal2006.com/india/celebrities/anupam-kher.php,0
blogigo.de/login,0
lamontagne.fr/vie-locale/haute-loire/43000/puy-en-velay.html,0
rarlab.com/rar/wrar540pt.exe,0
sasa.com/account/inbox,0
michaels.com/jewelry-cording/leather-and-suede/809188212,0
yigg.de/users/auth/twitter,0
bendbulletin.com/localstate/5160498-151/planning-commission-to-meet-with-communities?referrer=bullet7,0
cbs.com/shows/the-late-show-with-stephen-colbert/news/1006811/bryan-cranston-ryan-reynolds-and-glenn-close-are-coming-to-the-late-show/?ftag=MKT-01-10aaa7e,0
provins.net/fr/decouverte-du-provinois/activites-nature-en-bassee-montois.html,0
peoples.ru/art/music/guitars/david_philippe_desrosiers/index.html,0
elsalvador.com/obp/home.aspx/index,0
labaq.com/archives/cat_50029200.html,0
twitter.com/intent/tweet?url=http%3A%2F%2Fwww.motor1.com%2Fnews%2F139750%2Fmclaren-new-carbon-fiber-factory%2F&text=McLaren%E2%80%99s+New+Sheffield+Factory+Will+Build+Scalable+Carbon+Fiber+Tubs&via=motor1com,0
classmates.com/registration/city.jsp?cType=school&sId=21&state=New Mexico&pageName=reg|step2&year=&dsource=pub|24636|body2|null|15968|32,0
natalie.mu/stage/pp,0
eventbrite.com/fees,0
imdb.com/poll/0-U9UQEe9rI/?pf_rd_m=A2FGELUUNOQJNL&pf_rd_p=2941824282&pf_rd_r=0D854S5WVVFTSZJ7YCQF&pf_rd_s=center-23&pf_rd_t=15061&pf_rd_i=homepage&ref_=hm_poll_i_4,0
realtytimes.com/advicefromtheexpert/item/47463-press-release-publication-of-new-york-real-estate-for-salespersons-6th-edition?rtmpage=Marciadarvinspada,0
91wan.com/news/2015/324498.html,0
lumendesign.com.br/portfolio/laboratorio-frischmann-aisengart,0
thisismoney.co.uk/video/money/video-1227643/Can-Renault-Kadjar-compete-Nissan-Qashqai.html,0
huffingtonpost.ca/althia-raj,0
univ-nantes.fr/78106627/0/fiche___pagelibre/&RH=FORIN&RF=OUTILS3,0
kohls.com/catalog/womens-rock-republic.jsp?CN=Gender:Womens+Brand:Rock%20%26%20Republic&cc=wms-TN3.0-S-rockrepublic,0
fck.de/de/1-fc-kaiserslautern/aktuell/news/news-details/news/detail/News/viele-autogramme-und-fotos-von-den-fck-profis-1.html,0
mittwald.de/agenturen/agentur-bundle,0
cipd.co.uk/about/media,0
dmu.ac.uk/Study/Undergraduate-study/Student-support/Advice-and-guidance-for-mature-students/Advice-and-guidance-for-mature-students.aspx,0
businesswire.com/portal/site/home/template.PAGE/welcome/?javax.portlet.tpst=cf73395f6abf6d22dcfe35970d908a0c&javax.portlet.prp_cf73395f6abf6d22dcfe35970d908a0c_viewID=MY_PORTAL_VIEW&javax.portlet.prp_cf73395f6abf6d22dcfe35970d908a0c_ndmHsc=v2*A1484830800000*B1490051748240*DgroupByDate*G8*N1030604&javax.portlet.begCacheTok=com.vignette.cachetoken&javax.portlet.endCacheTok=com.vignette.cachetoken,0
95zz9108.net/game/4339.html,0
wearechange.org/shocking-manhattan-man-brutally-beaten-camera-people-watch-apathetically,0
tra-la-la-band.com/151,0
3366.com/heji/295.shtml,0
vzbv.de/service/soziale-netzwerke,0
comsal-trusted-apps-plugin-support/2.4.0-alpha3/sal-trusted-apps-plugin-support,0
fox8live.com/category/73801/entertainment,0
newarkadvocate.com/Circulars/1000193/Walgreens/70323-v346131?ac=circular_api_circularsapi,0
warnerbros.co.jp/kaidora/detail.php?title_id=53060&c=3,0
toysrus.co.uk/toys/browse/outdoor-sports/blasters/_/N-104502,0
yuanlin.com/db/cloud.html,0
nat-geo.ru/page/9,0
oh100.com/a/201612/481319148681.html,0
clashmusic.com/news/jarreau-vandal-off-bloom-more-play-our-spring-issue-launch-party,0
who2.com/job/tv-personality,0
lasprovincias.es/sucesos/201703/20/desaparecidos-tripulantes-pesquero-tras-20170320172532-rc.html,0
oh100.com/a/201608/471921621073.html,0
ibs.it/libri-inglese/social-science-psychology-education,0
aircraftspruce.com/categories/aircraft_parts/ap/menus/ap/spinners.html,0
onrpg.com/games/myth-angels-online,0
superuser.com/users/login?ssrc=head&returnurl=https%3a%2f%2fsuperuser.com%2f,0
santander.com.br/br/pessoa-fisica/santander-select/canais-de-atendimento-select/telefone,0
pendleton-usa.com/user/main.jsp,0
kk.dk/artikel/overv%C3%A6gt-hos-b%C3%B8rn-og-unge,0
autohome.com.cn/135/#pvareaid=103177,0
revolveclothing.com/shoes/br/3f40a9/?navsrc=subshoes_i1,0
joshinweb.jp/peripheral/10512.html?SRT=2,0
deyoutang.com/a/fuwuanli/mingming/2012/0515/85.html,0
bakersfield.com/opinion/letter-to-the-editor-the-emperor-has-no-clothes/article_5647bd46-1aea-5db9-841d-1eefaeb148fd.html,0
refurbstore.com/store/as/country/fr-fr/link/product-fl0h2nf-a,0
mypethome.com/f/discuz?q=%CC%A9%B5%CF%D1%B5%C1%B7%CA%D3%C6%B5&source=hotsId=2189101&ts=1490081018&cuId=0&cuName=&gId=7&agId=0&egIds=&fmSign=&ugSign7=&sign=31a986cc5633e0ae51cb513038a01319&charset=gbk,0
redstate.com/tag/google,0
whybali.ru/on-line-bali-guide/villa-na-bali/217-villa-na-bali-thejewel.html ,0
study.com/directory/category/Business.html,0
uslegal.com/divorce,0
koolearn.com/product/28121_1.html,0
westga.edu/administration/vpaa/index.php,0
philamuseum.org/exhibitions/848.html,0
absoluteastronomy.com/topics/U.S._Route_59,0
sr.se/sida/artikel.aspx?programid=83&artikel=6656081,0
monster.ca/www.monster.ca/jobs/q-it-jobs.aspx?intcid=skr_navigation_swoop_it-jobs,0
starwars.com/games-apps/galactic-spy,0
dynamicdrive.com/emailriddler,0
stylowi.pl/zakupy/5/buty,0
poemhunter.com/poem/when-we-leave-our-mortal-home,0
pedigreedatabase.com/german_shepherd_dog/classifieds.viewad?adid=256212,0
lgv.mx/nosotros/mision.html,0
toyota.com.cn/technology/safety.php,0
liuxue86.com/a/1999781.html,0
transitfan.com/wiki/index.php?title=Conseil_intermunicipal_de_transport_Roussillon,0
dvice.com/2017-3-19/new-director-possibilities-emerge-suicide-squad-2-and-green-lantern-corps,0
livedoor.jp/ranking/er,0
sixapart.jp/social,0
blockshopper.com/cities/university_city/streets/westover.ave,0
sex.com/pin/54117471-oral-sex,0
windowsecurity.com/services,0
internationalpaper.com/products/south-america/cellulose-fibers,0
hoover.org/www.hoover.org/research/health-care,0
news.co.uk/who-we-are/toptalent/sabah-carter,0
biomedexperts.com/Profile.bme/1337556/Marco_Spada,0
provins.net/fr/decouvertes-et-visites/visites-guidees-individuelles.html,0
php100.com/sjhass/bduxrvte,0
lomography.com/countries/52-costa-rica,0
apsny.ge/base/geonews.php,0
syszyz.org/part/detail?aid=185,0
designersguild.com/se/l0,0
nyxcosmetics.com/on/demandware.store/Sites-nyxcosmetics-us-Site/default/SiteMap-Start,0
cajavascript:popUpHelpDetails('/en-CA/help/what-is-verified-by-visa/hc1125.aspx');,0
intellicast.com/National/Surface/Forecast48.aspx,0
comatlassian-plugins-core/2.8.0/atlassian-plugins-core,0
glaad.org/blog/must-see-lgbtq-tv-hap-and-leonard-returns-star-wraps-season,0
pinterest.com/OfficialCowboys,0
360kan.com/ct/PkfqbJ7kLoW1DT.html,0
cbs8.com/story/34698895/win-front-row-tickets-to-see-boston-with-joan-jett-and-the-blackhearts,0
stern.de/gesundheit/muttermale--alba-parejo-wurde-frueher-gemobbt---heute-ist-sie-model-7372592.html,0
blogspot.com,0
dfw.com/2017/03/20/1183085/peter-and-the-starcatcher-soars.html#storylink=omni_popular,0
majorgeeks.com/mg/sortname/anti_virus.html,0
nickjr.com/little-charmers,0
sberbank.ru/en/individualclients/cards/debitcards/partnerdebitcards/giftoflife,0
coloradoan.com/news,0
bdcnetwork.com/blog-type/ssr,0
ometal.com/search/?OME_Keys=%C9%CF%BA%A3%D3%D0%C9%AB%BD%F0%CA%F4&OME_SearchType=%C9%CC%BB%FA,0
rollingstone.com/music/news/see-james-blakes-tender-new-video-with-natalie-portman-w472919,0
freebase.com/view/en/new_zealand_national_soccer_team,0
boun.edu.tr/tr-TR/Module/Bogazicinedestek,0
linuxforums.org/forum/arch-linux/209366-after-installing-arch-no-errors-cant-install-grub-new-post.html?s=1933295c048a64ce492c9729043f2dbd,0
ibm.com/marketing/iwm/dre/signup?source=MAIL-social&disableCookie=Yes,0
htcnb.com.cn/idea/95.html,0
weblio.jp/subcategory/culture/ksbdb/%E9%81%B8%E5%AE%9A%E4%BF%9D%E5%AD%98%E6%8A%80%E8%A1%93%28%E5%9B%A3%E4%BD%93%29_1,0
biz-journal.jp/business-blog/article/entry.html?num=3,0
koob.ru/mama,0
hotspotshield.com/fr,0
isovietnam.vn/tai-lieu-download-mien-phi/files-download/165_1384419307fa56e2d05c0d57a07a3dbc.html,0
tunein.com/radio/KCMO-FM-949-s32092,0
qi-che.com/shanghaichezhan,0
cps.com.cn/list/index/catid/427,0
mnn.com/health/healthy-spaces,0
gamestar.de/news/pc/3311406/super_mario_run.html,0
databasejournal.com/features/article.php/3585206/DBJ-Series-Articles.htm,0
zsnews.cn/Backup/2017/03/13/2923322.shtml,0
chinavasion.com/china/wholesale/Android_Phones/Large_Screen_Android_Phones/Yotaphone-2-Smartphone,0
tvp.pl/26834711/plock,0
rioneportamarina.it/rione/index.php?option=com_k2&view=item&id=33:felpa-2016&Itemid=101,0
dahuasecurity.com/en/us/category.php?cid=904,0
mysheriff.net/categories/business-and-media/detective-and-security-services/investigators,0
moo.com/us/about/moo-promise.html,0
mobilecity.vn/phu-kien-phu-kien-khac,0
tovima.gr/feed/editors/?edid=2343,0
madmoizelle.com/rubriques/pour-rire/linstant-putassier,0
myajc.com/news/state--regional-govt--politics/senate-panel-backs-bill-that-hikes-taxes-georgia-used-car-buyers/D7yF1d5yWGnkTqTZ0EkwSI,0
iloveny.com/things-to-do/history/historical-culture,0
answers.com/Q/How_many_members_does_Illinois_have_in_the_house_of_representatives,0
ytn.co.kr/_ln/0101_201703211416163463,0
northnews.cn/2017/0321/2434655.shtml,0
sandiegouniontribune.com/business/restaurants/sd-fi-buona-forchetta-20170317-story.html#nt=oft06a-7li2,0
custommade.com/job-post,0
cjol.com/pubport/common/goto/152508,0
dahuasecurity.com/en/us/category.php?cid=566,0
beverlyhills.org/citygovernment/smokingregulations/exploringstrengtheningandexpandingcurrentcitysmokingregulations,0
ceu.hu/event/2017-03-21/transformations-creative-labour,0
urbanoutfitters.com/urban/catalog/category.jsp?id=B_MAKEUP_EYES_PALETTE&cm_sp=BEAUTY-_-L3-_-BEAUTY_MAKEUP:B_MAKEUP_EYES_PALETTE,0
nowec.com/splist/14_10095_10096,0
eastday.com/m/20170321/u1a10442616.html,0
khakasnet.ru/hometv/summary,0
"dasdiping.com?""../Teaching/jysx/201604/t20160407_656725.html""",0
tes.com/community.tes.com/forums/trainee-and-student-teachers.18,0
nationalacademies.org./president/index.html,0
ae5partners.com,0
australianmuseum.net.au/blogpost/science/am-expedition-lord-howe-island-2017,0
kommersant.ru/regions/52,0
xdvietnam.com/product/source-code-autocadnet-lap-trinh-bang-vbnet-phan-mem-ve-cot-tren-autocad-1789.htm,0
ybzhan.cn/baike/1169.html,0
bwhresearch.org/funding-prizes-awards,0
uwaterloo.ca/uwaterloo.ca/map,0
gxnews.com.cn/staticmores/628/21628-1.shtml,0
deforschung/kooperationen-partnerschaften/uebersicht.html,0
mp3bear.com/?q=shiraz+jihad+akel,0
um.dk/da/rejse-og-ophold/hvis-uheldet-er-ude/sygdom-og-ulykker,0
letudiant.fr/fiches/metiers/fiche/institut-superieur-de-reeducation-psychomotrice.html,0
acea.be/industry-topics/tag/category/european-modular-system,0
phonearena.com/phones/manufacturers,0
vodpod.com/watch/3061261-kanye-west-gold-digger-ft-jamie-foxx,0
sat1.de/tv/the-biggest-loser/video/910-lukas-unglaubliche-verwandlung-clip,0
medianama.com/jobs,0
movie-megaupload.com/2010/07/09/norma-jean-marilyn-1996.html,0
harveynichols.com/new-in/food-and-wine/homeware,0
php100.com/sjhass/k4ws6bsc,0
absolut.com/ru,0
acehardware.com/family/index.jsp?categoryId=1259915,0
kristv.com/story/34947638/man-who-drove-suspicious-car-near-white-house-is-detained,0
allpages.com/montreal/education/secondary-schools,0
pingan.com/chanpindaogou/chanpinchaxun.shtml,0
foodpolitics.com/tag/aafpamerican-academy-of-family-physicians,0
wired.it/lifestyle/design/2017/03/20/foto-domani,0
njtransit.com/var/var_servlet.srv?hdnPageAction=NJTAppTo,0
finanzen.net/aktien/primestandard/z,0
onrpg.com/games/colony-of-war,0
wickes.co.uk/Products/Security+Ironmongery/Door-Handles+Knobs/c/1000618,0
silverstarauto.com,0
lauraashley.com/uk/poles-and-finials/wooden-curtain-poles+finials/icat/wooden-poles,0
fool.com/quote/nasdaq/apple/aapl,0
sandiegouniontribune.com/visuals/92833502-132.html#nt=oft07a-4gp1,0
edunews-and-media/events-and-calendars/2017/weis-center-family-discovery-series-continues-with-dr-seuss%E2%80%99-the-cat-in-the-hat.html?utm_source=homepageroller&utm_medium=web&utm_campaign=pr,0
protothema.gr/life-style/article/662043/claudia-romani-epestrepse-eroteumeni-kai-ananeomeni-,0
deDE/Ministerium/Anfahrt-Adressen/anfahrt-adressen.html,0
il.gov/Business/Pages/Agriculture.aspx,0
trails.com/mansfield_missouri-hotels.html,0
artfire.com/my_artfire/orders/purchases/1,0
sipse.com./radio/la-comadre-98-5,0
sony.es/www.sony.es/electronics/energia-almacenamiento-cables,0
neubauladen.com/product-category/digital/elements,0
japbt.hu/node/20,0
microformats.org/category/events,0
smogon.com/search/plugin,0
autohome.com.cn/article/570481.html#pvareaid=101730,0
att.com/www.att.com/shop/cart/cartsummary.html,0
infomoney.com.br/carreira/gestao-e-lideranca/noticia/6254328,0
douglas-stuart.com/zgpzxj/ncvt-exam-paper-2017.html,0
huaxia.com/zhwh/sslh.html,0
feedburner.com/volokh/mainfeed,0
partycity.com/category/halloween+costumes/womens+costumes+accessories/womens+princess+costumes.do,0
hipf.com.cn/content/?102.html,0
thieme.de/de/addToCart.htm?code=000000000239210103,0
adelaide.edu.au/www.adelaide.edu.au/library,0
adventurecycling.org/tag/Young%20Adult%20Bicycle%20Travel%20Scholarship,0
onrpg.com/games/dragon-age-2,0
enorth.com.cn/wenming/index.shtml,0
frbsf.org/banking/discount-window,0
enjoyengland.com,0
amazon.com/Valdez-Coming-Burt-Lancaster/dp/B00005LOL2,0
wrbl.com/category/news/military-news,0
varlamov.ru/tag/%D0%9C%D0%B8%D1%82%D0%B8%D0%BD%D0%B3,0
msn.co.uk/en-gb/video/watch/stephen-hawking-plans-space-travel-on-sir-richard-bransons-virgin-galactic/vi-BBys81K,0
191t.site/dongman/2016-8/920.html,0
xyzscripts.com/members,0
3366.com/game/43151.shtml,0
eso.org/public/announcements/ann16036,0
fblife.com/html/20170316/182867.html,0
51fund.com./about,0
fox19.com/story/34956694/iowa-mosque-gets-threatening-note-calling-muslims-vile,0
elpais.es/deportes/2017/03/19/actualidad/1489946442_811248.html,0
kna.no/aktuelt/v%C3%A5rsamling-for-bilsportut%C3%B8vere,0
instagram.com/decorrespondent,0
bma.org.uk/collective-voice/influence/uk-governments/northern-ireland-assembly/ni-assembly-consultation-responses,0
list-company.com/company/list/i-r800260/Business-Johnston-Atoll-Oceania.shtml,0
danfoss.com/career/professionals/career-paths,0
wikipedia.org/wiki/ColleDewhurst,0
be-word-art.com.cn/html/6035.html,0
santabanta.com/bollywood/120590/anil-kapoors-marathon-moment,0
minted.com/product/foil-pressed-save-the-date-cards/MIN-WJO-SFS/stylish-and-elegant?feature=shop_by_artist&event=click&t_api=1,0
csuohio.edu/offices/disability,0
ebuyer.com/store/Sound-&-Vision/cat/Home-Cinema,0
wttc.org:443/about/partners,0
abc7.com/vistala,0
wartsila.com/investors/shares-shareholders/wartsila-in-indices,0
w9wi.com/channels/45.html,0
businessweek.com/ss/10/06/0608_socialentrepreneurs/3.htm,0
t-online.de/tv,0
mckesson.com/health-plans/provider-engagement,0
nesn.com/nfl,0
antiwar.com/justin/2010/06/08/free-bradley-manning,0
eads.net/int/en/group-vision/technology-innovation.html,0
divorcesource.com/ds/tools/custody-junction-scheduling-tracking-and-reporting-1177.shtml,0
motelasal.com/index.php/2016-03-01-21-59-42,0
newcastle.edu.au/international/before-you-leave/health-cover,0
cnzwgk/tpxw/778231.shtml,0
thecoca-colacompany.com/content/journey/us/en/our-company/privacy-policy#advertising,0
myspace.com/thegetupkids,0
theharrispoll.com/politics/Harvard-Harris-Poll.html,0
autohome.com.cn/news/201703/899921.html#pvareaid=2023311,0
ogilvy.com/On-Our-Minds/Articles/June-2014-When-the-Path-to-Purchase-becomes-the-Path-to-Purpose.aspx,0
emkt.com.cn/column/tanchangchun,0
lovemaegan.com/2017/03/beauty-jade-roller-or-chi-roller-new-anti-aging-fave.html,0
suunto.com/ko-KR/?setcountry=ko-KR,0
biblegateway.com/user,0
bloody-disgusting.com/author/killrobot,0
libraryspot.com/biographies,0
ac-lyon.fr/cid89249/le-saia.html,0
imtl.org/montreal/template.php?TYPE=6&edifices=3,0
leprogres.fr/multimedia/videos,0
myfloridalicense.com/dbpr/DBPR_Chapter455_FloridaStatutes.html,0
e-caremanagement.com/john-riedel,0
cabelas.com/catalog/browse/_/N-1100569,0
progressive.com/pwc,0
yuanjiugc.com/game/2671.html,0
123people.co.uk/s/mike+duxbury,0
workday.com/en-us/applications/student.html,0
legalmatch.com/find/utah-lawyers.html,0
youtube.com/user/FlextronicsIntl,0
loreal-paris.fr/account/identification.aspx?create=1,0
770307.ru/services/aluminum/al-lights.html,0
discogs.com/artist/Carla+Bley,0
ac-lyon.fr/cid89110/la-reserve-citoyenne-education-nationale.html,0
homeexchange.com/en/search/Sydney?collection=sydney,0
city-data.com/county/Le_Sueur_County-MN.html,0
slamonline.com/kicks/nike-equality-no-boundaries,0
enorth.com.cn/blmf/index.shtml,0
jazrecords.com,0
phxtutoring.com/courses/elementary,0
bayer.com/en/supervisory-board-of-bayer-ag.aspx,0
terrenosjimenez.com/npogf/sun-mere-humsafer-instrumental-ringtones.html,0
jy135.com/shenghuo/35030.html,0
instagram.com/robinpecknold,0
azsos.gov/about-office/media-center/press-releases/448,0
yelp.com/biz/law-office-of-m-jason-rhoades-pc-duluth,0
kxan.com/2017/03/20/austin-police-to-install-carbon-monoxide-detectors-in-patrol-vehicles,0
1up.com/do/sortIndex?sw=q,0
facebook.com/pages/Budapest-bamako/109774812378391,0
blogspot.com/2010/08/st-pius-x-high-school-in-ottawa-after.html,0
avito.ru/rossiya/produkty_pitaniya,0
leju.com/detail/246499646,0
mir24.tv/news/incidentes,0
metropolitanoenlinea.com/2017/01/04/erradicar-el-sistema-patriarcal-implica-un-proceso-colectivo-complejo-investigadora,0
dailyhaha.com/_pics/booty_call.htm,0
haishangnet.com/index.php/new/index/id/23.html,0
fromthewilderness.com/free/ww3/080906_global_elite.shtml,0
plymouth.edu/academics/graduate-academic-programs,0
unt.se/blogg/utbytesbloggen-uppsala/?blog=1080710,0
autoguide.com/buyers-guide/minivans.html,0
hbrc.com.cn/Jobs/content/id/875981/code/b1aa.html,0
2144.cn/bbs.web2144.cn/forum-287-1.html,0
php?members/katsn.77,0
pilotonline.com/news/government/politics/iraqi-leader-trump-to-accelerate-support/article_3c52bbd4-1d6e-55f2-a78f-858bd83a82fb.html,0
nikeair-huarache.me.uk/roshe-run-nm-c-19,0
stzp.cn/jw/showjob_3782616.aspx,0
thv11.com/weather/conditions,0
allpsych.com/tests,0
gexing.com/index.php?action=register&successUri=www.gexing.com,0
bostonreview.net/world/gianpaolo-baiocchi-dilma-rousseff-impeachment,0
cs.com.cn./ssgs/gsxw/201703/t20170320_5213995.html,0
schwarzwaelder-bote.de/videos/blaulicht,0
colourcafe.tv/images/Stills/JPG/Artist.jpg,0
lge.com/us/discover/smartthinq/thinq,0
wrapbootstrap.com/theme/sing-app-web-angular-2.0-dashboard-WB0J6BJ85,0
freitag.de/autoren/der-freitag/der-tod-lauert-im-kuehlschrank,0
rinkworks.com/rookchat,0
facebook.com/sharer/sharer.php?u=http%3A%2F%2Forf.at%2Fstories%2F2384139%2F,0
electronichouse.com/article/exploring_your_video_on_demand_options/C58,0
alexslemonade.org/campaign/corporate-partners/northwestern-mutual,0
adultfilmdatabase.com/actor/mark-davis-2360,0
ny1.com/nys/rochester.html,0
albertleatribune.com/2011/11/20/gop-outsider-ron-paul-gaining-traction-in-iowa,0
theboxingexaminer.com/tag/sylvera-louis,0
szhome.com/house/4119.htm,0
39yst.com/hwydcs/461645.shtml,0
technobuffalo.com/2017/03/16/horizon-zero-dawn-sells-more-than-2-6m-sets-record-for-playstation-story-dlc-incoming,0
westelm.com/shop/collaborations/commune/?cm_type=gnav,0
orbooks/5045,0
mtv.de/charts/274-top-100-jahrescharts-2016,0
psychiatryonline.org/doi/full/10.1176/appi.focus.20160032,0
menshealth.de/artikel/kondome-fuer-sicheren-sex.286256.html,0
72177.com/guonei,0
cndenkei.com/Product/Detail.aspx?did=534,0
comzplayer/usageguide/user_interface_overview_tablet_medialib_tv_jukebox_mode.html,0
r7.com/brasil/por-que-tantos-politicos-agora-defendem-voto-em-lista-fechada-e-o-que-isso-tem-a-ver-com-a-lava-jato-20032017,0
atlanticcouncil.org/programs/brent-scowcroft-center/strategic-foresight/urban-world-2030,0
cov.com/cpruitt,0
ecenglish.com,0
clasohlson.com/se/view/COProductController/quickView?productCode=40-7906-2,0
ticketsmarket.co.uk/venue/olympiahalle-munich,0
eagletrust.org.za/index.php/get-involved/become-a-donor,0
thenora.co.uk/collections/women-sweaters,0
welt.de/boerse,0
tidbits.com/article/17105#comments,0
plcnet.dk/plcnet.dk/studio/index.html,0
azquotes.com/author/584-Mary_Kay_Ash,0
anvisa.gov.br/registros-e-autorizacoes/saneantes,0
mt5.com/experts_say/fullview/2777,0
indecisionforever.com/shows/the-meltdown-with-jonah-and-kumail,0
comatlassian-plugins-servlet/2.3.2/atlassian-plugins-servlet,0
cn http:/www.chinatibetnews.com,0
showmypc.com/press/showmypc-review-siliconindia.pdf,0
c114.net/market/220/a999641.html,0
freebase.com/view/en/sue_downey,0
raygalletti.com,0
tex-bezpeka.com.ua/index.php/shop-store/video-monitoring/videocamera/zb-ir40aos-detail,0
10yan.com/html/201703/20/95690.shtml,0
kaskus.co.id/profile/5870210/?ref=homelanding&med=fjb_categories,0
sports.ru/tennis/1049548541.html?mainNews-tennis#comments,0
tedxtaruc.com/wp-content/plugins/wooplagins1/gvof/best-bhangda-mix-english-mp3-songs-download.html,0
audiworld.com/forums/showthread.php?t=2916764,0
bsjinshu.com/content/?488.html,0
buenosairesherald.com/article/225028/oas-calls-for-regional-cooperation-on-migration,0
joelonsoftware.com/2000/04/30/top-five-wrong-reasons-you-dont-have-testers,0
youtube.com/watch?v=KwVt2U0glII,0
wholesalejerseysnflchinashop.com/NFL-JERSEYS_ATLANTA-FALCONS-JERSEY,0
southbankcentre.co.uk/policies/privacy,0
macitynet.it/tag/apple-watch,0
dgb3tver.ru/patsientam/dispanserizatsiya,0
uu.edu/socialmedia,0
worldsoccer.com/columnists/paddy-agnew,0
glitter-graphics.com/login/forgot_password.php,0
comatlassian-plugins-schema/3.1.0-m2.1/atlassian-plugins-schema,0
jc001.cn/gc-012002012,0
broadwayworld.com/philippines,0
foodpolitics.com/tag/price-fixing,0
geologyenthusiast.com/ohzf/tu-chij-bdi-hai-mst-mst-new-song-video.html,0
ucp.org/what-we-do/advocacy,0
comsal-core/2.6.1/sal-core,0
tributes.com/funeral_homes/profile/4938,0
vitalbmx.com/videos/new,0
cnpq.br/visualizacv.do?id=K4787982Z6,0
onrpg.com/games/galaxy-online-ii,0
dastelefonbuch.de/www.dastelefonbuch.de/Themen/Vegan,0
qi-che.com/qichezixun/xv2913809.html,0
salute.gov.it/portale/ministro/p4_5_3_1.jsp?lingua=italiano&label=ufficiPeriferici&menu=ufficiPeriferici,0
facebook.com/sharer/sharer.php?u=columbia.jp,0
city-data.com/city/Uniontown-Pennsylvania.html,0
zenfolio.com,0
government.se/tx/2140,0
yogajournal.com/digital-editions,0
heraldsun.com.au/real-estate/victoria/east/median-house-price-slump-from-armadale-to-toorak-brings-down-melbourne-average/news-story/a96afca8da8dc803186304b9b817045b,0
spoonuniversity.com/how-to/broke,0
protothema.gr/life-style/article/663263/modela-se-kasting-i-se-sklavopazaro-,0
qai.cc/lehuo/jiajiyuanyi,0
godlikeproductions.com/forum1/message3072710/pg6,0
rch.org.au/news/2017/03/10/rch-sets-new-benchmark-for-patient-care-with-world-class-emr,0
visitberlin.de/de/sehen/museen-kunst/street-art,0
nationalarchives.gov.uk/help/sitemap.htm,0
mycentraljersey.com/story/sports/golf/2017/03/20/tiger-woods-1997-masters-book-my-story/99418914,0
uncrate.com/gear/tools,0
publicationethics.org/events/8th-international-congress-peer-review-and-scientific-publication,0
bleacherreport.com/articles/337939-the-25-greatest-footballers-to-never-play-in-a-world-cup,0
minutouno.com/contenidos/r10.html,0
doyo.cn/flash/game/700362,0
greyhound.com/en/discover-greyhound,0
ly.com/www.ly.com/dujia/faguo-lvyou,0
ntdtv.com/xtr/gb/2016/12/08/a1300902.html,0
thestarphoenix.com/category/news/world,0
cnshop/class/?157.html,0
kktv.com/content/news/?article=158511785,0
hf365.com/system/2017/03/17/015204478.shtml,0
smu.edu/studentlife,0
oko-planet.su/politik/politwar,0
getafellowship.com/store,0
alacrastore.com/company-snapshot/TVA_Group_Inc-2014921,0
spieletipps.de/pc-spiele,0
google.com/107723669253827427395/posts?hl=it,0
examiner.com/series/2717/bet-experience-at-l-a-live-tickets,0
slobodnadalmacija.hr/scena/kultura,0
wolfgangsvault.com/trouser-press-issue-71/magazines/magazine/TP071.html,0
eluniversal.com.mx/articulo/cultura/artes-visuales/2017/03/20/hotel-de-banksy-con-vista-muro-israeli-abre-en-belen,0
comatlassian-vcache-internal-legacy/1.8.0/atlassian-vcache-internal-legacy,0
models.com/portfolios.models.com/-357109,0
moviefone.com/movie/the-great-wall/20084544/main,0
fx678.com/stock/index.shtml,0
eirefirst.com/songlyrics.html,0
pagina12.com.ar/autores/389-alejandra-dandan,0
stawrew-attorney.info/npogf/Bhabhi-ke-bur-aur-gaand-me-lund-ka-images.html,0
teachforamerica.org/alumni/community/collective,0
olemiss.edu/tools/ViewUserFile.jsp?filename=nwilkin-300-jm4sPvo7.html,0
lafayette.edu/node/19693,0
sanhaostreet.com/News/html_2017-03-20/266480_trader.html,0
lafeltrinelli.it/musica/cd-album/francesco-de-gregori/2091148/33,0
cars.com/vehicledetail/detail/695508938/overview,0
orbis.co.jp/mid/163/?adid=mega_concern_pc,0
cameoworldtalentagency.com/tnol/ace-3.ehi-config-download.html,0
ogilvy.com/The-Work/Galleries/Twin_Peaks_lifestyle.aspx,0
maigoo.com/maigoo/298gn_index.html,0
neowin.net/news/pre-order-samsung039s-galaxy-tab-s3-in-the-uk-and-you039ll-get-a-free-keyboard-cover-worth-119,0
scdaily.cn/xxck/201603/54391463.html,0
fin24.com/Economy/uk-inflation-seen-above-2-for-first-time-since-13-20170320,0
wowprogress.com/char_statistics/ru/field.honor_kills,0
news-leader.com/insider/deals/2017/02/13/free-mask-toy-barkshop-your-pup/97871926,0
gamesindustry.biz/articles/2017-03-16-horizon-zero-dawn-hits-2-6m-sales#comments,0
cncrk.com/downinfo/111264.html,0
twitter.com/home?status=www.businessawardseurope.com,0
mobile-review.com/articles/operator.shtml,0
reverso.net/english-italian,0
baseball-reference.com/players/r/rodrial01.shtml,0
hottopic.com/details/?cm_sp=Global-_-Ribbon-_-25Off,0
forwallpaper.com/search/abstract.html,0
egmcartech.com/2017/02/09/2017-chicago-new-nurburgring-tuned-2018-hyundai-elantra-gt-arrives-americas-i30/#comments,0
sportsauthority.com/s/california-disclosures,0
fontys.nl/Studeren/Minors/Externe-minor.htm,0
aish.com/jw/s/100212724.html,0
1mobile.com/index/4.html,0
pahomepage.com/news/local-news,0
usapa.org/event/spa-70,0
facebook.com/pages/Osisko-Mining/108153549236322,0
eniro.se/gulasidorna.eniro.se/kategori/bilglas:r1000593,0
imagup.com/logiciel/autre/finances-et-business,0
urban.org/author/demetra-smith-nightingale,0
fantlab.ru/publishers/top,0
hadongtuong.com/uqcm/haryanvi-songs-haryanavi-mp3-download-sapna-choudhary.html,0
clubregistration.net/events/roster.cfm?event_id=3460,0
ocu.org/vivienda-y-energia/calefaccion/test/estufas-pellets,0
insee.fr/fr/information/2115000,0
carnoc.com/item/6/6399.html,0
cjponyparts.com/mustang-interior/c/60110000,0
nowec.com/splist/3_10165_1031895,0
nasdaq.com/personal-finance/saving-money,0
middleeastexplorer.com/Turkey/Bulgarian-language,0
valor.com.br/internacional/4906826/preparamos-decretos-para-salvar-setor-minerador-de-carvao-diz-trump,0
chberatung/anwalt-finden,0
mirror.co.uk/3am/celebrity-news/mel-b-ex-stephen-belafonte-4814237,0
anymemo.ru/component/k2/itemlist.feed?moduleID=82,0
google.com/110484574077336995090/posts,0
stzp.cn/jobvip/3709921.html,0
remontnn52.ru/index.php/otzyvy,0
fringepedia.net/wiki/William_Bell,0
facebook.com/thomas.sprague,0
tnj.com/career/career-advice/4-simple-rules-proper-e-mail-etiquette,0
facebook.com/sharer.php?u=nicematin.com/cinema/sandrine-kiberlain-a-cannes-pour-une-master-class-ce-dimanche-soir-123068,0
rug.nl/about-us/who-are-we/sustainability,0
al-abrarmuson.org/unyl/vidio-lesby-di-kamar-kos-mahasiswa-kota-banfung.html,0
twitter.com/intent/tweet?text=RT @neatorama - DJ+Koala+-+With+Special+Guest+MC+Marsupial%21 http%3A%2F%2Ftinyurl.com%2Fk4yaqe4&source=neatorama,0
bedbathandbeyond.com/store/category/kitchen/coffee-tea/single-serve-coffee-makers/12855,0
tasnimnews.com/fa/service/68/%DA%A9%D8%B1%D9%85%D8%A7%D9%86%D8%B4%D8%A7%D9%87,0
tomtop.com/fishing-hooks-89,0
ledauphine.com/sport/criterium-dauphine,0
buyh2oplan.com/xga/new-bhjpuri-d.j-adita-azmgat.html,0
westga.edu/hr/overtime-compensatory-time-policy.php,0
tulsaworld.com/sportsextra/cowboy-duo-tabbed-big-s-weekly-best/article_c970fced-ee29-57d4-a52a-f6bb987bf3f9.html,0
newsday.com/sports/baseball/mets/tim-tebow-at-new-york-mets-spring-training-pictures-1.13183638,0
youtube.com/watch?v=dGE8_akd9Oo,0
abb.com/service/maintenance,0
comscienceforkids/seasons/paintandmake/paintandmakewinterkids.htm,0
9ku.com/geshou/55012.htm,0
sonyericsson.com/iq,0
usmint.gov/pressroom/insidethemint/indexboys-town-debut.html,0
commailto:?subject=The%20Tragic%20Way%20Social%20Media%20Could%20Be%20Killing%20Wildflowers&body=http:/www.com/gardening/a42244/photo-of-poppy-field-reminder-to-respect-nature/?src=social-email,0
disneystore.com/personalization-shop/mn/1001279,0
cncrk.com/downinfo/86682.html,0
"zhifuzhilu.com.cn?""../index/dsj/201609/t20160915_673348.html""",0
artforum.com/picks/section=world#Hong Kong,0
hardcoregamer.com/category/features/pocket-power,0
govyi.com/wenzhang/jieri/zhongqiujie,0
tvseriesfinale.com/tv-show/crashing,0
evri.com/person/fred-van-eps-0x94892,0
ancestry.com/~maryc/went1923.htm,0
norges-bank.no/Kontakt/kart,0
big12hoops.com/2011/1/19/1944614/lone-star-showdown-in-austin-texas-a-m-aggies-at-texas-longhorns,0
sovsport.ru/tennis/wtatour/doha,0
yinhangzhaopin.com/dfsafg/index.php,0
eatwild.com/products/index.html,0
47news.jp/news/2017/03/post_20170321074608.html,0
teespring.com/dashboard/upsells,0
gruntjs.com/blog/2014-05-12-grunt-0.4.5-released,0
amazon.com/ecr/?nc2=h_mo,0
ria.ru/world/20170321/1490448940.html,0
kitv.com/category/306310/surf-forecast,0
neighborsink.com/sites/registerherald.html,0
sharp.cn/aquos/ug,0
booksamillion.com/content/delivery/ck.php?oaparams=2__bannerid=8815__zoneid=538__cb=01cf0f0016__oadest=http%3A%2F%2Fwww.booksamillion.com%2Fsearch%3Fid%3D6435383783663%26query%3Dhyperkin%26where%3DAll%26id%3D6435383783663%26oxid%3D8181%26oxname%3Dhyperkin%26oxpage%3Dtech%26oxpos%3Dr3c1%26oxdate%3D21716-Ad-TXT%26,0
leiphone.com/latest/index/id/3863,0
64365.com/baike/qfzzq,0
pconline.com.cn/download/362917.html,0
php100.com/sjhass/qyt83xqy,0
ispo.com/about/id_79040188/ueber-uns-das-ispo-netzwerk.html,0
politiken.dk/kultur/medier/art5852485/Sprogforsker-%E2%80%99Mads-og-Monopolet%E2%80%99-kan-v%C3%A6re-et-forbillede-for-politisk-debat,0
accc.gov.au/business/industry-codes/horticulture-code-of-conduct,0
heart-basedspiritualcounseling.com/tlhke/mehndi-.lagake.-rakhna.-bhojpuri.-dj.mp3.html,0
mydrivers.com/review/507389-1.htm,0
advisorcentral.com/ACWebApp/dflt/Login.bd?redirectUrl=/investing/home,0
deprofis/uebersicht,0
geograph.org.uk/photo/298065,0
doubleclick.net/gampad/clk?id=672022736&iu=/8456/IDG.UK_Clk_Tracking,0
chinabgao.com/report/2750692.html,0
quill.com/bulk-hand-soap/cbl/83.html,0
bomnuoc.vn/bom-wilo/bom-hoa-tien-wilo,0
gohawaii.com/maui/about/geography,0
esc.edu/admissions,0
mp3raid.com/music/petr_novak_povidej.html,0
tucson.com/e-edition,0
publiclab.org/wiki/nonprofit-initiatives,0
diabetes.org/food-and-fitness/food/what-can-i-eat/food-tips/snacks.html?loc=ff-slabnav,0
thefa.com/news/2017/mar/20/manchester-city-charged-200317,0
aprilia.com/en_EN/history,0
floorplanner.com/gallery,0
animenewsnetwork.com/interest,0
kompas.com/index/tekno,0
raventools.com/marketing-glossary,0
microcenter.com/product/457306/CX_Series_CX750M_750_Watt_ATX_Modular_Power_Supply,0
carecredit.com/welcome/paymentCalculator,0
desktx.com/phone/katong/24612.html,0
favecrafts.com/Garden-and-Outdoor/How-to-Paint-Rocks#comments,0
gamestar.de/angespielt,0
challenges.fr/sport/basket-le-portel-s-impose-a-limoges-en-proa_461765,0
marchaparajesusatibaia.com.br/index.php/participacoes,0
mirror.co.uk/tv/tv-news/adam-rickitt-joins-hollyoaks-13-10060863,0
stcare.net/asiyase,0
liveresult.ru/football/players/Brian_Leonel_Blando,0
sportingnews.com/nba/news/cavaliers-sit-big-three-clippers-lebron-pissed-nba-reaction-kyrie/13yxucr8eifi51idpsx643c6in,0
kens5.com/traffic/airport-arrivals,0
beso.com/duchess-fine-china/search,0
crutchfield.com/g_15730/TV-Stands.html,0
allo.ua/universalnye-mobilnye-batarei,0
delfi.lt/projektai/issifruoti-rusija,0
simplybusiness.co.uk/microsites/email-marketing-guide,0
sciencemag.org/author/jocelyn-kaiser,0
fooyoh.com/menknowpause_lifestyle_living/viral/14829384/this-is-the-first-popular-hits-mashup-of-2014-video,0
comatlassian-template-renderer-velocity16-plugin/1.4.0-alpha1/atlassian-template-renderer-velocity16-plugin,0
aqmd.gov/home/library/public-information/2016-news-archives/revised-draft-aqmp-2016 ,0
xiti.com/go.click?xts=445897&s2=&p=KOMNAV_KONTAKT&clic=S&type=click&url=www.tlz.de/kontakt,0
163.com/bj/BPVJ.html,0
sky-dl.com/search/live+sex+flim.html,0
fdcew.com/wgwd/wgpxja/105039.html,0
yardbarker.com/nfl/teams/new_orleans_saints/55,0
eepw.com.cn/article/201611/340674.htm,0
diosbaco.co/index.php/vino,0
nextbposolutions.com/npogf/atif-aslam-new-songs-tere-rashke-qamar.html,0
52z.com/SoftList/695_1.html,0
enriqueiglesias.com/profiles/blogs/helsinki-finland#comments,0
autohome.com.cn/article/569488.html#pvareaid=2023219,0
vietnamnet.vn/vn/suc-khoe/cac-loai-benh/benh-di-dang-mach-mau/18588,0
quill.com/poly-bags-poly-bags-sealers/cbd/240.html,0
internet2.edu/about-us/community-awards/presidents-leadership-award,0
iroshaint.com/index.php/our-products/military-shoes/boot-highleg-brown-commando-detail,0
caixabank.es/particular/general/premios_es.html#excelencia,0
henannu.edu.cn/2017/0317/c27a92184/page.htm,0
dirjournal.com/articles/choose-host-wordpress-website,0
jxrencai.com/zhaopin/maoyizhuguan,0
hpe.com/ru/ru/home.html,0
hamburg.de/unternehmen-hamburg,0
onlinedown.net/soft/186854.htm,0
all4share.net/e-books/javascript-and-jquery-interactive-front-end-web-development-1st-edition.html,0
jpost.com/Breaking-News/Haredi-protesters-arrested-in-Ramat-Gan-and-Jerusalem-484696,0
zgxqds.com/blog/article.asp?id=51927,0
33lc.com/zhuanti/adobe2017,0
copypast.ru/2017/03/21/forfriend-1-prikoly_iz_socialnykh_setejj_27_foto.html,0
sjsuspartans.com/ViewArticle.dbml?DB_OEM_ID=5600&ATCLID=202839,0
myajc.com/news/breaking-news/trump-voters-south-georgia-come-terms-with-gop-health-plan/YGhaSvEz7yeZowZQZhYYLM,0
nowec.com/splist/6_1036244_1036271,0
historynewsnetwork.org/blog/author/13,0
youtube.com/watch?v=R_MsJAFy4Rs,0
about.com/cs/frenchfilm/fr/swimmingpool.htm,0
taiwantrade.com.tw/products/list/circuit-breakers-fuses-5971-cateGallery.html,0
lacity.org/blog/mayor-announces-record-job-growth,0
oaoa.com/news/business/building_permits,0
westernaustralia.com/en/About_Western_Australia/Pages/About_Western_Australia.aspx,0
gkong.com/learn,0
craigslist.com/search/wrg,0
tiqiu.com/about/linkus.html,0
powells.com/book/the-goldfinch-9780316055444/17-18,0
zgxqds.com/blog/article.asp?id=52949,0
irishexaminer.com/breakingnews/ireland/man-dies-in-crash-on-m1-782303.html,0
cruisesoncelebrity.com/topic/malayalam-aunty-kambi-kadakal-exbii-pdf-no.html,0
qctimes.com/entertainment/restaurants-we-remember/collection_83f1634e-cd84-11e4-9b8d-c7cbd4dc3ccf.html,0
novotel.com/hotel-directory/gb/all-novotel-hotels.htm,0
timeout.com/prague,0
z47.cn/a/wuhan/xinwen/2015/0318/67586.html,0
ebay.com/sch/sis.html?_nkw=NWA+WCW+SUPERBRAWL+II+2+WRESTLING+VHS+VIDEO+TAPE+GC,0
dailymail.com/sciencetech/article-4332942/Teen-designs-rapping-AI-feeding-Kanye-West-lyrics.html#comments,0
anquan.org/www.anquan.org/tort,0
jewishpress.com/author/asherschwartz,0
visitscotland.com/destinations-maps/glasgow,0
slbenfica.pt/pt-pt/home/modalidades/basquetebol/formacao.aspx,0
sina.com.cn/40,0
ns.nl/over-ns/ns-en-samenleving/sponsoring.html,0
sheetmusicplus.com/instruments/bass-voice-sheet-music/900110,0
anvisa.gov.br/documents/375992/2865950/IMPORTA%C3%87%C3%83O+LISTA+NCM+SITE+2014+%28Junho+de+2016%29.pdf/40bdc510-49b5-4628-b87e-7018fcc21cb6,0
reddit.com/submit?url=geekswithblogs.net/JoshReuben/archive/2017/03/17/distributed-tensorflow-pipeline-using-google-cloud-machine-learning-engine.aspx&title=Distributed TensorFlow Pipeline using Google Cloud Machine Learning Engine,0
texasthyroidinstitute.com/cdn-cgi/l/email-protection#6a0b1a1a0503041e070f041e192a1e0f120b191e02131805030e0304191e031e1f1e0f44090507,0
100xuexi.com/HF/wangxuzuobaoxianxue,0
online.ua/about.online.ua/contacts,0
aoshu.com/zlk/dzkb/sx/rjb/yx,0
uni-koeln.de/phil-fak,0
officesnapshots.com/media-press,0
xa.gov.cn/usl/hdjl/complaint_tszxjyb.aspx?mode=jianyi,0
mckinsey.com/business-functions/marketing-and-sales/our-insights/the-new-battleground-for-marketing-led-growth,0
elsevierhealth.com/medicine/hepatology-1,0
mercedes-benz.de/content/germany/mpc/mpc_germany_website/de/home_mpc/passengercars/home/new_cars/models/e-class/c238/facts/technicaldata/models.html,0
federalregister.gov/reader-aids/using-federalregister-gov/document-features-text,0
jl.gov.cn./zw_77306/jd,0
cheshi.com/166340,0
nydailynews.com/entertainment/gossip/reese-witherspoon-reportedly-furious-nicole-kidman-article-1.3003111,0
huatu.com/cla/class_detail_46067.htm,0
blogspot.com,0
wikipedia.org/wiki/Idea_leuconoe,0
21csp.com.cn/aboutus/otherpages/zhaopinxinxi.html,0
volkskrant.nl/buitenland/vier-doden-bij-schietpartij-willemstad~a4476305,0
darkbb.com/tag/vynil,0
libertylondon.com/uk/brands/s/santa-eulalia,0
fox2detroit.com/news/242218852-story,0
bostonphoenix.com/Boston/Arts/MuseumAndGallery,0
atmel.com/applications/wearables/default.aspx,0
memory-alpha.org/wiki/Category:Locations_(alternate_reality),0
walmart.com/cp/fish/202074,0
americorps.gov/resources/recruitment,0
gnavi.co.jp/ad/link?loc=0205203,0
multiply.com/photos/album/9/Concert_Pamphlet_Kat-tun_-_Queen_of_Pirates_III,0
siderpress.it/it/Sezione.asp?sez=certificazioni,0
heraldonline.com/2011/07/08/3204275/new-drummer-adds-chops-to-mack.html,0
qctimes.com/news/opinion/editorial/columnists/guest,0
romandie.com/news/Intenses-bombardements-sur-lest-de-Damas-apres-une-attaque_ROM/781521.rom,0
lmjx.net/hntjx/ghsj.asp,0
griffintowntheatre.com,0
hrm.cn/companyinfo/14247.html,0
deccanchronicle.com/entertainment/sandalwood,0
uncrate.com/style,0
hani.co.kr/arti/economy/home01.html?_fr=mt0,0
infibeam.com/Books/categories/Drama/Canadian,0
decaturdaily.com/sports/weatherwax-cobb-lead-hawks-past-eagles/article_d06c18b8-0912-5c86-8e5e-71324b4a8965.html,0
woodsidehs.org/?id=1306,0
lefigaro.fr/elections/presidentielles/2017/03/20/35003-20170320LIVWWW00283-en-direct-debat-presidentielle-tf1-le-pen-macron-fillon-melenchon.php#001750,0
hetzner.de/hosting/produktmatrix/storagebox-produktmatrix,0
comchangeyourmindset/natureofchange/index.html,0
my373.cn/anli/main/73,0
mp3raid.com/music/j_cole_the_storm.html,0
twitter.com/home?status=topwpthemes.com/vangard,0
sciencefriday.com/segments/a-proposed-science-budget-hacking-via-sound-and-a-fluorescent-frog,0
gifts.com/categories/personalized-gifts/1vV,0
eldorado.ru/cat/170181404,0
usahockey.com/news_article/show/771440?referrer_id=752796,0
citysearch.com/profile/33579566/carrollton_ga/aubrey_silvey_enterprises_inc.html,0
sharebnb.me/user-image/seattle-art-museum,0
ihg.com/www.ihg.com/hotels/us/en/customer-care/interstitial,0
betfair.com/en/GBR,0
eol.cn/html/g/mingdan,0
cancertutor.com/lifestyle,0
cato-at-liberty.org/events/can-health-insurance-innovations-reduce-prices-drive-cost-effective-care,0
man.ac.uk/discover/governance/charitable-status,0
familyhandyman.com/woodworking/shelves,0
thefashionablehousewife.com/category/beauty-products/makeup,0
coderwall.com/p/kqb3xq/rails-4-how-to-partials-ajax-dead-easy,0
systemrequirementslab.com/cyri/requirements/the-escapists/12444,0
wenchang.gov.cn./rdxxph/yph/201701/t20170105_2204634.html,0
oricon.co.jp/present,0
51sole.com/b2c/list_7009_3,0
jmir.org/article/export/bib/jmir_v19i3e60,0
sentinelquarterly.com/poetry-competition-oct-2011,0
avito.ru/www.avito.ru/nenetskiy_ao,0
huatu.com/2017/0313/1552641.html,0
ancestry.co.uk/surnames.belanger/428.1/mb.ashx,0
unjs.com/daxue/liaoning/20120102155056_734332.html,0
10times.com/organizers/julang-exhibition,0
yahoo.com/joe-mr-piano-henderson,0
nationofblue.com/joe-manley-kentucky-s-biggest-recruit-literally-5432,0
montrealgazette.com/news/Killer+Turcotte+review+hearing+postponed/5248070/story.html,0
lazada.com.ph/shop-non-electric-stand-water-dispensers-coolers/pureit-official-store,0
sgs.com/en/our-company/investor-relations/events-and-conferences,0
corporationwiki.com/Florida/Miami/maurice-d-mcclain-P6095286.aspx,0
pricegrabber.com/printers/browse,0
datasheetcatalog.com/datasheets_pdf/T/D/A/8,0
nouvelobs.com/tag/asie,0
minicraftgamesonline.com/minecraft-games/14/caved-in,0
autoevolution.com/news/bbc-america-reboots-top-gear-usa-presenter-lineup-changed-from-the-ground-up-116302.html,0
rumormillnews.com/cgi-bin/forum.cgi?noframes;read=56592,0
iii.org/fact-statistic/winter-storms,0
bizcommunity.com/196/669.html,0
six168.com/LINK/?5000+++++1,0
eir.ie/bb,0
sofmap.com/www.sofmap.com/search_result/exec/?product_type=ALL&gid=UD22000000&stopics=used_outlet01&styp=p_srt&order_by=DEFAULT&dispcnt=50&image=on&cs=off,0
facs.org/education/division-of-education,0
wkyt.com/station/advertisewithus,0
jhnews.com.cn/history/index/2017-03/16-00.shtml,0
euskadi.net/eusko-jaurlaritza/albisteak-ekitaldiak,0
kupitglukofon.com/2016/10/29/%d0%b3%d0%bb%d1%8e%d0%ba%d0%be%d1%84%d0%be%d0%bd-10-%d0%bb%d0%b5%d0%bf%d0%b5%d1%81%d1%82%d0%ba%d0%be%d0%b2-hijaz-30%d1%81%d0%bc-2,0
ncaabbs.com/showthread.php?tid=530328,0
dst.dk/nyt/22663,0
messe.de/de/messen/personal-austria.xhtml,0
xs8.cn/book/301686/readbook.html,0
espncdn.com/specialolympics/story/_/id/18958552/2017-special-olympics-world-winter-games-austria-great-britain-james-millard-dedicates-competition-late-mother,0
thehill.com/blogs/in-the-know/in-the-know/322221-schwarzenegger-done-on-apprentice-cites-trump,0
tovima.gr/society/article/?aid=868669,0
narconews.com/Issue67/articulo4826.html,0
nownews.com/n/2017/03/20/2448041,0
tums.ac.ir/content/details/418,0
laketahoebesthomes.com/npogf/Mere-rashkejigar-tunepehli-nazaraudio-songsdownload-in-wapkingin.html,0
onrpg.com/games/astro-empires,0
streamingthe.net/KCSM-91.1-FM-San-Mateo-Jazz/p/10007,0
bdbcsy.com/html/6345892314.html,0
bestchange.ru/converter,0
techbargains.com/category/386/lifestyle-home/furniture,0
mcamy.net/geary/photos/pages/photos12.html,0
uprr.com/customers/shortline/lines/index_l_p.shtml,0
eduStudent-Development/Student-Involvement-and-Leadership/Clubs-Organizations/resources-faq/about-club-sports.asp,0
xjbs.com.cn/aod/gushigb,0
xanga.com/699306112/watch-ufc-97-live-video-streaming-online,0
subaonet.com/2017/0321/1953558.shtml,0
weddingchannel.com/coupledir/201111/M/R320705790/JESS_MCINTOSH_AND_JONDAVID_SCHLOUGH.htm,0
51sytszlq.cn/html/81.html,0
orgnews/news/detail/News/die-neue-ausgabe-des-report-117-ist-erschienen,0
hoover.org/www.hoover.org/library-archives/about/news/events,0
vol.at/anzeigen/karl-steiner-70395,0
brightkite.com/essay/cultural-identity,0
jigsaw.com/20100103_20100109_g_1/recently_added_contacts.xhtml,0
staples.ca/sbd/cre/marketing/international/index.html,0
qi-che.com/qichedashi/13617.html,0
songlyrics.com/pulse-ultra/void-lyrics,0
oaic.gov.au/agencies-and-organisations/guides/privacy-management-framework,0
bluffton.edu/%7Esullivanm/france/paris/stdenis/stdenis.html,0
win7china.com/html/24533.html,0
shape.com/lifestyle/mind-and-body/target-body-positive-swimwear-campaign,0
comatlassian-rest-samples/3.0.0-m004/atlassian-rest-samples,0
lazada.com.ph/shop-health-beauty-body-slimming-devices,0
lematin.ch/people/reste-barbus-actrices-cheveux-gras/story/11517057,0
archives-ouvertes.fr/page/le-referentiel-des-disciplines,0
readymag.com/530219,0
calameo.com/books/0007627951f7397285009,0
seekingalpha.com/symbol/WTW/earnings_analysis,0
4chan.org/boards.4chan.org/vip,0
spoilertv.com/search/label/Vinyl,0
opic.gov/what-we-offer/investment-funds,0
cnn.com/baseball/mlb/players/8410/index.html,0
wusa9.com/news/nation-now/kids-on-winning-robotics-team-told-go-back-to-mexico/423633248,0
zimbio.com/Ellie+Kemper/articles/aSHN1RDTJfV/Ellie+Kemper+Hot,0
inmarsat.com/service-group/m2m,0
gamestar.de/news/pc/3311475/gamercon.html,0
um.dk/da/danida/samarbejspartnere/int-org/oecd-dac/dac-peer-review-2011,0
comproduct/html/?6.html,0
interment.net/data/canada/qc/stanstead/edmond/edmond_babi.htm,0
factroom.ru/entertainment/puzzle-for-the-plodding,0
pravakta.com/news/aus-149-for-4-wickets,0
composts/6056739,0
3dartistonline.com/users/87993/thm1024/1476123936_Compo_high.jpg,0
facebook.com/groups/PLDevelopers,0
maigoo.com/maigoo/384ban_index.html,0
teacherspayteachers.com/Browse/PreK-12-Subject-Area/Geography?ref=filter/subject,0
obninsk.ru/obninsk/social-sphere/miloserdie/adm-miloserdie,0
walesonline.co.uk/all-about/caerphilly,0
minecraftwiki.net/Version_history/Pre-classic,0
man.ac.uk/study/international/admissions,0
brocku.ca/about/visit-brock,0
mindtools.com/corporate/products.php,0
versace.cn/zh-cn/%E4%B8%BB%E9%A1%B5,0
csufresno.edu/www.fresnostate.edu/studentaffairs/studentinvolvement,0
brother.com/VirData/Content/en-US\Printers\BrotherUSAHomePage\NewsDocuments\Brother_Press_Release_Color_Laser_Printers_3-14-17.pdf,0
dinodirect.com/banks-registers-vending,0
vancouver2010.com/videos/nagano-1998,0
moneycontrol.com/news_html_files/pdffiles/feb2017/brnl.pdf,0
smart60.ru/files/cat/3/11,0
cakecentral.com/gallery/i/3392461/monster-high-cake,0
greens.org.au/greens.org.au/save-the-reef,0
organicgardening.com/tags/bymaria,0
wikipedia.org/wiki/Kate_Spade,0
vietbao.vn/The-gioi-giai-tri/Trac-Nghiem,0
southcn.com/jrcj/content/2017-03/20/content_167289732.htm,0
eurasianet.org/voices/theninthwave,0
18touch.com/category/walkthrough,0
jiaoshi.com.cn/display/company_1_607703.html,0
agenciasinc.es/Agenda/Producir-o-perecer-ciencia-a-presion,0
bis.org/banking/index.htm?l=2&m=4%7C19,0
ahhr.com.cn../firm/company.aspx?comid=CA11072682#97978,0
shutupandtrain.com/dashboard/promotions,0
letidor.ru/zdorove,0
heathrow.com/transport-and-directions/car-rental,0
apple.com/us/app/fox-4-weather/id368684456?mt=8,0
elperiodicodearagon.com/usuarios/recuperar-password.php,0
abc7chicago.com/news/13-year-old-gets-stuck-in-washing-machine/1809615,0
counton2.com/page/2,0
chateau-de-pitray.com/the-chateau,0
wga.org/contracts/know-your-rights/reacquiring-scripts,0
marketwire.com/press-release/MTY-Food-Group-Inc-Migration-to-the-Toronto-Stock-Exchange-TSX-VENTURE-MTY-1158722.htm,0
myspace.com/coldbloodmusic,0
wikipedia.org/wiki/Rosemont%E2%80%94La_Petite-Patrie,0
flickr.com/photos/lucasroberts/4894544173,0
php100.com/sjhass/mbbpv8g5,0
wangxiao.cn/jz2/503104450551.html,0
uff.br/?q=setor/divisao-de-comunicacao-interna-dci,0
thetandd.com/ads/other/ad_vault/tv-times/pdfdisplayad_94599c06-4963-51ab-9949-afbca8a55e52.html,0
zhcw.com/ssq/556272.shtml,0
webjx.com/siteinfo/contact.html,0
psychology.org.au/academic/scholarships,0
hengyuanst.com/upLoad/news/month_1703/201703030422044320.jpg,0
aparat.com/v/9hu5i/%D8%A2%D9%88%D8%A7%D8%B2_%D9%88_%DA%AF%D8%B1%DB%8C%D9%87_%D8%B9%D9%84%DB%8C%D8%B1%D8%B6%D8%A7_%D9%82%D8%B1%D8%A8%D8%A7%D9%86%DB%8C_%D8%AF%D8%B1_%D8%AA%D8%B4%DB%8C%DB%8C%D8%B9_%D8%A7%D9%81%D8%B4%DB%8C%D9%86_%DB%8C%D8%AF%D8%A7%D9%84%D9%84%D9%87%DB%8C,0
davidstea.com/us_en/collections/the-macaron-collection?limit=all,0
qq.com/a/20170227/001677.htm,0
nikkan.co.jp/info,0
brownpapertickets.com/local-events/edinburgh/15-marketing-tips-performing-artists,0
ivsky.com/bizhi/jieri,0
telegraph.co.uk/travel,0
spirithalloween.com/thumbnail/kids/toddler/exclusives/pc/1563/c/798/801.uts,0
ebay.com/itm/CAMU-CAMU-FRUIT-POWDER-NATURAL-IMMUNE-MOOD-ENHANCER-/120583200680,0
linkedin.com/pub/dir/rufus/jones,0
redbubble.com/shop/clocks?cat_context=u-decor&ref=global-nav-menu,0
gerritsenbeach.net/2011/02/04/golden-gate-to-become-k-12-academy,0
metacafe.com/watch/cb-iGmQN6aUXs6qwCBX6Gc75OBdUS95AULb/tom_selleck_on_jesse_stone_innocents_lost,0
usbr.gov/projects/index.php?id=92,0
aliasencore.com/p559/corporation-service-company-and-alias-encore-launch-new-domain-recovery-service.html,0
crutchfield.com/learn/learningcenter/home/flatpanel_install.html?search=wall_mount,0
milwaukeetool.com/www.milwaukeetool.com/service/milwaukee-warranty/instrument-warranty-and-repair,0
dindersiindir.com/index.php/dindersiicerik/4-sinif/1-unite.html,0
wordpress.com/2008/10/29/rougeau-brothers-jacques-rougeau,0
brigitte.de/gesund/gesundheit/kopfschmerzen---wenn-der-schaedel-zu-platzen-droht-10848998.html,0
salisbury.edu/seidel/crc,0
smarttech.com:443/en/products/2000-series,0
sonomamag.com/best-outdoor-dining-restaurants-in-sonoma-county-2017,0
yonhapnews.co.kr/sports/1003000001.html,0
eastbaylocalmag.xyz/u/modestaric,0
childrensmuseum.org/visit/maps,0
youngminds.org.uk/for_children_young_people/youngminds_vs,0
qq.com/wpa/qunwpa?idkey=0c3ca00a2a3e39b2b65a3f2f339dbe4885f102acb1a8730e3ad13118c8fbfdab,0
desertusa.com/who/du_feedback.html,0
6abc.com/news/plane-carrying-college-basketball-team-skids-off-runway/1791508,0
presseportal.de/pm/79740/3590475,0
facebook.com/SliderFranks,0
leanpub.com/u/melissajanuszkoB08bGlZ2kRBzl2bjUUJmyA,0
autonews.com/article/20170220/RETAIL05/302209982/1434,0
thomasnet.com/browse/electrical-power-generation-1.html,0
caughtoffside.com/tags/championship/brighton,0
sjfzxm.com/service/friends2.asp,0
iqilu.com/zuqiu/2017/0320/3454484.shtml,0
yellowpages.com/los-angeles-ca/home-improvement,0
energystar.gov/campaign/waysToSave,0
joann.com/home-decor-fabric/?prefn1=refinementColor&prefv1=Pinks,0
cfainstitute.org/ethics/codes/ethics/Pages/index.aspx,0
westword.com/search/?keywords=Martha%20Harmon%20Pardee,0
centerlinesoccer.com/san-jose-earthquakes-proposed-soccer-specific-stadium-undergoes-neighborhood-scrutiny-new-design-elements-begin-to-take-shape,0
shutterfly.com/cards-stationery/notepads?categoryCode=60457,0
itbbb.com/wp-content/uploads/2017/01/pieandline.webp_.jpg,0
honestjohn.co.uk/realmpg,0
quicknet.nl/internet/extra-diensten,0
lightthenight.org/ways/light-the-night-walk/become-team-captain,0
acmethemes.com/demo/?theme=mercantile,0
ducati.com/events/search/index.do?categoryId=3,0
merrell.com/SE/sv_SE/home,0
flxbbx.com/70185.html,0
sb.by/articles/v-minske-tseny-na-nedvizhimost-stali-samymi-nizkimi-za-10-let.html,0
stetson.edu/other/contact,0
diaryland.com/edit/view.phtml?user=iamjackslie,0
puromarketing.com/search/marketing+viral,0
comnews/story/random_photo_we_have_pi.html,0
palgrave.com/us/social-science,0
memori.ru/wcopy/?url=http%3A%2F%2Fmyspeccy.com%2Fru,0
fishpond.com.au/Books/Fishpond-Gift-Voucher-20/9999903172231,0
immobilienscout24.de/www.immobilienscout24.de/geschlossenerbereich/start.html?source=meinkontodropdown-meinbereich,0
47news.jp/topics/entertainment,0
yahoo.com/news/us,0
cortera.com/company/research/k3q9pzs3s/jim-tilley-storage,0
topspeed.com/cars/aston-martin/index15.html,0
composts/7518346,0
spamhaus.org/faq/section/ROKSO%20FAQ,0
youtube.com/watch?v=MG9DrzXvYy8,0
wsvn.com/entertainment/deco-drive/porsche-built-an-elevator-for-your-car,0
mcqyy.com/zuowen/t/zuguo931.html,0
restorationhardware.com/catalog/category/products.jsp?cellBackground=false&parentCatId=cat1535021&topCatId=cat160092&categoryId=cat1870030&sale=false,0
synved.com/news,0
j.mp/pages/tour#tour-shorten,0
emory.edu,0
google.com/+Gayot/posts,0
shoebuy.com/gloves/category_236,0
bluenile.com/engagement-rings/blue-nile-experience?track=NavDiaBNExp,0
babycentre.co.uk/a125/ive-heard-of-swaddling-but-what-does-it-mean,0
zmescience.com/category/other/astropicture,0
paracompteu.net/2016/11,0
csc.com/investor_relations/downloads/Annual_Report_2016_FINAL.pdf?ref=nhp_qb3,0
sensagent.com/grenadine/en-en,0
jumeiglobal.com/act/8-1-119377-plt_ht_z_17nianmeizhuangchaoliu_170321.html?from=all_null_index_yure_banner_two&lo=3537&mat=122596,0
fraunhofer.de/de/jobs-und-karriere/schueler/ausbildung/technische-berufe.html,0
fujisan.co.jp/product/1281695571,0
juxia.com/sjwy/news-31849.html,0
blogspot.com/2011/02/john-leslie-american-pornographic-film.html,0
rhul.ac.uk/aboutus/jobs,0
13abc.com/news?cat=Economy&cat_type=Story+Category&path=/content/news,0
webjx.com/exam/java-21772.html,0
wikipedia.org/wiki/Montreal_Metro,0
com http:/i.com/dianbing/700353.html,0
tamiltheepam.com/?cat=48,0
about.com/od/domesticairlines/Air_Travel_Domestic_Airlines_In_Greece.htm,0
indiana.edu/cgi/t/text/text-idx?c=wright2;cc=wright2;view=text;rgn=main;idno=Wright2-1621v2,0
partyflock.nl/news/32279:Dutch-valley-maakt-eerste-namen-mainstage-bekend,0
languageprofi.ru/component/content/article/40/96-english-with-native-speakers,0
imdb.com/name/nm0569337,0
buyincoins.com/c/Sexy-Lingerie_268.html,0
planetark.org/r/treeday.planetark.org,0
namesdir.com/F_Nathaniel,0
thesun.co.uk/living/3131111/fancy-yourself-as-a-chef-how-you-could-earn-cash-by-hosting-dinner-parties/#comments,0
ladepeche.fr/sports/football,0
philosophy.com/skin-care/the-microdelivery,0
searchquotes.com/quotes/about/Stress,0
etsy.com/c/vintage/home-and-living/bedding?ref=catnav-2963,0
zikao365.com/zhuanti/2013hd/index.shtml,0
masterhost.ru/service/domain/rules,0
badgerherald.com/opinion/2017/03/14/republicans-will-fail-in-trying-to-fix-broken-american-health-care-system,0
mbta.com/about_the_mbta/financials,0
brookstone.com/massage/massage-accessories/stone-massage,0
roccat.org/www.roccat.org/en-US/Products/Gaming-Mousepads/Taito-Series/Taito-2017,0
fanboy.com/2008/02/breakout-cartoonists-k-thor-jensen.html,0
netdoctor.co.uk/plus.google.com/share?url=http:/www.netdoctor.co.uk/healthy-living/sexual-health/a27841/what-to-do-about-painful-sex,0
narconews.com/notebook/bill-conroy/2014/09/former-ice-informant-jailed-missouri-claims-he-s-being-framed,0
fuze.dj/2017/03/donotpay_Joshua_Browder.html,0
95zz9108.net/game/3708.html,0
themalaymailonline.com/eat-drink/article/dessert-of-the-day-malted-milk-fudge-ripple-ice-cream-video,0
theidearoom.net/instant-pot-recipes,0
usyd.edu.au/alumni-giving/connect.html,0
mylife.com/c-482402827,0
systemrequirementslab.com/cyri/requirements/stay-close/14757,0
mtime.com/1249296,0
joshinweb.jp/peripheral/29685.html,0
nyteknik.se/energi/da-har-solcellerna-pa-huset-betalat-sig-6833988,0
london.edu/faculty-and-research/subject-areas/finance,0
ceconline.com/manufacturing/ma/8800086053/01/?cf=newCont_past7,0
8tracks.com/katcosmonaut/twenty-sixteen#smart_id=tags:electronic,0
abril.com.br/placar,0
counton2.com/ap/former-guerrilla-fighter-set-to-win-east-timor-presidency,0
5gig.com/Y+%2526+T-tourdates,0
chazidian.com/xuexijingyan/18720,0
ctrip.com/booking/kmg-Kunming-html,0
280macarthurlane.com,0
archdaily.com/photographer/kim-jaeyoun,0
unibs.it/ricerca/audit-sui-progetti-di-ricerca,0
studyez.com/zhongyishi/kstz/jiangxi/201606/2581643.htm,0
paintshoppro.com/en/products/paintshop-pro/?hptrack=en2bb4,0
theagencyre.com/az/agents,0
comhotels-india/orissa/puri.html,0
royalbag-dz.com/index.php/shop-store/port-folio/bl1015-detail,0
pasticcerialibutti.it/prodotti/pasticceria-secca/biscotti-da-latte/nonna,0
blackplanet.com/notes/compose_plopup.html?recipient_user_id=77330337&category_id=3&is_plopup=1&tracking=new_friend_center,0
acatoday.org/Patients/Health-Wellness-Information/Chronic-Pain-and-Depression,0
myspace.com/video/flippin-pretty/my-drunk-sister-trying-to-get-on-a-metal-horse-statue/37283503,0
mixcloud.com/hernancattaneo,0
lakeland.co.uk/in-the-kitchen/food-preparation/colanders%2C-sieves-and-strainers,0
fun.tv/vplay/t-3084,0
fcbayern.de/de/club/soziales-engagement/kio-bayern-fans-helft-mit,0
keepvid.com/sites/download-dailymotion-video.html,0
asid.org/resources/resources/index/resource-center,0
containerstore.com/giftregistry/index.htm,0
apicegroup.com/index.php/about-apice-group/our-goal,0
site.com/services/strategic-services/strategic-projects,0
valuewalk.com/books/joel-greenblatts-books-recommended-reading-list,0
sfchronicle.com/2016/living-with-aids/story,0
scientology.org/churches/ideal-orgs/bogota.html?video-play=org-bta_open,0
jdzj.com/cp_vlist36/2240.html,0
delaware.gov/information/employee_resources.shtml,0
daciccool.ro/stil-de-viata/arta-culinara/articole,0
d4kin.com/wsxshl/kata-kata-mutiara-di-film-roman-picisan.html,0
complaintsboard.com/bysubcategory/lottery-scams.html,0
microcenter.com/site/products/refurbished.aspx,0
garden.org/plants/multi/view/5962,0
shakespeare-online.com/plays/kinglear/kingleir.html,0
china.cn/shuilixuankuangshebei,0
toptodaynews.com/california-superstorm-predicted-to-happen,0
youtube.com/sonymusicnetwork,0
syszyz.org/act/detail?aid=112,0
cargill.com/animal-nutrition/feed-for-thought,0
apple.com/support/systemstatus,0
mcqyy.com/wenku/xyhdzj,0
eighthcircuitbar.com,0
steelhome.cn/mj/col-055,0
inkscape.org/ru,0
macnn.com/tag/MacNN+Podcast,0
habshq.com/2011/08/18/clement-jodoin-career-retrospect,0
howstuffworks.com/2017/03/20/5-things-you-didnt-kmister-rogers,0
spoke.com/info/cSkEh5/FrazierGriffinCo,0
prettylittleliars.com.pl/tag/pretty-little-liars-4b,0
vizztech.com/en/services/advertising/search_marketing,0
ncdiy.com/NewsFile/html/Doc/News/20172/20/153035106693.shtml,0
wizardsoft.ru/about/news/995-obnovlenie-tsnb-gosetalon-2012-redaktsii-2016-goda-diz-9,0
codeguru.com/cpp/controls/menu/miscellaneous,0
itpro.co.uk/smartphones/27416/samsung-galaxy-s8-price-specs-release-date-features-will-the-samsung-galaxy-s8,0
warnet.ws/news/category/periscope,0
flickr.com/photos/indianauniversitysoutheast,0
github.com/jashkenas/coffeescript/compare/1.0.1...1.1.0,0
ganji.com/jiaxiao,0
lcxw.cn/baike/8866.html,0
academy.com/shop/browse/boating--marine/marine-electronics,0
inail.it/cs/internet/comunicazione/newsletter.html,0
adevarul.ro/moldova/politica,0
jamieoliver.com/recipes/category/occasion/easter-treats,0
leviton.com/www.leviton.com/en/solutions/energy-management/ashrae-901-2010,0
rumormillnews.com/cgi-bin/forum.cgi?noframes;read=63038,0
shinyshiny.tv/2015/09/ted-baker-quella-launch-beautiful-racer-bikes.html,0
wienerzeitung.at/meinungen/leitartikel/880672_Verpuffte-politische-Energie.html,0
dailypress.com/sports/uva/dp-spt--teel-column-uva-florida-advance-20170317-column.html#nt=barker&bn=Barker%2002%20-%20Featured%20Columist,0
visitcumbria.com/eden-valley-holiday-accommodation,0
fotolog.com/caca9,0
csc86.com/product/4808151.html,0
picshare.ru/popular/60,0
biomami.com/index.php/szaktanacsadas,0
dlwordpress.com/wordpress-themes/blog-and-magazine,0
evanscycles.com/helmets-and-protection/safety-high-vis_c,0
tj-wofute.com/install/mao.php,0
ushmm.org/information/exhibitions/traveling-exhibitions,0
iolo.com/s3/Home-page-feedback-v2-new?sn=,0
kone.com/en/investors/investor-service/analysts,0
fic-world.com,0
adelaidenow.com.au/business/companies/prime-minister-malcolm-turnbull-announces-new-laws-to-crack-down-on-business-payments-to-unions/news-story/ab8f5df6b511627b705148e2218dc4aa,0
comatlassian-gadgets-tests/3.1-m6/atlassian-gadgets-tests,0
comchina-and-dinnerware/amboss,0
anybunny.pro/top/boots,0
samsclub.com/sams/audio-home-theater/1195.cp?xid=hdr_shop3_electronics_audio_mp3-players,0
overclockersclub.com/www.overclockersclub.com/reviews/xfx_rx480_gtr,0
e3expo.com/attendee/2904/attendee-registration,0
sonicbids.com/find-band-openings,0
templates.com/pages/info/privacy-policy.html,0
battelle.org/commercial-offerings/industry-solutions/product-formulation-analysis,0
oxfam.org.au/donate/different-ways-to-give,0
pressherald.com/signature-events,0
kaixian.tv/gd/2017/0321/777790.html,0
jigsaw.com/scid5209612/john_markoff.xhtml,0
uuu9.com/Soft/HTML/7138.shtml,0
unisg.ch/de/studium/master/unternehmensfuehrung/dozierende,0
ledevoir.com/motcle/syrie,0
chelink.com/html/auto/vw/beetle,0
pharmatimes.com/competitions/marketer/attend,0
fool.com/credit-cards/best-cash-back-credit-cards,0
youtube.com/watch?v=1usjRS1cb9w,0
issuu.com/eluniversal/docs/revista_viernes_especial_odontologi/1,0
thediplomat.com/2017/03/india-and-pakistans-cricket-diplomacy,0
ljgpartner.com/about/homebuyers,0
dailyrecord.co.uk/news/scottish-news/police-divers-search-monklands-canal-10061169,0
lennyletter.com/home/a742/back-pocket-pasta,0
aol.com/artist/marvin-gaye,0
51tooling.net/game/533.html,0
aau.at/universitaet/profil/fakten-zahlen-daten,0
nissan-carwings.com/WEB/index.htm?rstid=20140314rst000000190,0
portlandtribune.com/pt/300068,0
10010.com/NumApp/chseNumList/init?185,0
fin24.com/Tech/Gadgets/first-impressions-five-minutes-with-nokias-rebirthed-3310-20170228,0
nextbigfuture.com/www.blogger.com/rearrange?blogID=17555522&widgetType=HTML&widgetId=HTML1&action=editWidget&sectionId=sidebar-right-2-1,0
mercedes-benz.co.uk/current/passenger-cars/e-brochures/gle-suv.pdf,0
crimestoppers-uk.org/in-your-area/west-midlands/west-midlands,0
waset.org/topic/Mathematical-and-Computational-Sciences/2017/09/tokyo,0
kfki.hu/hu/cimkek/belso-hir,0
xjrs.gov.cn/zwgk/zxfb,0
mountsaintvincent.edu/1925.htm,0
fca.org.uk/consumers/get-rich-quick-schemes,0
schneier.com/blog/archives/2017/03/history_of_us_i.html,0
sixt.com/car-rental/monaco,0
mariahinton.ca/gnq/cara-mengatas.i-apk-l4d-pingtool-eror.html,0
zsnet.com/ads/lianxi.html,0
list-company.com/company/list/i-r600450/Business-Netherlands-Europe.shtml,0
blogrollcenter.com/NewMedia,0
vdata.com/Nampa/ClsSelectClass.aspx,0
ys137.com/yxjk/1692298.html,0
weburbanist.com/category/architecture/public-institutional,0
zhuoku.com/zhuomianbizhi/design-sport/index-1.htm,0
kicker.de/news/fussball/junioren/startseite.html,0
customink.com/products/categories/vests/72/styles,0
engineersaustralia.org.au/For-Business/Conference-And-Events-Team,0
89178.com/web/maishangzhineng,0
study.com/directory/degree_type/Undergraduate.html,0
onlyinyourstate.com/states/indiana,0
ato.gov.au/Non-profit/Gifts-and-fundraising/Running-fundraising-events,0
ew.com/2009/10/10/project-runway-epperson-lindsay-lohan,0
eatingwell.com/food_news_origins/eatingwell_magazine,0
thislifeexperiment.com,0
tigtag.com/r/?3558,0
cntrades.com/sell/list-4105.html,0
eventbrite.ie/international/change_locale/?locale=en_NZ,0
youtube.com/watch?v=hIMnadoZk-0,0
mdjonline.com/news/local,0
carid.com/hummer-h2-accessories,0
chamberofcommerce.com/newark-de/landscape-contractors-lawn-maintenance,0
flsenate.gov/Tracker/RSS,0
secretsexboutique.com/index.php/2014-06-11-16-58-24/construccion/arneses-sin-vibracion,0
agoda.com/north_america/canada/montreal_qc/attractions/hotels_near_sherbrooke_street_bus_station.html,0
shadike168.com/plus/view.php?aid=468,0
quest.com/register/55545,0
globalsources.com/manufacturers/Drone.html,0
doodoo.ru/autos,0
facebook.com/sharer.php?u=webinarbase.com/ads/remote-office-branch-office-robo-challenges-solved-with-virtual-storage-appliances,0
instyle.co.uk/news/sesame-street-julia-autistic-character,0
meijer.com/t4/health-beauty/vitamins-supplements/supplements/probiotics/t1/t1-866/t2/t2-10005/t3/t3-414/T4-1208.uts,0
gofeminin.de/mode-beauty/styling-tipps-ssc10001.html,0
dalailama.com/messages/articles,0
genetics.org/collection/genetic-toolbox-review,0
syszyz.org/sns/home.php?mod=space&uid=989484,0
intimateweddings.com/blog/2017/03,0
hbsc.cn/Hd/partJob/index.html,0
china.com/baojian/11177353/20170320/30340323.html,0
pconline.com.cn/894/8949885.html,0
globalsources.com/gsol/I/4G-phone-manufacturers/b/2000000003844/3000000213442/-1.htm,0
complaintsboard.com/bysubcategory/laptops-notebooks.html,0
wwf.ca/takeaction/enewsletter/?wwf_source=Homepage&wwf_medium=socialfooter&wwf_campaign=enewsletter,0
39yst.com/tijian,0
redbrokerage.com/about/retail-brokers/details.aspx?ID=32,0
indstate.edu/search/students,0
immobilienscout24.de/eigentuemer/sanieren-modernisieren.html,0
fengniao.com/price/114-1050-0-0-0-0-def-1_1.html,0
nextbigfuture.com/search/label/lysosome,0
.cn/bk/16559,0
serverwatch.com/server-trends/can-vcloud-air-compete-against-cloud-heavyweights-aws-and-azure.html,0
dailytrojan.com/tag/pat-haden,0
cnshidian.com/a/34810.html,0
diepresse.com/unternehmen/kontakt/104229/index,0
stylowi.pl/zakupy/245/pop,0
autoua.net/tucson,0
ftc.gov/about-ftc/careers-ftc/diversity-ftc,0
quickanddirtytips.com/house-home/organization,0
sixforces.com,0
city-data.com/city/San-Leandro-California.html,0
mcclatchy.com/careers,0
tizianacatanzani.it/blog/138-le-parole-che-fanno-il-latte.html,0
domusweb.it/content/domusweb/it/shop/domus-digital-edition.html,0
itunes.com/ipod,0
gamer.com.tw/forum.gamer.com.tw/C.php?bsn=60036&snA=38101,0
versace.com/us/en-us/women/accessories/bags/top-handle/palazzo-empire-medium-bag-ke5jp/DBFF452-DSTVT_KE5JP.html,0
russiatoday.com/viral,0
brainyhistory.com/topics/t/thomas.html,0
b92.net/info/komentari.php?nav_id=1241528,0
21-sun.com/special/sun,0
sj88.com/thumb/20160919/38.html,0
yesky.com/874/874348,0
vogue.co.jp/collection/brand/moncler-gamme-rouge/17aw-rtw,0
crucial.com/usa/en/compatible-upgrade-for/Apple/macbook-pro-%2813-inch%2C-mid-2010%29?cm_re=top-nav-_-flyout-upgrade-_-us-upgrade-model-macbook-pro-13-inch-mid-2010,0
rei.com/h/car-racks,0
itu.dk/om-itu/presse/nyheder/2017/derfor-kender-netflix-dig-saa-godt,0
schneider-electric.com/pt/pt/?preferredCountry=yes,0
cnnic.cn./gjjl/gjhyhyycjzc,0
21cn.com/fashion/clothing/a/2017/0317/19/32080498.shtml,0
huffingtonpost.gr/2017/03/21/eidiseis-gr-viral-puthonas-kanei-kuriolektika-mia-xapsia-mia-uaina_n_15510532.html?1490090580,0
csun.edu/sites/default/files/900-12.pdf,0
aily.com.cn/system/2017/03/20/016637793.shtml,0
deweiterbildung/fuer-den-beruf/recht-soziales/mediation.html,0
demilked.com/category/animals-2,0
futureshop.ca/en-ca/category/healthcare-devices/34684.aspx?&NVID=shop;Wearable%20Technology%20;Healthcare%20Devices;lnk;c1;r8;en,0
nhm.ac.uk/visit/exhibitions/wildlife-photographer-of-the-year-52.html,0
chello.nl/televisie/extra-zenders/ziggo-sport-totaal,0
job168.com/person/detail_192602202.html,0
schoolnet.co.uk/Keystage_4/Geography,0
twitchdrama.com/duciz/pengganti-pemeran-shiv-dalam-anandhi.html,0
heima.com/html/c53,0
allhiphop.com/2017/03/20/dave-east-remixes-weeknds-party-monster-single,0
dailyemerald.com/advertising,0
stuff.co.nz/travel/news/90657510/stephen-hawking-to-travel-to-space-on-richard-bransons-virgin-galactic,0
fark.com/goto/9520500,0
xcar.com.cn/serise3239/city9999-1-1.htm,0
carjob.com.cn/resume/util/p381642.html,0
emmys.tv/node/377056,0
shakhtar.com/ru/matches/stat,0
distributed.org.ua/forum,0
mja.com.au/multimedia/writingwithlight,0
pc031.com/xtzt/win7zt/2015/11089.html,0
lifeboat.com/ex/partnerships,0
manchesterairport.co.uk/about-us/media-centre/airport-awareness,0
alamo.com/en_US/modals/forgot-username.modal.html,0
yellowpages.ca/bus/Quebec/Sherbrooke/Garage-Alain-Lemieux-Inc/3942165.html,0
cncrk.com/shouji/s_212_1.html,0
pursuitist.com/arts,0
11freunde.de/mein-verein/werder-bremen,0
busytrade.com/services/membership_chart.html,0
britannica.com/EBchecked/topic/96832/John-Dickson-Carr,0
eharmony.com/espanol,0
liuxue86.com/zhuchici/shengqi,0
justamir.com/it/tours-verticale-destra/monumenti-e-musei.html,0
jrj.com.cn/2017/03/20210922202080.shtml,0
jaycar.com.au/power-products-electrical/storage-batteries/zinc-chloride/c/400F,0
gmw.cn/index/2017-03/20/content_24007210.htm,0
zyccst.com/statistics/pop.aspx?FromID=23&url=zhuanti.zyctd.com/ZT201611b,0
ubr.ua/market/industrial/v-ukraine-izmeniat-pravila-rascheta-za-elektroenergiu-dlia-otdelnyh-kategorii-potrebitelei-452013,0
ik123.com/special/disco_h_8_1.htm,0
lehighvalleylive.com/slate-belt/index.ssf/2017/03/cops_seize_marijuana_plants_growing_in_closet_of_slate_belt_home.html#comments,0
calarts.edu/academics/bfa-general-education/overview,0
woodburncompanystores.com,0
sowetanlive.co.za/sport/soccer/2017/03/20/kamohelo-mokotjos-eligibility-for-bafana-remains-up-in-the-air,0
chicagofed.org/publications/speeches/2016/index,0
mint.ca/store/mint/about-the-mint/--info-source-8700012,0
youtube.com/channel/UC6mGHNrWBOD12iqKCHqxmZw,0
wartsila.com/energy/solutions,0
qy6.com/syjh/syC1213.html,0
chinapower.com.cn/product/index.html,0
matalan.co.uk/kids-clothing/boys/shop-by-category/footwear/new-arrivals,0
tapuz.co.il/forums/forumpage/2518/%D7%94%D7%9E%D7%95%D7%9E%D7%97%D7%99%D7%9D/%D7%90%D7%95%D7%A4%D7%A0%D7%99%D7%99%D7%9D_%D7%97%D7%A9%D7%9E%,0
unwto.org/printable_version/en/pdf/UNWTO_events_2017.pdf,0
stltoday.com/sports/high-school/sports-index,0
emerson.com/en-us/automation/fisher,0
turkcebilgi.com/List+of+Roman+Catholic+dioceses,0
thesun.co.uk/news/3131717/worlds-happiest-countries-un-happiness-report-2017-norway-denmark-uk,0
celticshub.com/2011/02/28/buyout-watch-mike-bibby-troy-murphy-leon-powe-all-possibilities-rasual-butler-to-chicago,0
comatlassian-plugins-servlet/2.1.1/atlassian-plugins-servlet,0
rumormillnews.com/cgi-bin/forum.cgi?noframes;read=61278,0
aien.net.cn/new/index.html,0
jia.com/t/365471,0
chinapp.com/pinpai/kgcz,0
sina.com.cn/course/id_1168,0
rarlabs.com/rar/wrar540az.exe,0
lecaixzj.com/news/2013-6-22/469.html,0
xungou.com/share/brand-zara.hl,0
wickes.co.uk/Products/Bathrooms/Showers-and-Accessories/c/1000995,0
manta.com/c/mttp06j/ac-transit,0
pcloud.com/features/security.html,0
globalsources.com/manufacturers/Clock.html,0
owncloud.com/features,0
teavana.com/us/en/tea/all-tea?cm_mmc=Sbux.com-_-LooseLeafNav-_-LooseLeafTea-_-AllTea,0
cekuj.net/www.endora.cz/o-nas/kdo-jsme,0
elcorteingles.es/bra/?level=1,0
hnloudi.gov.cn./bsfw/zdbsfw,0
5ykj.com/qi/93069.htm,0
comfeature/55/Toyota-Motorsport-visit.html,0
forbes.com/profile/gordon-m-nixon/69051,0
dhakatribune.com/2017/02/03,0
ardmediathek.de/tv/sendungen-a-z?buchstabe=S,0
codeguru.com/cpp/controls/richedit/syntaxhilighting,0
zalando.co.uk/doregister,0
bayer.de/de/downloads/1998-2002/2001,0
crocs.com/c/men/footwear,0
lr-online.de/handwerk,0
petitfute.com/p25-espagne,0
biblehub.com/philippians/4-13.htm,0
css3.info/tag/w3c,0
it168.com/zj/1393,0
comporcelain-and-pottery/boys-town-pottery,0
asahi.com/articles/ASK3N5FJ8K3NUHBI009.html,0
0731fdc.com/e_magazine/book_read.php?id=74&page_set=2912,0
9553.com/soft/27055.htm,0
poets.org/poetsorg/poet/juan-felipe-herrera,0
onlylady.com/2017/0110/3882423.shtml,0
redfin.com/city/6173/FL/Fort-Lauderdale,0
romandie.com/news/Migrants-reunion-a-Rome-sur-un-plan-pour-couper-la-route-libyenne/781661.rom,0
secordfamily.net/getperson.php?personID=I230&tree=secord,0
sportengland.org/research/understanding-audiences/sport-and-ethnicity,0
seesaa.jp/contents/category/abload/new0001.html,0
liuxue86.com/fanwen/huodongzhuti,0
monster.ca/jobs/?intcid=skr_navigation_swoop_jobs,0
ks5u.com/tbbk/Index.asp?id=0307012,0
producthunt.com/r/e7ac40f5376509/93915,0
imdb.com/date/10-31/births,0
divorcesource.com/ds/taxes/taxes-and-divorce-649.shtml,0
los40.com/los40/2017/03/19/musica/1489924330_009655.html,0
brportal#!/colegios-tecnicos,0
yes-asia.com/special_services/March_2010_Edu_Fair-website_user.shtm,0
llnl.gov/about/protocol-and-special-events,0
virginaustralia.com/experience/at-the-airport/lounge,0
google.com/b/108417506756279865450/+overseasdevelopment/posts,0
comatlassian-pageobjects-elements/2.1.0-m9/atlassian-pageobjects-elements,0
51.com/jyjx.51.com/news_146063.html,0
2010.us/computers-internet/virtual-reality,0
jiancai.com/info/detail/52-405969.html,0
whxmls.com/maimaihetong/77.html,0
expansion.com/empresas/2017/03/20/58cfcf42468aeba11b8b45f1.html,0
foxsports.com.au/football/asian-champions-league/fixtures-results,0
mystore411.com/store/view/393276/Canada/DHL-Anjou,0
legacy.com/obituaries/heraldtribune/obituary.aspx?n=johnathan-paul-olivia-jane-almond&pid=147165710,0
corriere.it/sport/olimpiadi-2016-rio,0
koszalin.pl/pl/page/koszalin-miastem-zielonym-0,0
vicrecyclers.com.au/cash-for-salvage-cars,0
nrf.com/news/encouraging-the-next-generation-of-risk-takers,0
zxxk.com/zj/info/105945,0
rada.gov.ua/go/1903-19,0
antivirus.com/us/longevity-for-android/index.html,0
qingdawangxiao.com/plus/play.php?aid=10013&play=1,0
my0538.com//2015index,0
energystar.gov/products/water_heaters/high_efficiency_electric_storage_water_heaters/benefits_savings,0
jobui.com/jobs/l-%E5%85%A8%E5%9B%BD-q-%E5%B8%82%E5%9C%BA%E9%83%A8%E7%BB%8F%E7%90%86,0
quicktopic.com/28/H/NkPjVZt2RefeE,0
huangye88.com/waiqiangtuliao,0
tartasdechocolate.com/npogf/Download-lagu-Dj-tren-skarang.html,0
co188.com/paper10751,0
proz.com/search,0
netglimse.com/celebs/pages/ron_lea/index.shtml,0
retaildesignblog.net/category/store-design/bookstore,0
notcot.org/page/941,0
bfmilitary.com/shehuiwanxiang/qiwendieshi,0
boats.com/on-the-water/entertainment,0
tcpalm.com/news/2011/nov/14/wedding-cory-allen-and-amanda-willis,0
xyqxt.com/html/6180.html,0
ap.org/en-us/services/partner-with-us,0
alexking.org/blog/2015/05/27/very-pleased-with-webfaction-hover,0
vergelijksimonly.nl/koopgids-sim-only,0
123people.ca/s/jean-francois+lefebvre,0
metalinjection.net/tv/view/7646/machine-head-robb-flynn-talks-unto-the-locust,0
mdanderson.org/research/research-areas/basic-science.html,0
comadvertising/soda/7up,0
benheck.com/podcast-download/2104/benheck-com-podcast-episode-98.mp3?ref=download,0
gurufocus.com/ic/space.php?do=article&uid=285647&author=Brian+Bollinger,0
gaystarnews.com/article/americas-first-transgender-judge-denied-entry-to-india,0
icr.edu/article-type/apologetics,0
typepad.com/828,0
yiiframework.com/contribute,0
138job.com/shtml/Article/18703/103752.shtml,0
realtytimes.com/advicefromtheexpert/item/48711-brigade-omega-a-lavish-paradise-loaded-with-artistic-homes-and-features?rtmpage=asmitapundari,0
caigou.com.cn/list/robot.shtml,0
netflix.com/Movie/Falling-for-Grace/70128595,0
eveningtimes.co.uk/lifestyle/memories,0
rambler.ru/navi/?theme=1126,0
strangehorizons.com/non-fiction/azimuth/azimuth-highlights,0
ys137.com/xinli/1692312.html,0
dynalias.com/legal/dyn-privacy-policy,0
hhht888.com/visit-m998877,0
googleblog.com/2012/04/worldwide-mirrors-of-gitkernelorg.html,0
alibris.com/search/books/qwork/18632967/used/1940s%20Adventure%20Films%2C%20Including%3A%20The%20Crimson%20Ghost%2C%20Flash%20Gordon%20Conquers%20the%20Universe%2C%20Pimpernel%20Smith%20%28Film%29%2C%20Northwest%20Passage%20%28Film%29%2C%20the%20Blue%20Lagoon%20%281949%20Film%29%2C%20Jungle%20Book%20%281942%20Film%29%2C%20the%20Son%20of%20Monte%20Cristo%2C%20Cobra%20Woman%2C%20Queen%20of%20the%20Amazons,0
sclub.com.tw/OUT/?59479,0
smalleyfamily.com,0
athlonsports.com/college-football/teams/san-diego-state-aztecs,0
phuketgazette.net/articles-archived/all_section,0
cnad/2013/yznh.html,0
cn24x.com/cp,0
"mkvdic.com?""../job/""",0
numerama.com/tag/netflix,0
unb.ca/admissions/recruitment-events/index.html,0
izismile.com/201703/11,0
hngn.com/articles/222996/20170314/scientists-created-artificial-retina-implant-restore-vision-millions.htm,0
hockey-reference.com/players/m/mckegto01.html,0
geekbuying.com/item/Flash-Memory-16GB-Micro-SD-Card-with-Adapter-and-Package-306018.html,0
newswise.com/articles/channels?channel=125,0
258.com/news/1574292.html,0
e2315.com/html/325.html,0
apple.com/app/id965819604,0
neti.ee/cgi-bin/teema/MEELELAHUTUS_JA_HOBID/Kino_ja_Film,0
caigou2003.com/e/public/jump/?classid=358&id=2190669,0
cwtv.com/shows/constantine,0
evene.fr/livres/livre/gipi-helene-remaud-la-terre-des-fils-5013228.php,0
ilfoglio.it/libri/2017/02/24/news/vite-minuscole-122181,0
tonyrobbins.com/terms-of-use,0
nhk.or.jp/faq-corner,0
barclays.com/barclays-investor-relations/contact-investor-relations.html,0
marriott.com/about/privacy.mi,0
cityofmadison.com/calendar/one-on-one-computer-assistance-142,0
steampowered.com/app/396750/?snr=1_4_4__tab-Specials,0
aneps.org.br/leitura/11537/edicao-n-38-ano-6,0
riverisland.com/women/watches/_/N-83y?icid=mu/women/watches,0
hellomagazine.com/profiles/john-simm,0
hbu.cn/2017/0314/11937.shtml,0
thelastnineseconds.com/components/com_gk3_photoslide/thumbs_big/505254GGS_FLYER__FALL_WIDEHORIZONTAL.jpg,0
thegreenhead.com/browse/gear/water,0
fis-ski.com/snowboard/fis-points-lists.html,0
frys.com/category/Outpost/Networkingtab/Bridges,0
infoworld.com/category/node-js,0
barrons.com/mdc/public/npage/9_3050.html?symb=CUR_EURUSD&sQuote=1&mod=BOL_Nav_MD_hp,0
mobileworldcongress.com/news/mobile-world-live,0
myanimelist.net/character/3352/Yuji_Kaido,0
shopclues.com/appliances-5/home-appliances-29/sewing-machines-1.html,0
oh100.com/a/201612/480705445662.html,0
couriermail.com.au/questnews/southwest/brisbane-man-known-for-running-in-a-cat-suit-talks-about-losing-30kg/news-story/214e15f342b4eb703abd7ad3c9590493,0
cninfo/2869/197352.htm,0
marco.org/2017/01/09/ten-years-of-iphone,0
wgu.edu/education/endorsement_preparation_program_educational_leadership,0
amazonwebstore.com/CALVIN-HOBBES-ART-DANCING/M/B002WAZOXY.htm?traffic_src=froogle,0
twitter.com/dcrainmakerblog/status/843935179831988224,0
mptvimages.com/cgi-bin/imageFolio.cgi?search=Virna+Lisi&amp;bool=and&amp;cat=Licensed/Non-Restricted,0
nasa.gov/GlobalMaps/view.php?d1=MODAL2_M_AER_RA,0
joann.com/needle-arts/favorite-brands-yarn/bernat,0
wvmetronews.com/2017/03/20/struggles-of-corrections-officers-being-spotlighted-in-charleston,0
hollywoodlife.com/pics/kourtney-kardashian-date-mystery-man-pics-dinner,0
euractiv.com/press-office/euractiv-surveys,0
37.com/www.pinterest.com/37games,0
calarts.edu/about/news-and-events/events-calendar/event-details/sucking-stones,0
haaic.gov.cn./col/col7274/index.html,0
la-croix.com/France/Politique/Presidentielle-onze-candidats-retenus-par-le-Conseil-constitutionnel-2017-03-18-1200832896,0
nnnews.net/politics/201703/t20170321_1860783.html,0
lcbo.com/content/lcbo/en/corporate-pages/about/media-centre/news/2017-03-02.html,0
xncom.cn/gnxw2/sxbt/201703/t20170319_2610638.shtml,0
dd-wrt.com/site/professional,0
vcu.edu/me/faculty/me-throckmorton.html,0
viagra4sildenafil.com/products_businesses/bean_crushing,0
elmundo.es/v/0_uxu6mn96-una-abuela-argentina-revoluciona-la-red-con-sus-pasos-de-cumbia,0
poptower.com/kelly-blatz.htm,0
glopart.ru/invite/107398,0
squidoo.com/dino-dan,0
fbi.gov/news/stories,0
lovelyspaces.com/15-gorgeous-kitchen-islands-storage,0
linkedin.com/shareArticle?url=thetimesherald.com/picture-gallery/sports/high-school/basketball/2017/03/15/new-haven-defeats-notre-dame-prep-in-regional-final-71-44/99237114/&mini=true,0
uni-ulm.de/studium/studienberatung/veranstaltungen-fuer-studieninteressierte/schueler,0
agcocorp.com/category/agco,0
mtroyal.ca/ProgramsCourses/ContinuingEducation/bookevents/index.htm,0
iask.com/b/3jVeGvWOWj.html,0
secondstreetapp.com/l/Daily-Journal-Readers-Choice-2016,0
blm.gov/programs/fish-and-wildlife/threatened-and-endangered/state-te-data/california,0
librarything.com/author/meeksbrian,0
boingboing.net/2015/12/13/lumberjack-cake-tartan-batter.html,0
unav.edu/web/conoce-la-universidad/memorias,0
changzhou.gov.cn/news/103.htm,0
bridgew.edu/majors-and-minors/undergraduate,0
rottentomatoes.com/m/e-venne-il-tempo-di-uccidere,0
overclockersclub.com/www.overclockersclub.com/pages/occ_clothing,0
sina.com.cn/s/wh/2016-11-25/doc-ifxyawxa2672788.shtml,0
tradingview.com/u/streetgainer,0
aoyou.com/d-Guangzhou-838,0
ferra.ru/www.ferra.ru/ru/apps/review/evolution-of-windows,0
php100.com/sjhass/g2tx7rga,0
corriere.it/azioni/xpisapi.dll?page=MercatiInternazionali&ID=2,0
popsugar.com/love/Love-Sex-News-March-20-2017-43332600,0
americamagazine.org/topic/lent,0
houzz.co.uk/user/lisa44sug,0
thespacereview.com/article/3124/1,0
rumormillnews.com/cgi-bin/forum.cgi?noframes;read=60085,0
rei.com/rei-garage/c/kids-footwear,0
dailyecho.co.uk/sport/football,0
infragistics.com/about-us/contact-us,0
deepmind.com/press,0
foodpolitics.com/tag/farm-bill,0
techspot.com/reviews/input-devices,0
notcot.org/page/1027,0
liuxue86.com/a/2346999.html,0
llrx.com/2017/01/cybersecurity-for-lawyers-the-nitty-gritty,0
dallasnews.com/archives/2009/06/american-airlnes-steve-harvey.html,0
yyu.edu.tr/AkademikBirimler/index.php?s=67,0
spokesmanreview.com/guides,0
youtube.com/watch?v=aQ_X8SZp1eM,0
mylife.com/robertl_wood,0
theoldergamers.com/call-of-duty-public-/643804-afk-some-time-post4432324.html?s=b2b89491759418c856817af4057eee8f#post4432324,0
rumormillnews.com/cgi-bin/forum.cgi?noframes;read=61398,0
canadiantire.ca/en/outdoor-living.html,0
thomson.com/en/products-services/financial/news-and-insight.html,0
a963.com/uploadfile/sitepic/ICP.jpg,0
aids.gov/about-us/contact,0
ecocontrol-centr.ru/index.php/oborudovanie-dlya-dorog-i-parkovki/parkovochnye-aksessuary/kkr-2-12,0
sportsvite.com,0
lesoir.be/109737/sports/football/football-belge/division-1a/eupen,0
remax.com/realestatehomesforsale/ca-sitemap.html,0
nytimes.com/2017/03/21/world/europe/martin-mcguinness-northern-ireland-ira.html?partner=rss&emc=rss,0
seahawks.com/community/youth/play-60/fitnessgram,0
hiapk.com/chess/1662598.html,0
garanteprivacy.it/web/guest/home/ricerca/-/search/cloud/Giustizia,0
yahoo.com/artists/c/Jonathan-Cherry/index-363478.html,0
fanpop.com/clubs/marilyn-monroe/images/31184184/title/marilyn-monroe-photo,0
rosewoodhotels.com/en/contact,0
pedaily.cn/news/t15049,0
vtourist.com,0
netxwzx/jj/1962732.shtml,0
dailyecho.co.uk/leisure/news/15167549.JASON_DONOVAN_TO_BRING_HIS___39_AMAZING_MIDLIFE_CRISIS____TOUR_TO_HAMPSHIRE,0
quotenet.nl/Nieuws/14-vreemde-beroepen-die-meer-geld-opleveren-dan-je-denkt-193316,0
aopa.org/go-fly/flight-tools/aopa-go,0
godlikeproductions.com/forum1/message3456635/pg2,0
imdb.com/name/nm0287071/bio,0
illawarramercury.com.au/story/4546528/police-minister-troy-grant-fined-325-for-taking-photo-while-driving/?cs=12,0
hockeydb.com/ihdb/cards/setdetail.php?set_id=17,0
sat1.de/tv/die-sat-1-reportage,0
worldtop.org/Shopping/Fashion/Short+Hairstyles/Amelie+Poulain+%27haircut,0
dailykos.com/user/recommended/history,0
greatnonprofits.org/city/parkville/MD,0
beatport.com/artist/the-golden-boy/320176,0
ukuser/ccts1282,0
ilmessaggero.it/primopiano/esteri/parigi_sparatoria_orly-2325209.html,0
jy135.com/muying,0
ripoffreport.com/reports/specific_search/Union+Workers+Credit+Services,0
ada.org/en/publications/ada-news/2017-archive/march/dental-handpieces-related-motors-fluoride-varnishes-abutments-up-for-comment?nav=news,0
milanofinanza.it/class/?group=mf,0
tovima.gr/science/medicine-biology/article/?aid=868695#commentForm,0
rumormillnews.com/cgi-bin/forum.cgi?noframes;read=51210,0
rakuten.de/elektronik-fuer-senioren/?icid=DE_mkt:de:home_top_nav_10_senioren_5_elektronikfuersenioren,0
pclady.com.cn/tlist/79833.html,0
michaels.com/wall-art-and-decor/clocks/844537746,0
factmag.com/about/#team,0
jc.net.cn/page/biz/info/infor_394734.html,0
zjleyo.com/a/zhuangban/rihan/2013/0305/1565.html,0
elcorreogallego.es/adserver/delivery/ck.php?n=a7da415c&cb=%n,0
custeel.com/tegang/tsteelzq011103.html,0
abc.org/en-us/abc/abccares/abccaresblog.aspx,0
aol.com/-/aolde?ncid=nav-dehp_services,0
5nd.com/s/33606.htm,0
jxntv.cn/xwgb/2010-10-29/773.htm,0
iucr.org/resources/data,0
al-akhbar.com/node/274494,0
helenair.com/news/world/death-toll-rises-to-from-inmate-riot-at-guatemala-prison/article_2c8d317b-21a8-50e1-a6ac-be476ab3f833.html,0
guancha.cn../RongZhiHui/list_1.shtml,0
autohome.com.cn/29195/0/351/101797654.html#pvareaid=2113260,0
freetech4teachers.com/www.blogger.com/rearrange?blogID=3164418075266604275&widgetType=Image&widgetId=Image2&action=editWidget&sectionId=sidebar-right-2-2,0
in.gov/apps/fssa/carefinder/index.html,0
carnegie-mec.org/2017/03/02/too-big-to-fail-egypt-s-large-enterprises-after-2011-uprising-pub-68154,0
missselfridge.com/en/mscategory/apparel-893014/embroidery-5621519,0
wilx.com,0
howtogeek.com/privacy-policy,0
northwestern.edu/about/northwestern-at-a-glance/general-information.html,0
comatlassian-plugin-sdk/3.8-caviar-m7/atlassian-plugin-sdk,0
fotocommunity.de/photos/frauen,0
knmi.nl/over-het-knmi/about,0
blaine.wa.us/index.aspx?NID=132,0
walb.com/story/34958166/lee-co-schools-fight-flu-and-illness-outbreak,0
wanelo.com/store/gogolush,0
dol.gov/general/topic/workhours/breaks,0
haberler.com/gunluk-kiralik-evde-kadin-cinayeti-9396610-haberi,0
rumormillnews.com/cgi-bin/forum.cgi?noframes;read=60110,0
comodo.com/business-security/pki-management/certificate-manager.php?track=8132,0
cnqwjd/201703/8ff2dd0fac5248ffaf1e6532537f49dc.shtml,0
softpedia.com/hubs/Font-Editors,0
20minutos.es/noticia/2990208/0/the-big-bang-theory-renueva-dos-tamporadas/#social,0
blogspot.com,0
thestar.com/about/rssfeeds.html,0
personneltoday.com/awards/sponsors,0
liuxue86.com/shixibaogao/xuexiao,0
mercerpublishing.com,0
wmiforum.com/toutiao/2017/0321/14595.html,0
funnyjunk.com/channel/4chan/Anon+becomes+an+alcoholic/gaNpLtn,0
eldiariony.com/2017/03/20/el-congreso-tiene-la-palabra,0
trincoll.edu/PublicMasterCalendar/EventDetails.aspx?data=hHr80o3M7J4K5DIz32kYgvMPc3nPRpi9ZdSv4XXaASIYMl%2fG3DZScQY4S4IdQ9E%2f,0
thebeergoddess.com/craft-beer-blog/craft-beer-news/item/925-young-s-market-company-and-coachella-valley-brewing-co-are-providing-great-beer-to-large-retail-chains-and-concert-goers,0
rca.ac.uk/schools/school-of-fine-art/sculpture/student-stories,0
digium.com/solutions/industry/government,0
johnnycalifornia.com/2010/12/22/anti-raves-act-of-2011-introduced-in-california-state-assembly,0
rujb/w/index.html,0
flsenate.gov/Session/ExecutiveAppointments,0
baomihua.com/user/28523_36855725,0
barrick.com/careers/default.aspx,0
yywsb.com/health/nxdxb,0
infoplease.com/ipa/A0873843.html,0
education.gov.uk/government/people/indra-morris,0
maigoo.com/maigoo/645xxx_index.html,0
allaboutvision.com/cvs/eyestrain-infographic.htm,0
kfvs12.com/story/8774923/privacy-policy,0
carjob.com.cn/resume/util/213625.html,0
twitter.com/#!/BrennanCenter,0
managerialstaff.ru/shop/20091,0
codecanyon.net/category/plugins/prestashop,0
amiami.jp/top/detail/detail?gcode=GOODS-00146604&page=top,0
nouvelobs.com/le-grand-oral,0
amf-france.org/Acteurs-et-produits/Societes-de-gestion.html?,0
arcelormittal.com/what-we-do/research-and-development/contact,0
liveresult.ru/football/matches/match628346_Ituano_FC-Linense_(Brazil)-online,0
vivilavive.com/vvtxp/keluaran-togel-hk-tanggal-02-03-2017.html,0
cncrk.com/downinfo/165348.html,0
warnerelectric.com,0
ruskline.ru/author/k/kiselev_dmitrij_konstantinovich,0
cff.org/Care/Clinical-Care-Guidelines/Other-CF-Related-Conditions-Clinical-Care-Guidelines/Cystic-Fibrosis-related-Diabetes-Clinical-Care-Guidelines,0
youtube.com/watch?v=OQjjC568RLs,0
digitaltutors.com/learningpath/subject/game-development-tutorials,0
gran-turismo.com/de,0
alldatasheet.com/datasheet/2N/2N.html,0
twitter.com/intent/tweet?lang=en&url=http%3A%2F%2Fwww.espn.co.uk%2Fvideo%2Fclip%3Fid%3D18959937&text=Sweet%2016%20matchups%20to%20watch,0
uplb.edu.ph/17-link/110-university-of-arizona-prof-gives-special-talk-in-uplb,0
shopto.net/laptops-tablets/laptops-by-screen-size/15-6-/store,0
toysrus.co.uk/toys/customer-service/email-sign_up,0
payvand.com/blog/1389/2010/03/04/toronto-iranian-canadian-network-nowruz-gala,0
fr2012/05/17/le-whos-who-interactif-du-gouvernement/index.html,0
rollcall.com/news/politics/trumps-cabinet-racks-no-votes-senate,0
ibdb.com/broadway-cast-staff/51416,0
tomsk.ru/directory/market,0
military.com/discounts/lodging,0
newsone.com/about,0
archive.org/stream/banksbankersofke00fina/banksbankersofke00fina_djvu.txt,0
overclockers.ru/hardnews/82927/amd-ryzen-i-windows-10-eto-poka-ploho-sovmestimye-ponyatiya.html,0
colorgruppen.dk/npogf/dangdut-organ-tunggal.html,0
scpwhw.com /plus/list.php?tid=96 ,0
sb.by/articles/servis-nizhe-podokonnika.html,0
jibjab.com/ecards/random,0
statcounter.com/support/knowledge-base/?filter=Upgrade,0
nowec.com/splist/17_1712_1031995,0
carchopdesign.com/trivia-crack-hack-tool,0
adaa.org/blogs/missing-your-ocd,0
kinopoisk.ru/name/36063,0
bestwestern.com/en_US/hotels/destinations/united-states/hotels-in-myrtle-beach.html,0
ed.gov/notices/english-la,0
t3n.de/store/page/impressum,0
gezila.com/special/2016remendanji,0
adelaidenow.com.au/business/economy,0
sky.com/shop/mobile/features,0
pricegrabber.com/bedroom-sets/browse,0
iask.com/b/2eGL4SMmR9.html?qvtype=WA&pvtype=WA,0
mining.com/coal,0
salliemae.com/college-planning/tools/college-cost-calculator,0
iweihai.cn/club/user/script/forum/list.asp?board_id=27&topic_id=174&topic=%B9%E3%B7%E1%B3,0
criticalthinking.org/pages/institutions-using-our-approach-to-critical-thinking/865,0
flysas.com/en/?cep=219451,0
caideal-for/camping-and-hiking/products/c/100?q=%3Asales-rank%3AfeatureCollection%3Aonclearance,0
elwatan.com/regions/kabylie/bajaia/premiere-edition-du-salon-de-l-agriculture-familiale-20-03-2017-341508_143.php,0
urbanoutfitters.com/urban/catalog/category.jsp?id=BRANDS&brand=lomography&cm_sp=BRANDS-_-L3-_-BRANDS:BRANDS&brand=lomography,0
wikipedia.org/wiki/Graham_Towers,0
zakon.kz/www.zakon.kz/4849629-jelektromobil-kia-soul-ev-poluchit.html,0
hljtv.com/dianbo/shuohe/index.shtml,0
huatu.com/sydw/1114538.html,0
muji.com/kw,0
orlandosentinel.com/travel/destinations/florida/st-augustine,0
sanstas.kz/kotly/21-kotel-kiturami-twin-alpha-13r.html,0
ayurvedaplus.ru/articles/29681,0
pblogs.gr/view/15065/1638182,0
atlassian.net/software/bamboo,0
vogue.it/special-link/makeup,0
linkedin.com/pub/opio-sekou-latham/1/171/166,0
lequipe.fr/Rugby/Actualites/Un-tournoi-des-6-nations-reussi-pour-l-equipe-de-france/786868,0
fun.tv/market/1468/index.html,0
zdnet.com/video/singapore-buses,0
chaturbate.com/auth/password_reset,0
nlb.gov.sg/About/NationalLibraryDistinguishedReaders.aspx,0
espncricinfo.com/west-indies-v-england-2016-17/content/series/1027307.html,0
thenextweb.com/section/insights,0
youtube.com/user/vucommodores,0
filepie.us/?title=Fraternities_and_sororities,0
templates.com/product/magento-themes,0
auBrowse/Results/ByPortfolio/LegislativeInstruments/Current/Agriculture%20and%20Water%20Resources,0
nick-name.ru/project,0
jhsph.edu/about/honors-and-awards,0
facebook.com/LesDentistesDeLaPlaceVertu,0
valpak.com/c/coupon-codes/hr-block-coupons,0
kddi.com/internet/auhikari/?bid=kd-we-top-0067,0
williamlong.info/cat/?page=7,0
oh100.com/a/201612/481385749050.html,0
bundesfinanzministerium.de/Web/DE/Service/Publikationen/Ausschreibungen/ausschreibungen.html;jsessionid=F304F86857106BA797B8F54AC892B417,0
autohome.com.cn/price/brand-38.html,0
gohawaii.com/maui/guidebook/topics/live-music-on-maui,0
local.ch/de/q/Discothek.html,0
aegisbicycles.com/tag/cyclocross-bicycles,0
youtube.com/watch?v=QU1fZ9Dyess,0
programme-tv.net/cinema/9129629-1-54,0
svenskafans.com/england/arsenal/forum.aspx?tnl336Click=start&tnl336Tab=FrmPop,0
rumormillnews.com/cgi-bin/forum.cgi?noframes;read=65161,0
jxgztv.com/jkyy/dxyy,0
doyo.cn/article/304060,0
comhotel/00181/index.html,0
plunderguide.com/edith-labelle,0
xinhuanet.com/auto/2017-03/20/c_1120655925.htm,0
hrblock.com/get-answers/tax-calculators.html#/en/te/aboutYou,0
jam-software.com/serversentinel,0
jmtmg.com/html/3894124421.html,0
znlys.com/a/baomingzixun/kaoshizixun/20160526/4348.html,0
foto.ru/catalog/fotoapparaty/kompaktnye-tsifrovye-fotoapparaty/powershot-sx60-hs,0
cnnphilippines.com/news/2017/03/15/House-leaders-remove-Arroyo-11-reps-from-posts.html,0
lizi360.com/news_car/3090.html,0
onlinedown.net/soft/616062.htm,0
bitauto.com/mg-79,0
triplepundit.com/topic/employee-engagement,0
nd.gov/dhs/locations/countysocialserv,0
csai.cn/creditcard/1226923.html,0
chuckberry.com,0
fau.edu/registrar/transcripts.php,0
csc86.com/xiedai,0
ebrun.com/qcds,0
cableabc.com/gc/20170320181061.html,0
waterstones.com/category/sports-leisure,0
floramartinez.net,0
freemake.com/about_us,0
msc.org/get-certified/supply-chain,0
gdziezjesc.info/warszawa/the_chef_house_mokotow,0
thephonesuperhero.com/npogf/bangla-chodachoder--boude--images.html,0
skyrock.com/m/overview.php,0
comfriends/tonglu/hangzhou.html,0
economist.com/books,0
finedesigns.com/organizations/naia/spring-sports/baseball/2011-avista-naia-world-series.html,0
sputniknews.com/radio_loud_and_clear/20160216/1034828977/john-pilger-extremists-run-america.html,0
chathamhouse.org/www.chathamhouse.org/research/us-election-2016,0
ettoday.net/news/20170321/888177.htm,0
closetcooking.com/2014/02/beef-wellington-tarts-with-mushroom.html,0
syszyz.org/part/?s=%CD%D8%D5%B9%D1%B5%C1%B7,0
intellicast.com/National/Temperature/Departure90.aspx,0
chattanoogan.com/2017/3/20/344307/700-Block-Of-Market-Street-Closed.aspx,0
ww95zz.com/game/19.html,0
wikisource.org/www.wikipedia.org,0
thechronicleherald.ca/homesnews/1451268-pretty-on-the-inside-%E2%80%94-distract-from-an-unattractive-view,0
gpo.gov/customers/store.htm,0
ch.ch/en/abisz,0
centerforinquiry.net/outreach,0
comatlassian-plugins-core/3.0.13-m08-instant-on-spike/atlassian-plugins-core,0
viagrapricemeds.com#/category/gums.htm,0
yncn/content/22,0
notcot.org/page/615,0
cnnturk.com/saglik/olumden-baska-her-derdin-devasi,0
visithelsinki.fi/fi/nae-ja-koe/nahtavyydet/arkkitehtuuria-helsingissa,0
tnvacation.com/west-tennessee/west-tennessee-southwest,0
eat-travel.com.tw/article/index/263810,0
educationnews.org/career-index/journalism-schools,0
windowsitpro.com/penton_ur/nojs/user/register,0
wikipedia.org/wiki/Rock-a-Hula_Ted,0
depo.ua/ukrop.depo.ua/ukr,0
samsclub.com/sams/cereal-breakfast-foods/2260.cp?xid=hdr_shop3_grocery_canned-packaged-foods_cereal-breakfast-foods,0
hmv.co.jp/4_920_937,0
roadandtrack.com/www.twitter.com/share?url=http:/www.roadandtrack.com/car-culture/videos/a32978/the-subaru-wrx-sti-is-a-hype-machine-that-will-always-end-in-disappointment/&text=The%20Subaru%20WRX%20STi%20Is%20a%20Hype%20Machine%20that%20Will%20Always%20End%20in%20Disappointment&via=RoadandTrack,0
cosstores.com/soundcloud.com/cosstores,0
bundesarchiv.de/impressum/index.html.de,0
infoplease.com/ipa/A0880740.html,0
sandia.gov/resources/employees/index.html,0
yumpu.com/es/archive/2017/02,0
dickblick.com/brands/best,0
dailyrecord.co.uk/entertainment/music/music-news/bwitched-announce-comeback-20th-anniversary-10034423,0
walesonline.co.uk/whats-on/whats-on-news,0
rising.com.cn/about/jianjie.html,0
nuclearsecrecy.com/tag/leslie-groves,0
columbia.com/hunting-clothing-jackets-bibs/?prefn1=productClass&prefv1=Shirts,0
rasmeinews.com/knowledge/MmM3MjAzOW/36,0
qip.ru/goroskop-blizneci/daily/?from=qip&utm_source=mainqip&utm_medium=referral&utm_content=click_select&utm_campaign=main_new_horo,0
mine.nu/about/clients,0
fraunhofer.de/de/jobs-und-karriere/schueler/duales-studium/medien.html,0
smartlivingcompany.com/checkout/cart,0
famouswhy.com/grace_stafford,0
zdface.com/ssff/ys/2017-03-21/363852.shtml,0
phantombookshop.com/williamfnolan/BooksofWilliamFNolan.htm,0
travel.ru/news/2017/03/21/258762.html,0
bmwusa.com/contact/testdrive.html?vehicleseries=5&vehiclebodystyle=sedan,0
actualitte.com/article/tribunes/j-espere-que-le-slf-saura-se-ressaisir-sous-d-autres-gouvernances-christian-thorel/70150,0
goal.com/en/news/1863/world-cup-2010/2009/10/10/1549032/world-cup-qualifying-preview-bolivia-brazil,0
barclays.com/careers/our-roles/sales-and-relationship-management.html,0
forrent.com/search-apartments-by-zip.php,0
joinsmsn.com/Media/List.aspx?mseq=106,0
github.com/sphinxsearch/sphinx,0
cheshi.com/new_selectcar/40_10000000-0-0-0-0-0-0-0-0-0-0-1-0,0
visitnorway.com/places-to-go/eastern-norway/hallingdal/things-to-do/park-experiences,0
opendemocracy.net/author/badee-dwaik,0
bayern.de/staatsregierung/ministerpraesident/die-bayerischen-kabinette-seit-1945,0
arnebrachhold.de/2011/08/08/hiding-the-ad-columns-in-gmails-new-split-pane-mode-firefox,0
barkanoid.com/vxqk/dj-akash-patel-badri-ki-dulhania.html,0
atverlag-der-oeaw-publikationen/epuboeaw/institutionelles-repositorium,0
beritasatu.com/nusantara/420615-8-sipir-di-bengkulu-positif-konsumsi-narkoba.html,0
collectinghistory.net/dd614,0
usidentify.com/l/sherrard,0
sagepub.com/en-us/nam/annals,0
pathfinderethiopia.com/index.php/2012-05-05-09-36-04/right-sidebar/historical-heritage-safaris,0
evri.com/organization/ecole-secondaire-louis-joseph-papineau-0x140b22,0
linkedin.com/pub/dir/+/Engel,0
notcot.org/page/198,0
amazon.com/iam/?nc1=f_m,0
go.com/nfl/player/_/id/13268/chris-cook,0
blogspot.com/2011/05/what-use-is-game-theory.html,0
in2it-homes.com/index.php/projects/davis-residence,0
comblog/2016/4/24/corenti-renaut-for-carbon-copy,0
healthcanal.com/sports-medicine/75683-you-dont-win-friends-with-salad-but-you-may-win-gold.html,0
bufuzao.com/zixun/latest/344170_wwvGOSgq.html,0
museumstuff.com/family-history/names/Pouliot.php,0
bitbucket.org/marcusva/py-sdl2/downloads,0
yatego.com/kraeuter-gewuerze/16-34-01,0
doyo.cn/fahao/2688,0
westjet.com/en-ca/about-us/airline-partners,0
delinquents.com.au,0
youtube.com/watch?v=43HoKtmEgQA,0
facebook.com/pjburford,0
3gsc.com.cn/bookcon/437316_134_0,0
gamedesire.com/rules/terms-of-service,0
premiere.fr/Series/News-Series/The-Walking-Dead-saison-7-les-5-evenements-de-l-episode-14,0
coursera.org/learn/implant-dentistry,0
financialsamurai.com/overcome-money-addiction/#comments,0
bethlemitastulcan.edu.ec/index.php/proyectos-escolares/ecologia,0
lantichita.com/images/spsimpleportfolio/danni-causati-dai-tarli/legno_tarli1_600x400.jpg,0
bankofengland.co.uk/about/Pages/procurement/default.aspx,0
chindwintu-international.com/index.php/about-us-profile/mission-vision,0
compage/send/?18.html,0
gree.com.cn/pczwb/tzzgx/index.shtml#d_lsgg,0
discogs.com/search/?country_exact=Haiti,0
paperblog.fr/users/romy21,0
rumormillnews.com/cgi-bin/forum.cgi?noframes;read=70152,0
fivestaralliance.com/luxury-hotels/montreal-pq/w-montreal,0
comatlassian-cache-vcache/2.10.1/atlassian-cache-vcache,0
schwab.com/public/schwab/investing/retirement_and_planning/life_events,0
52pk.com/zt/darksouls3,0
thetruthaboutcars.com/2017/02/piston-slap-23,0
facebook.com/sharer/sharer.php?u=http%3A%2F%2Felcomercio.pe%2Fdeporte-total%2Ffutbol-mundial%2Fneymar-confeso-que-le-gustaria-jugar-premier-league-noticia-1977549&t=Neymar+confes%C3%B3+que+%22le+gustar%C3%ADa+jugar%22+en+la+Premier+League,0
mangerbouger.fr/Les-9-reperes/Les-9-reperes-a-la-loupe/Activite-physique,0
lmjx.net/s_show/25830.html,0
utu.fi/fi/Opiskelu/opiskelu-yliopistossa/Sivut/Opintojen-rakenne-ja-kesto.aspx,0
hardsextube.com/tags/pussylicking-porn,0
dpp.cz/jizdne,0
pcpop.com/AppleAccessories,0
mediawiki.org/wiki/Manual:Contents,0
chip.de/artikel/Klasse-Notebook-Deal-Bilderbuch-Allrounder-fuer-333-Euro_110851962.html,0
21cn.com/hot/cn/a/2017/0320/12/32086064.shtml,0
megasto.com.ua/catalog/rezina_syraya,0
wilx.com/news?cat=Local&cat_type=Story Category&path=/content/news,0
kutv.com/features/health/baby-your-baby,0
pcpop.com/000977602/Index.html,0
youtube.com/c/courierpress,0
fast-torrent.ru/feeds/rss,0
replays.net/games/xichubawang,0
newsfactor.com/news/Is-YouTube-Hiding-LGBTQ-Videos-/story.xhtml?story_id=11000A413C50,0
23xth.com/job/?c=search&job1=44&job1_son=91&job_post=731,0
eurosport.co.uk/football/african-cup-of-nations,0
micai.com/51dl/55613.html,0
practicalmachinist.com/manufacturing-economic-news/consumer-price-index-increased-february/#comments,0
lids.com/nhl/st-louis-blues,0
aucfan.com/search1/s-mo/c-mo_700000071,0
rts.rs/page/rts/ci/%D0%9A%D0%BE%D0%BD%D0%BA%D1%83%D1%80%D1%81%D0%B8.html,0
wn.com/peerage,0
comWuYiGuoJiLaoDongJie/201703/837967.htm,0
raileurope.com/european-trains,0
bandcamp.com/track/love-tree,0
topspeed.com/cars/video/ke278.html,0
nelsongenealogy.com,0
nearlyweds.com/sites/index/156939,0
pctipp.ch/news/gesellschaft/artikel/amazon-so-entlarven-sie-fake-bewertungen-87348,0
thejournal.ie/international,0
waset.org/topic/Urban-and-Civil-Engineering/2017/06/amsterdam,0
"mkvdic.com?""../zyjy/zyjyxw/201609/t20160920_674212.html""",0
chestnet.org/Guidelines-and-Resources/Resources/Coding-Regulations-and-Reimbursement,0
wikipedia.org/wiki/Karl_Martell,0
apastyle.org/learn/faqs/web-page-no-author.aspx,0
nextbigfuture.com/p/privacy-policy.html,0
szfw.org/cert/l/CX20120907001620001658,0
lg.com/us/shop-wireless-keyboards,0
wowprogress.com/realms/rank/eu/lang.en,0
yahoo.co.jp/weather,0
unz.com/masthead/#comments-policy,0
macupdate.com/deal/20856/15998?utm_source=macupdate&utm_medium=www&utm_content=mu_promos&utm_campaign=promos,0
nsf.gov/news/classroom,0
autostraddle.com/40-recipes-celebrating-onion-diversity-371177,0
kob.com/alerts,0
sciencepublishinggroup.com/home/index,0
lanjinlin.com/hulunbeie,0
svherald.com/content/news/2009/10/10/pennies-heaven-hells-kitchen-star,0
broadcom.com/products/leds-and-displays/surface-mount-plcc/plcc-4-leds,0
funtimebrindes.com.br/index.php/Caipirinha/View-all-products.html,0
folkd.com/detail/%2Fwww.youtube.com%2Fwatch%3Fv%3DV9-ltPsbw9g,0
udec.cl/pexterno/node/21,0
souq.com/ae-en/garmin/fitness-technology-498%7Csporting-goods-322/a-t/s/?_=1468756393176&page=1,0
go.com/mlb/player/_/id/30282/chris-leroux,0
westconsincu.org,0
averydennison.com/en/home/lpm-products/key-innovations/directlink.html,0
interbrand.com/work/prysmian-group-puts-everyone-on-the-same-team-to-build-employee-engagement,0
hr.com/en/communities/staffing_and_recruitment/online_staffing__and_sourcing/compliance/privacy,0
dsu.edu/academics/degrees-and-programs/business-management-as,0
loyno.edu/event/gnk84kv9jy,0
desertmuseum.org/support/annual_report15,0
mhprofessional.com/college/humanities/journalism-mass-communications/newspaper-writing-reporting,0
24en.com/list/16_1.html,0
videosurf.com/jack-carpenter-39222,0
untad.ac.id/arkadiuz-bartnik-polandia-anita-natalia-timor-leste-ceritakan-pengalamannya-selama-berkuliah-di-universitas-tadulako/#respond,0
comhelp/ordering-payment,0
scrapbook.com/store/highest-rated.php,0
facebook.com/people/Logan-Warren/100000534145263,0
tgbus.com/info_57/85424,0
spirithalloween.com/thumbnail/group-couples/tv-movies-gaming/sci-fi-fantasy/pc/1429/c/1430/753.uts,0
suse.com/promo/sle,0
audible.com/pd/History/Sully-Audiobook/B01HGYYTPY,0
worldoftanks.com/en/news/general-news,0
zol.com.cn/motherboard/s2132,0
reut.rs/article/us-australia-crocodile-idUSKBN16S0AB?il=0,0
iinet.net.au/combo,0
gmw.cn/2017-03/20/content_24008728.htm,0
mutvsports.com,0
aoc.gov/capitol-buildings/brumidi-corridors,0
qihuiwang.com/product/q36894/278187518.html,0
metroonlinedirectory.com/Bus-Manufacturers-ct77945.htm,0
slush.org/person/neil-rimer-2,0
hull.ac.uk/Study/Subjects/Medical-and-Biomedical-Engineering.aspx,0
jxrencai.com/zhaopin/baoxianpeixun,0
hr.com/en/magazines/legal_compliance_excellence_essentials/march_2015_legal_compliance,0
chowhound.com/post/month-restaurants-1047823?commentId=9964720,0
sumo.or.jp/Ticket/fukuoka?month=11,0
marinebio.org/oceans/faqs,0
nicovideo.jp/sdk,0
mp3car.com/member/494746-hksone,0
san.org/Shop-Dine-Relax/Relax,0
imdb.com/chart/toptv/?ref_=nv_tvv_250_3,0
cincodias.com/cincodias/2017/03/20/economia/1490011454_315836.html,0
114best.com/gs31/91122360133.html,0
fcbarcelona.com/sections/basketball/first-team/staff,0
wyndhamhotels.com/ramada/hotel-deals/best-rate-guarantee,0
amazon.com/exec/obidos/ASIN/0385353308/ref=nosim/themill0b-20,0
apple.co/us/shop/goto/educationrouting,0
live5news.com/story/34953228/guardian-of-rockefeller-fortune-philanthropy-dies-at-101,0
cornerstoneondemand.com/gap-analysis-succession-planning,0
bluetooth.com/membership-working-groups/donating-your-device-to-the-sig,0
ncaa.com/video/basketball-men/2016-03-15/dunks-day-first-four-tuesday,0
waset.org/topic/Defense-and-Security-Engineering/2017/07/barcelona,0
cheap-pills-norx.com/catalog/Other/Allopurinol.htm,0
eduu.com/t/T-C0-A5-C3-F7-D6-D0-BF-BC.html,0
royalsocietypublishing.org/journals/publishing-activities/publishing350,0
hbsc.cn/corp/corpinfo-1998380.html,0
asiasociety.org/hong-kong/events/migrant-workers-china-hukou-hope-and-beyond,0
comatlassian-tenant-context-impl/0.1.4/atlassian-tenant-context-impl,0
kaust.edu.sa/about,0
todotvnews.com/scripts/templates/estilo_nota.asp?nota=eng%2FTV+Paga%2FSe%F1ales%2F2010%2F06_junio%2F29_casa_club_tv_nueva_edici%F3n_en_busca_de_una_nueva_diva_colombia,0
sjcny.edu,0
jetblue.com/web/forgot-password,0
phillyvoice.com/staff-contributors,0
xbiao.com/technique,0
elnuevoherald.com/noticias/mundo/#navlink=subnav,0
aviaport.ru/digest/all,0
thefreedictionary.com/Dies+Iraes,0
rakuten.de/musik-zubehoer/?icid=DE_mkt:de:home_top_nav_18_musikinstrumente_5_equipmentfuermusiker,0
godlikeproductions.com/forum1/message2391019/pg1,0
sweden.se/tag/design,0
72177.com/a/201702/254284717.shtml,0
amazon.ca/b/ref=br_pdt_mgLwt?_encoding=UTF8&node=1267154011&pf_rd_m=A3DWYIK6Y9EEQB&pf_rd_s=&pf_rd_r=DMXGZ1KXM4HVRD2JKA7C&pf_rd_t=36701&pf_rd_p=029ad348-9fad-4fba-9de9-cfe4841f40d8&pf_rd_i=desktop,0
lerablog.org/tag/online-marketing,0
steelhome.cn/2017/03/20/m5252263.html,0
desktx.com/meishi,0
famouswhy.com/keith_byars,0
umk.pl/uslugi,0
silkroad.com/HarlemGlobeTrottersJobs/Home.html,0
tanea.gr/instanea,0
defence.gov.au/Budget,0
ktm.com/travel,0
51daifu.com/region/yunnan.shtml,0
veromi.com/Cynthia-P-Jenkins.aspx,0
box.com/partners/salesforce,0
lostcreekmachine.com,0
classicdriver.com/en/article/cars/5-collector-cars-put-your-garage-week-2,0
gallery.ru/catalog/?catalog_id=20,0
yoox.com/us/women/shoponline/viktor & rolf_d#/d=679&dept=women&gender=D,0
i35oklahomacity.com,0
unt.se/familj/familjeannonser/?link=http%3a%2f%2ffamilj.unt.se%2f%23%2fminnas%2f7939453,0
manchesterairport.co.uk/at-the-airport/shopping,0
facs.org/publications/newsletters/coc-source,0
doctissimo.fr/html/forme/sports/niv2/sports-individuels.htm,0
gamestop.com/browse/xbox-360/accessories/cables-adaptors?nav=1385-73,0
39.net/jrsy,0
sa-venues.com/things-to-do/kwazulunatal/region/south-coast,0
nsella.ru/categories/dental_units/catalog/sirona/3349,0
er.ru/interview/2017/3/16/lesnaya-amnistiya,0
tvkultura.ru/brand/show/brand_id/20905,0
intercontinental.com/www.ihg.com/rewardsclub/gb/en/enjoy-rewards,0
thueringen.de/apps/news/display.aspx?docid=urn-newsml-dpa-com-20090101-170320-99-735615%3a1490014683000,0
cfl.ca/2017/02/26/acaa-honours-commissioner-orridge,0
aetna.com/health-care-professionals/patient-care-programs.html,0
udn.com/health.udn.com/health/cate/5683,0
redcrossug.org/about/uganda-redcross-society,0
gdjwd.com/index/incx/userpage.aspx?class=47,0
dailym.ai/news/article-4333712/Bullfighter-gored-rectum-1-160lb-beast.html,0
phideltdc.com/news/041607.htm,0
3339777.com/tsyl/2016/1014375.html,0
raymondibrahim.com/muslim-persecution-of-christians/whoever-disbelieves-strike-off-his-head-muslim-persecution-of-christians-february-2015,0
linkedin.com/edu/school?id=19472,0
jaafsl.com/media-room/item/80-jaaf-hails-sean-van-dort-s-appointment-to-global-shippers-forum-board,0
kraftrecipes.com/about/site-map.aspx,0
acslaw.org/convention/2017,0
sofmap.com/www.sofmap.com/product_list.aspx?gid=LF81000000,0
hpe.com/us/en/solutions/service-providers.html,0
abt.com/category/444/Desktop-Computers.html,0
thirdmovies.com/scene.php?&scene_id=735,0
unb.br//publicacoes/67-ensino/1349-coordenadores-discutem-rumos-da-pos-graduacao-na-unb,0
youtube.com/user/practicalmoneyskills,0
wikipedia.org/wiki/Mutual_Street_Ar,0
pennergame.de/img/pv4/noauth/de_DE/shots/screen_3.jpg,0
ama.org/resources/Pages/Speakers-Bureau.aspx,0
bartleby.com/topics/Postpartum-Depression-Essay,0
aldi.co.uk/customer-services/returns,0
resolve.org/get-involved/blogger-information.html,0
wangxiao.cn/weisheng/dt_bm,0
cope.es/menu/solo-en-cope-es/asuntos-externos/Audios,0
nokia.com.cn/zh_int/node/49001,0
gallery.ca/english/library/biblio/ngc037.html,0
gwyoo.com/Article/dwgzfa/yingjiyuan/201608/633605.html,0
tobi.com/bottoms/rompers,0
smartadserver.com/what-we-do/ecosystem,0
orgchemical-weapons-convention/articles/article-xi-economic-and-technological-development,0
politika.rs/scc/sarena-strana#horoscope-sagittarius,0
suning.com/onlineOrder/ist.do?transStatus=waitPay,0
pymnts.com/news/payment-methods/2017/samsung-pay-is-now-available-in-india,0
rlslog.net/scooby-doo-mystery-incorporated-s01e25-hdtv-xvid-asap,0
360che.com/s16/4086_66_Price.html,0
videocardz.com/67503/amd-polaris-12-spotted-with-640-stream-processors,0
360cities.net/mobile-app,0
urbandaddy.com/articles/39069/the-worlds-first-hotel-dedicated-to-gin,0
realtytimes.com/advicefromtheexpert/item/46700-must-visit-spas-in-incline-village-nevada?rtmpage=PegAugustus,0
elsiglodetorreon.com.mx/archivo,0
cosplay.com/members,0
wqad.com/category/contests,0
oldschool1003.com/2604555/will-smith-movie-quotes,0
ted.com/plus.google.com/+TED,0
singularityhub.com/2017/03/17/you-can-ban-a-person-but-what-about-their-hologram,0
amazon.com/phrase/Patrick-Hemingway,0
xfxforce.com/support/drivers,0
pcgames.de/Mass-Effect-Andromeda-Spiel-55712,0
blm.gov/get-involved/partnerships/featured-partners/utah,0
systemrequirementslab.com/cyri/requirements/assassins-creed-freedom-cry/12921,0
blogmura.com/profile/01546863.html,0
purepeople.com/people/danse-avec-les-stars_p2436,0
cryptome.org/2015-info/niamey/niamey-drone-base.htm,0
phoenicia.org/bibliogr.html,0
kindai.ac.jp/topics/2017/03/post-1192.html,0
charlotterusse.com/plus-sizes/plus-size-intimates,0
americansouthwest.net/highlights/most-visited-parks/01.html,0
operationsmile.org/approach/where-we-work/malawi,0
fide.com/component/content/article/1-fide-news/10028-change-of-venue-for-world-cadet-chess-championship-2017-.html,0
fondsk.ru/tags/lupu-77.html,0
sdrc.com.cn/ww/z/a/news_detail.html?categoryID=8a84f6163e82c1d8013e82c7a85e0004&articleId=402894855991c3d30159a5eb2b5c008d&type=2&selected=0&ignorekey=&extendkey=&extendselected=&newcategoryKey=&isChilds=,0
dol.gov/cgi-bin/leave-dol.asp?exiturl=www.facebook.com/departmentoflabor&exitTitle=www.Facebook.com&fedpage=no,0
tdpilot.ru/component/jshopping/maslo-freonovoe-pag-46-100-500-ml-italiya?Itemid=0,0
sfgate.com/sports/blogs,0
breastcancer.org/blog/self-care-for-caregivers,0
zimbra.com/partners,0
wikipedia.org/wiki/Richard_Pryor:_Live_on_the_Sunset_Strip,0
memphis.edu/tsf,0
mq.edu.au/study/admissions/entry-requirements,0
foodmate.net/extend/redirect.php?aid=266,0
eurovision.tv/page/about/fans,0
pravmir.ru/category/cerkov/doroga-k-xramu/prazdniki/vvedenie-vo-xram,0
izvestia.ru/news/671187,0
dbshost.cn/pdtshw/hstshw/hst_frm.asp?gid=zbp100,0
hcltech.com/geo-presence/latin-america,0
ce.cn/more/201703/20/t20170320_21159891.shtml,0
rca.ac.uk/more/support-the-rca/rca-fund-1/student-stories,0
onlinedown.net/soft/745258.htm,0
latercera.com/noticia/parlamentarios-rn-solicitan-al-gobierno-declarar-inconstitucional-la-coordinadora-arauco-malleco,0
fowtcg.com/event/the-force-of-will-usa-masters-2017-tournament-information,0
softschools.com/handwriting/practice,0
mq.edu.au/study/events,0
liuxue86.com/xiaoxueshengzuowen/qiutian,0
hsbc.com/about-hsbc/company-history/online-gallery,0
reg.ru/support/hosting-i-servery/sajty-i-domeny/moy-sayt-ne-rabotaet/oshibka-403,0
upc.at/community-en-2,0
eol.cn/html/gwy/2016gkcjjs,0
whatreallyhappened.com/category/climategate,0
linkedin.com/pub/ryan-drummond/18/a16/22,0
nu.nl/116520/video/braziliaanse-modeontwerper-vlecht-haren-modellen-in-elkaar.html,0
woodstockuniverse.com,0
universmotri.ru/index.php/novosti/obrazovanie-i-nauka/eto-zhe-originalno.html,0
theplayerstribune.com/author/cnewton,0
adcouncil.org/Our-Campaigns/Safety/Sexual-Assault-Prevention,0
svz.de/service/fernsehprogramm,0
rumormillnews.com/cgi-bin/forum.cgi?noframes;read=65070,0
urbanspoon.com/ps/67/14181/Montreal/Hotels/Sheraton-Le-Centre-Montreal-Hotel.html,0
turfshowtimes.com/2010/8/31/1654962/2010-st-louis-rams-compare,0
rojoynegro.info/articulo/eje-violeta/cgt-apoya-el-%E2%80%9Cparo-internacional-mujeres%E2%80%9D-convocado-nivel-mundial-el-8m,0
lexisnexis.com/webcd/app?action=DocumentDisplay&crawlid=1&doctype=cite&docid=50+Vill.+L.+Rev.+1135&srctype=smi&srcid=3B15&key=c6f9389b2f68f810f2bf36475d6b759f,0
mmucfe.co.uk/what-we-do,0
blogspot.com/2010/10/recording-phonemes.html,0
popmatters.com/pm/post/118683-the-besnard-lakes-the-besnard-lakes-are-the-roaring-night-new-album-,0
mtsu.edu/liberalarts/programs.php,0
sina.com.cn/2645,0
fineartamerica.com/art/celebrities,0
goodereader.com/blog/digital-publishing/digital-manga-sales-increase-by-27-in-2016#respond,0
pictaram.com/tag/vlog,0
saudigazette.com.sa/business/kaplan-buys-genesis-facilitate-training-professional-skills,0
bloodhorse.com/horse-racing/articles/section/kentucky,0
jta.org/2017/03/20/news-opinion/world/toronto-hate-crimes-increase-with-jews-targeted-the-most,0
yumasun.com/marketplace/business_professional_services/advertising/miscellaneous/yuma-sun-local-news/business_1139681740.html,0
livingstondaily.com/memberguide/apps,0
americansouthwest.net/wyoming/yellowstone/wolf-lake-trail.html,0
ageuk.org.uk/help/privacy-policy,0
ubisoft.com/wildlands/en-US/news/152-285360-16/beyond-march-7-the-post-launch-recap-of-tom-clancys-wildlands,0
muji.net/www.muji.net/store/cmdty/section/T20022,0
wilwheaton.net/2017/03/and-now-the-weather,0
wreg.com/2017/03/20/teens-caught-on-camera-vandalizing-local-store,0
google.com/store/apps/details?id=com.birdeye.blip&hl=en,0
qihuiwang.com/product/q38553,0
rona.ca/fr/promotions/circulaires-de-la-semaine,0
moevenpick-hotels.com/en/middle-east/saudi-arabia/jeddah/resort-jeddah-al-nawras/overview,0
songsforteaching.com/math/multiplicationsongs.htm,0
news-leader.com/sports,0
duote.com/soft/65705.html,0
billboard.com/column/the-juice/common-readies-no-i-d-produced-album-drops-1005264832.story,0
gospelherald.com/articles/69515/20170202/liberty-universitys-evangelical-jerry-falwell-jr-to-lead-trump-s-higher-education-task-force.htm,0
journaldunet.com/patrimoine,0
irelandinformationguide.com/Dublin_Airport,0
dol.gov/general/topic/hiring/affirmativeact,0
discogs.com/search/?style_exact=Acid+House,0
banki.ru/quotes/brent,0
cartercenter.org/countries/romania.html,0
itwire.com/opinion-and-analysis/open-sauce.html,0
sgs.com/en/news/2017/03/sgs-acquires-ilc-micro-chem-inc-canada,0
mingle2.com/online-dating/florida/jacksonville,0
cnhan.com/html/mengchong/20170313/29607.htm,0
dnj.com/contact/staff,0
codeguru.com/cpp/i-n/network/messaging,0
liga.net/incident/14714715-shest_okkupantov_unichtozheny_i_devyat_raneny_pod_vodyanym.htm,0
shawnee1988.com,0
twitter.com/intent/favorite?tweet_id=839641943059595264,0
abt.com/category/2283/Work-Wear.html,0
singerfeatherweightsewingmachines.com/singerfeatherweightsewingmachines.aspx,0
csc86.com/erjiguan,0
lafeltrinelli.it/cinema/c-5/0/1/?dscValue=%253C%2B45.00,0
livescore.in/indonesia,0
technion.ac.il/%d7%9e%d7%97%d7%a7%d7%a8-%d7%91%d7%a4%d7%a7%d7%95%d7%9c%d7%98%d7%95%d7%aa,0
project-syndicate.org/columnist/jorge-g--casta-eda,0
bandai.co.jp/info/new.html,0
autohome.com.cn/28124/0/2046/102469587.html#pvareaid=2113261,0
jcu.edu.au/engage/government,0
kcl.ac.uk/ioppn/study/prospective-students/Masters-Scholarships.aspx,0
php100.com/sjhass/mfcqf22f,0
obgyn.net/obgyn-ultrasound/image-iq-urinary-issue-or-something-else,0
montgomerycountymd.gov/mcg/mymontgomery.html,0
dnj.com/enewspaper,0
shuren100.com/yaneryouxin/265498.shtml,0
freewebs.com/kckc,0
medguru.ie/doctors/p16,0
rutube.ru/video/151475791af00120fd9a8d53695cf1b2/?pl_id=8188&pl_type=source,0
cddgg.net/category/530,0
elcomercio.pe/deporte-total/futbol-peruano/futbol-peruano-mosquera-y-otros-tecnicos-despedidos-2016-noticia-1935437?ref=portada_&ft=megamenu&e=titulo_5,0
girlshealth.gov/relationships/quizzes/quiz.relknow.html,0
s5.com/name/qita/2016/0606/118.html,0
veromi.com/Ted-Connolly.aspx,0
dx.com/s/KZ?utm_source=dx&utm_medium=bottomBrands&utm_campaign=en20170315hotbrands,0
nofilmschool.com/user/713131,0
lesley.edu/finance,0
accountancyage.com/category/consulting,0
zhyww.cn/jchy,0
39yst.com/yingyangjz/468948.shtml,0
drespalda.com/que-es-la-quiropractica/estudios-e-informes,0
yumasun.com/special_sections,0
insa-lyon.fr/fr/partir-l-international,0
foodqs.cn/pr/detail_319.html,0
qt.com.au/news/ipswich-innovators-showcased-to-global-markets/3155144,0
portalwellness.pl/tag/sport,0
canon.com.au/products/specials,0
lusongsong.com/reed/8564.html,0
wko.at/service/Datenschutzerklaerung---Cookie-Richtlinie.html,0
sunbiz.org/historical,0
makeupforever.com/int/en-int/make-up/face/luminizer,0
chengdu.cn/2017/0321/1861764.shtml,0
titansonline.com/stadium/directions-parking.html,0
fcbarcelona.cat/futbol/barca-b/plantilla,0
maloka.org/index.php/paratodos/planea-tu-visita/nuevo-domo-d-8k,0
ecnext.com/coms2/product-compint-0000065891-page.html,0
arabnews.com/node/1071481/middle-east,0
swtimes.com/section/?template=weather,0
cope.es/detalle/showtime-capitulo-254-22-11-2016-noticia.html,0
shu.edu/admissions/open-house.cfm,0
beverlyhills.org/exploring/beverlyhillsartshow/parking,0
wpxi.com/station/more,0
cjhlhg.com/html/152.html,0
jckonline.com/category/how-to/marketing,0
mitre.org/centers/cms-alliances-to-modernize-healthcare/who-we-are,0
uca.edu/archives/m8611.php,0
techfresh.net/tech-gadgets/story-2,0
db.de/de/nachhaltigkeit/ueberblick/nachhaltigkeitsmanagement/ratings_und_rankings,0
lazada.com.ph/shop-air-conditioners,0
shrm.org/communities/volunteers/pages/volunteer-opportunities.aspx,0
rubylane.com/instagram.com/rubylanecom,0
yellowbook.com/us/il,0
memphisflyer.com/MemphisGaydar/archives/2017/03/20/tep-and-outmemphis-team-up-to-address-some-foolishness,0
esri.com/about-esri/contact#outsideUS,0
japantoday.com/category/events,0
solinguen.com/index.php/productos/cross-cut/161-cross-cut-c122-a,0
allabout.co.jp/gourmet,0
longzhu.com/i/filter?game=cf,0
blm.gov/programs/recreation/permits-and-passess/lotteries-and-permit-systems/alaska,0
liepin.com/zhuanghuang,0
t-online.de/tv/webclips/spektakulaere-videos/id_80658858/diebe-fahren-mit-auto-durch-mall.html,0
bridgedesignandengineering.com,0
thegreenhead.com/browse/living/fountains,0
cqga.gov.cn/zagl/bszn/50167.htm,0
163.com/bj/BMYD.html,0
rouding.com/bianfeiweibao/432103.html,0
pmi.org/learning/featured-topics/risk,0
suninternational.com/destinations/south-africa/gauteng.html,0
checkoutmycards.com/Players/Hockey/Bob_Errey/274341,0
icaew.com/en/learning-and-development/partners-in-learning,0
filmfestivals.com/en/blog/editor/indie_web_resources_and_useful_links,0
facebook.com/AutodeskME,0
netshop/html/?20.html,0
swcp.com/ssl-certificates,0
govexec.com/contracting/?oref=nav,0
adobe.com/jp/creativecloud.html?promoid=KLXLR,0
myfwc.com/get-involved,0
crazydomains.com/dns-services,0
ogilvy.com/The-Work/Galleries/ProBono2014_09_ShootGoalsNotGuns.aspx,0
hotpepper.jp/SA33/Y210/X472,0
peoples.ru/state/citizen/tracy-and-peter_akoun,0
amiami.jp/top/detail/detail?gcode=GOODS-00146584&page=top,0
startribune.com/pope-begs-forgiveness-for-church-role-in-rwanda-genocide/416603563,0
fair.org/topic/iraq,0
atimes.com/article/toshibas-westinghouse-calls-us-bankruptcy-lawyers,0
iclarified.com/comments/addcomment.php?enid=59580,0
nps.gov/state/nc/index.htm,0
otto.de/sport/sportschuhe,0
my399.com/international/content/2017-03/21/content_2018552.htm,0
waset.org/topic/Physical-and-Mathematical-Sciences/2017/10/barcelona,0
1mobile.com/games/sports_games,0
morningpost.com.cn/ent/yy,0
harryanddavid.com/webapp/wcs/stores/servlet/AjaxLogonForm?storeId=20051&catalogId=13302&langId=-1&isReminder=Y,0
fblife.com/channels/hijia.html,0
georgia.org/business-resources/expand-a-business,0
bananarepublic.com/browse/category.do?cid=84057,0
northernstars.ca/actorsabc/bowles_cory.html,0
youtube.com/watch?v=edKltmMuOo0,0
pamelageller.com/category/leftislamic-alliance-media-intelligentsia,0
bimmerforums.com/2013/12,0
blic.rs/vesti/politika,0
fifa.com/worldcup/news/index.html,0
souq.com/ae-en/4m-or-arts-crafts/toys-24/arts---and---crafts/a-t-1446/s/?_=1469444165125&page=1,0
marksandspencer.com/l/women/coords,0
ato.gov.au/Non-profit/Getting-started/Non-Profit-News-Service,0
unep.org/about/majorgroups,0
elpasotimes.com/local.elpasotimes.com/#add_business,0
curtiscandy.com/about,0
lafeltrinelli.it/fcom/it/home/pages/Volantino-lafeltrinelli.html,0
wral.com/indulge-in-90-cider-options-at-black-twig-cider-house-/16595855,0
blogspot.com,0
cnpension.net/yljgd/2340.html,0
hinews.cn/news/system/2017/03/13/031015966.shtml,0
mundodeportivo.com/opinion/20170320/421024930895/neymar-barca.html,0
350.com/user/bind,0
dj520.com/DJ_Html/Dj520_73243.html,0
amazon.com/Shallow-Hal-Jason-Alexander/dp/B00005JKLQ,0
mytheresa.com/en-de/new-arrivals/what-s-new-this-week-1/sunday-upcoming.html,0
michaeljfox.org/fr/?navid=footer-ftf-fr,0
semiaccurate.com/2014/03,0
petmd.com/dog/male-puppy-names/name/bailey,0
shoppersdrugmart.ca/en-ca/legal,0
answers.com/Q/To_bid_the_world_farewell_by_jessica_mitford,0
domtar.com/diploma,0
auto.ru/motorcycle/all,0
obozrevatel.com/person/anna-molchanova.htm,0
noao.edu/currents/201610.html#lsst,0
flybe.com/london-city,0
onrpg.com/games/call-of-duty-black-ops-2,0
oaoa.com/topic/?q=west texas&t=&l=25&d=&d1=&d2=&f=html&s=&sd=desc&s=start_time,0
good.is/articles/goodbye-lucky-peach-food-media-loves,0
feng.com/ew/infoDetail/2017-03-20/fun_puzzle_formino_99937.shtml,0
ird.fr/toute-l-actualite/actualites/actualites-generales/dialogue-sur-la-sante-et-la-recherche-en-cote-d-ivoire,0
taleo.net/careersection/2/jobdetail.ftl?lang=en&job=R0013286,0
the36thavenue.com/category/favorite-videos,0
tnc.com.cn/search/products-c-168-k--p1.html,0
slideshare.net/mbloomstein/creation-curation-and-the-ethics-of-content-strategy,0
uh.edu/about/offices,0
weddingchannel.com/gs/wedding-websites,0
philosophy.com/bath-body/body-moisturizers,0
linkedin.com/shareArticle?url=lohud.com/picture-gallery/news/local/2017/03/15/gallery-snow-clean-up-begins-in-westchester/99201426/&mini=true,0
digitimes.com/photogallery/ShowPhoto.asp?ID=5890,0
artofmanliness.com/2017/02/06/millennials-can-overcome-6-biggest-financial-challenges,0
my0538.com/2017/0321/335130.shtml,0
kitguru.net/tech-news/featured-tech-news/matthew-wilson/the-nintendo-switch-has-sold-more-than-1-5-million-worldwide,0
lifetechnologies.com/www.thermofisher.com/us/en/home/products-and-services/services/instrument-qualification-services/instruments-and-services-portal.html,0
wiktionary.org/th.wiktionary.org,0
goodwood.com/estate/goodwood-house/about/the-house,0
ualr.edu/news/2017/03/20/center-for-literacy-2017/ ,0
utusan.com.my/topics/Tag/Coretan Marhaen,0
univ-nantes.fr/1487324856957/0/fiche___actualite/&RH=INSTITUTIONNEL_FR,0
9game.cn/game/downs_605848_2.html?ch=JY_123,0
splitbrain.org/services/ots,0
roarticol/872/material-de-informare-cu-privire-la-drepturile-pasagerilor-pe-transportul-aerian--ntocmit-de-comisia-european-,0
addtoany.com/add_to/twitter?linkurl=http%3A%2F%2Fkrotojogja.com%2Faphid-mutualisme-semut%2F&linkname=Aphid%20%E2%80%93%20Mutualisme%20Semut,0
cnliti.com/Android/info/650.html,0
dupontregistry.com/autos/results/lamborghini/aventador/all/?zipcode=33101&distance=500,0
28.com/ws/ymetct_ps/index.htm?block=117&bannerID=26530,0
gxnews.com.cn/staticpages/20170320/newgx58cf0692-16034688.shtml,0
haedu.cn/tuji/rediantupian/2017/0206/1002016.html,0
zol.com.cn/notebook/index1149922.shtml,0
apple.com/nz/app/stardoll-fame-fashion-friends/id619286814?mt=8,0
theaustralian.com.au/national-affairs/climate,0
newssc.org/system/20160926/000709554.htm,0
php100.com/sjhass/gckafggk,0
ext-joom.com/en/joomla-templates.html,0
translationdirectory.com/article407.htm,0
imamuseum.org/events-programs/schools-universities,0
nationaldefensemagazine.org/archive/2004/Pages/default.aspx,0
fx110.com/forex/tradersevaluationdetails-343-0.html,0
doubleclick.net/ddm//N5780.369082.BELL.CA/B9723868.131853320;sz=1200x500;ord=1490057410?,0
issuu.com/msz.gov.pl/docs/dobry_rok_w_polskiej_polityce_zagra?e=4228181/44185064,0
comatlassian-plugins-test-resources/3.0.10-plugdev21-m01/atlassian-plugins-test-resources,0
showclix.com/youtube.com/showclix,0
comcolumns/gaynor/170320,0
rumormillnews.com/cgi-bin/forum.cgi?noframes;read=60020,0
rumormillnews.com/cgi-bin/forum.cgi?noframes;read=69346,0
sz.js.cn/xf/ntzz,0
wikipedia.org/rue.wikipedia.org,0
sanwen.net/mp/urcnpo.html,0
maillotdefoot2016-2017.com/content/1-livraison,0
vh1.com/site/signup,0
acanadianfamily.com/2011/01/25/history-of-kahnawake-links-to-biographical-info-pt-i-a-c-a-canadian-family,0
cntrades.com/sell/list-1224.html,0
columbiamissourian.com/news/local/suspect-in-saturday-s-stabbing-arrested-sunday/article_3ff7cd34-0cdb-11e7-acc8-779db5963542.html,0
congress.gov/about/data,0
genealogia.fi/emi/emi3d16ae.htm,0
roszdravnadzor.ru/news/r120,0
apple.com/us/app/heads-up!-pictures/id937976391?mt=8,0
mipp-malta.com/qualifications/successful-qualification-panels,0
dzone.com/users/157014/rrahman.html,0
hnn.us/article/165340,0
esnai.com/2017/0319/153547.shtml,0
clipfish.de/special/spielfilme/charts,0
boell.org/en/dossier-1956-hungarian-uprising-present-day-perspectives?dimension1=ds_hungary_1956,0
hx2car.com/kanche/20161110/525145_1.html,0
kirkusreviews.com/book-reviews/social-sciences,0
acfun.tv/v/ac3554440,0
famouswhy.com/jason_bernard,0
yonsei.ac.kr/ocx/movie_search.jsp?mode=view&mv_seq=20170317155542894060,0
10010.com/e4/query/others/service_complain-iframe.html?menuCode=000500020004,0
deakin.edu.au/www.deakin.edu.au/life-at-deakin/graduations/travel-and-accommodation,0
iihf.com/iihf-home/the-iihf/partners.html,0
hefei.cc/2017/0320/027183216.shtml,0
calvinklein.us/en/womens-jeans-sale,0
svtplay.se/video/12859728/sportnytt/sportnytt-22-mar-08-05-1,0
vgchartz.com/game/83196/grand-theft-auto-v,0
cakecentral.com/blog/61930/top-st-patricks-day-cakes,0
masterhost.ru/service/hosting/professional/cms-bitrix,0
hannovermesse.de/de/news/top-themen/integrated-industry/index-2.xhtml,0
coventrytelegraph.net/whats-on/whats-on-news/how-you-can-free-mothers-12741842,0
orbis.co.jp/mid/162/?adid=mega_cosme_pc,0
makeit-loveit.com/2017/03/easy-ballet-wrap-skirt-tutorial.html,0
metacafe.com/watch/an-nrrC4tt7YhbmYb/eternal_sunshine_of_the_spotless_mind_2004_eternal_sunshine_of_the_spotless_mind_part_2,0
rareseeds.com/resources,0
staatsbosbeheer.nl/over-staatsbosbeheer/ons-verhaal,0
dewirtschaft-politik/arbeitsmarkt,0
sums.ac.ir/index.php/%D9%88%D8%A7%D8%AD%D8%AF%D9%87%D8%A7%DB%8C-%D9%85%D8%B9%D8%A7%D9%88%D9%86%D8%AA-%D8%A8%D9%87%D8%AF%D8%A7%D8%B4%D8%AA%DB%8C/%D9%88%D8%A7%D8%AD%D8%AF-%D9%85%D8%B1%DA%A9%D8%B2-%D9%BE%D8%A7%DB%8C%D8%B4-%D8%B3%D9%84%D8%A7%D9%85%D8%AA.html,0
people.com.cn/n1/2017/0319/c1001-29153666.html,0
qut.edu.au/study/study-areas/creative-design-and-performance-courses,0
filesarena.com/champlain-bridge,0
thehistoryblog.com/archives/category/medieval,0
grasscity.com/us_en/rolling-papers-blunts/wholesale-packs,0
americamagazine.org/topic/immigration,0
df.cl/noticias/internacional/actualidad-internacional/clinton-y-trump-vivieron-su-ultimo-dia-de-campana/2016-11-07/162747.html,0
moosejaw.com/moosejaw/shop/search_Mens-Cycling-Clothing____,0
redcrossblood.org/node/177,0
n-tv.de/mediathek/bilderserien/reise/Diese-Ideen-machen-das-Fliegen-angenehmer-article19743970.html,0
almanac.com/topics/cooking-recipes/canning-and-pickling,0
catholic-hierarchy.org/diocese/doakl.html,0
nas.edu./legal/index.html,0
bizcommunity.com/196/426.html,0
haberturk.com/spor/iddaa/canlisonuclar,0
jjxw.cn/2017/0305/289457.shtml,0
preservationnation.org/take-action/awards/national-preservation-awards/twa-building.html,0
realgm.com/highschool/teams/300/Roman_Catholic_High_School_for_Boys_(PA),0
gohawaii.com/molokai/plan-a-trip/activities,0
plumbingserviceslongbeachareatanklesswaterheatersslableaks.com/index.htm,0
fom.ru/posts/13225#comments,0
roadsideamerica.com/hotels_motels/hotels/us-tn-gatlinburg.html,0
fcc.gov/station-profile/wrc-tv,0
rosbalt.ru/russia/2017/03/20/1600310.html,0
iask.com/key/57ab374d84ae0a14bb5df3de.html,0
myvidster.com/tag/all/tembe&sortby=utc_posted,0
innerbody.com/image/endo03.html,0
heathrow.com/transport-and-directions/heathrow-parking/heathrow-hotel-and-parking,0
dx.com/c/health-beauty-1799/makeup-supplies-tools-1739/cosmetic-storage-1708,0
nvsos.gov/sos/investor-information/investor-alerts,0
office.co.uk/brand/nike,0
pmi.org/learning/training-development/reps/become-rep/how,0
hankyung.com/news/app/tag.article.list.php?slug=%EA%B9%80%EB%B4%89%EA%B5%AC%EC%9D%98-%EC%86%8C%EC%88%98%EC%9D%98%EA%B2%AC,0
kohls.com/kohlsStore/beauty/americanbeauty/ashleyslook/PRD~c7148/Ashley+Judds+wonderful+indulgence+Look.jsp,0
yahoo.com/question/index?qid=20060927141004AA9UUC0,0
replays.net/games/bjqsl,0
accesspressthemes.com/wordpress-plugins/accesspress-social-share,0
ibb.istanbul/News/Detail/33831,0
apple.com/us/album/future/id1205691905?app=itunes,0
yorkregion.com/news/article/1035043--mp-menegakis-opens-constituency-office,0
tdg.ch/service/archives,0
newsnet5.com/lifestyle/food,0
computerworlduk.com/iot/eddie-stobart-picks-microlise-drive-efficiences-with-telematics-overhaul-3656150,0
diariosur.es/economia/fiscalidad,0
editboard.com/t3860-actors,0
cmog.org/visit/plan-your-visit/50-reasons,0
4-traders.com/top-records/ratings/low-valuations,0
riverisland.com/inspiration?icid=mu/men/inspiration,0
websunday.net/rensai/maojo,0
cnggfw/xzxk/fshuiwj/index.shtml,0
otto.de/heimtextilien/tischdecken,0
lanl.gov/newsroom/social-media/index.php,0
siviaggia.it/bellastoria/unico-aeroporto-al-mondo-che-appartiene-a-tre-paesi/173801/?ref=libero,0
airarabia.com/en/Alexandria,0
awn.com/blogs/fmx-conference-spotlight,0
rsuh.ru/international/commission-of-historians,0
cuteoverload.com/2016/01/17/bunday-nyc-buns/#comments,0
wikipedia.org/wiki/Peter_Larkin,0
davidrose.net,0
rose-hulman.edu/news/on-campus/2017/rose-hulman-iu-working-together-on-high-tech-prototypes.aspx,0
doitbest.com/categories/clamps-vises,0
mr-b-entertainment.com/npogf/Enna-sona-kyu-rab.html,0
xiazaiba.com/downlist/84.html,0
ogilvypr.com/marshall-manson-appointed-uk-ceo-ogilvy-pr-london,0
newrelic.com/about/culture,0
issworld.com:443/about-iss/partnerships/cleaning,0
shopto.net/pc-gaming/pc-components/msi-gaming-graphics-cards/store,0
pentaxuser.com/forum/topic/k-5-knocking---mirror-problem--58415/p-0#comm603382,0
zol.com.cn/digital_camera/index396530.shtml,0
100xuexi.com/HF/gw/hunandaxueshengcunguan,0
bollywoodhindimovies.net/movie-review/game-hindi-movie-2011-hit-or-flop-game-hindi-movie-2011-audience-review.html/attachment/game-4,0
cjn.cn./sd/201703/t2979807.htm,0
rayli.com.cn/zhuanti/fashion/wangdalu,0
mk.co.kr/channel.mk.co.kr/readingnews,0
ghirardelli.com/shop-1/bulk-professional.html,0
pucp.edu.pe/formacion-continua/sobre-la-formacion-continua-en-la-pucp,0
flowserve.com/en/services/asset-performance-management/lifecycle-management-programs,0
anz.com/personal/ways-bank/security,0
critical-theory.com/about-us,0
wiktionary.org/wiki/Index:Lithuanian,0
blogspot.com/2011/07/long-branch-police-captain-gil-horrach.html,0
blogspot.com,0
dxs518.cn/xiaoyuanxinwen/546922.html,0
achrnews.com/user/logout,0
onstage.es/artistas/malu/BOLSACONASASMALTOURCOS.html,0
facebook.com/pages/Luba/112952235382519,0
ku6.com/show/N7u78Fdw7wO9iqt47nPCcQ...html?hpsrc=1_19_1_8_0,0
nyasatimes.com/prophet-bushiri-cause-thrill-lilongwe-interacts-malawians-shopping-malls,0
teethwhiteningreviews.com/messageboard,0
apc.org/en/pubs/books,0
ed.gov/ies.ed.gov/newsflash/#nces,0
fizawellness.com/etgtwz/ba-skim-of-2017-deen-dayal-upadhyay-siddharthnagar-2year.html,0
news-leader.com/insider/deals/2017/02/20/baseballhqs-draft-prep---50-off/98165640,0
xixik.com/coupon/16102,0
cnworld/2017-03/20/content_28620345.htm,0
arcadia.edu/school-education/programs/masters-programs/modular-masters-education,0
manchestereveningnews.co.uk/business/enterprise,0
keurig.com/content/auto-delivery,0
2144.cn/www.2144.cn/html/126/71523,0
localtimes.info/North_America/United_States/Alaska/Anchorage,0
usatoday.com/sportsdata/hockey/nhl/Islanders/salaries/2010-11,0
elcorteingles.es/roberto-verino/moda/hombre/?level=1,0
paperbackswap.com/help/help_index.php?atl=t,0
66law.cn/fangan/anli_9,0
apple.com,0
lordandtaylor.com/webapp/wcs/stores/servlet/en/lord-and-taylor/search/shoes/featured-brands-517674--1,0
theyworkforyou.com/mp/?p=25277,0
americanbanker.com/www.americanbanker.com/technology,0
mre.gov.br/pt-BR/?Itemid=173,0
udmercy.edu/liberalarts.udmercy.edu/academics/tre/index.php,0
latimes.com/health/92767922-132.html#nt=oft02a-26gp4,0
pcauto.com.cn/wenhua/960/9608329.html,0
deredactie.be/cm/vrtnieuws/videozone/ookdatnog/1.2928434,0
answers.com/topic/jessica-harp,0
greenpeace.org/usa/sustainable-agriculture,0
puyang.gov.cn/ggfw/ggfw_list.asp?dw=23,0
qbaobei.com/question/view/485778.html,0
pogo.com/games/free-texas-holdem?pageSection=hp_gc_7card_4holdem,0
bayern.de/service/gebaerdensprache,0
aapt.org/aboutaapt/pressreleases/2012_election.cfm,0
yakimaherald.com/lifestyle/health/who-s-happy-who-s-not-norway-tops-list-us/article_4d8403e5-65d6-52f0-9fe0-6a96f4fa02ba.html,0
amazon.com/Shapeshifting-Young-Galaxy/dp/B004GY6E3S,0
biz-journal.jp/gj/other,0
100xuexi.com/HF/shandonghuijicongyezigekaoshi,0
w88mobile.org/game/5505.html,0
tv.com/shows/hawaii-five-0,0
shjxlq.com/news/rxcq/108/index1.php,0
artforum.com/news/id=67041,0
yougou.com/AGATHA.shtml,0
comstandalone/3.5.2/standalone,0
oriflame-katalog.ru/aromaty/mn2-fragrance-brendyi/mn2-fragrance-brendyi-ascendant,0
battelle.org/government-offerings/health/public-health/battelle-cancer-research-initiative,0
ferragamo.com/shop/ChangeStoreView?catalogId=38051&langId=-1&currentStore=United+States&storeId=31150,0
ks5u.com/tbbk/Index.asp?Id=0405054,0
qianhuaweb.com/2017/0321/3729920.shtml,0
frbsf.org/our-district/about/unreserved/?utm_source=frbsf-home-unreserved-logo&utm_medium=frbsf&utm_campaign=unreserved,0
comcontent/2017-03/19/content_14604061.htm,0
mahalo.com/oakland-raiders,0
hurriyet.com.tr/default.aspx?url=www.fanatik.com.tr/2017/03/20/barcelona-nin-yildizi-neymar-premier-lig-de-oynamak-isterim-1284106,0
elsiglodetorreon.com.mx/noticia/1322321.foro-del-lector.html,0
juxia.com/news/2016-11-28/228071.html,0
visitnorway.com/meetings/incentive-activities,0
etix.com/ticket/online/newHomePage.do?method=createHomePage&pageNumber=5&sortBy=,0
zbj.com/jixiesj/s.html?kw=%E8%87%AA%E5%8A%A8%E5%8C%96,0
showclix.com/blog.showclix.com,0
iolo.com/company/newsletter-sign-up,0
bmw.com.cn/zh/topics/owners/aftersales/owner-guideline/user-training.html,0
metacafe.com/watch/yt-9zXELGt9HgE/actor_paul_walker_mma_fan,0
lifehealthpro.com/life-insurance/life-settlements,0
empireonline.com/movies/guardians-galaxy-2/guardians-galaxy-vol-2-see-three-exclusive-new-images,0
fortvalleymainstreet.org/hambone.cfm,0
dr.dk/Om_DR/arkiv,0
fifaworldcupsoccernews.com/newzealand,0
beritasatu.com/blog/tajuk/5238-akselerasi-edukasi-investasi.html,0
usbr.gov/projects/index.php?id=553,0
dsogaming.com/news/the-first-patch-for-mass-effect-andromeda-is-already-out-and-here-is-what-it-fixes/#comments,0
41ty.com/plus/car.php,0
alexandervalleywinery.com/ID,0
138job.com/SPexpo/meizhuang,0
mei.net.cn/jxgy/201701/718534.html,0
bradshawfoundation.com/contemporary_art/index.php,0
tucsonclassicscarshow.com/winners-previous-shows/award-winners/2015-award-winners,0
bosch-professional.com/africa/fr,0
taojindi.com/list/c_10060,0
jtb.co.jp/bus/list/clist.asp?CpcdA=1801&gpcd=180004&rocd=0001,0
collegescholarships.org/usage-tips/#searching,0
satom.ru/t/avto-moto-velotehnika-110,0
aber.ac.uk/www.instagram.com/aberystwyth.university,0
shgjj.com/www.zzgjj.com,0
ebdoor.com//8517016.aspx,0
wikipedia.org/wiki/Main_Khiladi_Tu_Anari,0
jiyuan.gov.cn/index/dblm/201512/t20151215_284157.html,0
ddooo.com/apple/84_4_1.htm,0
monash.edu/news/articles/monash-research-discovery-aids-fight-to-reduce-post-stroke-infection-deaths,0
berkeley.edu/groups/pubs/calbusiness/summer2005/alumni05.html,0
uga.edu/UniversityCouncil,0
rabobank.nl/particulieren/disclaimer/?intcamp=pa-footer-deze.site&inttype=link-disclaimer&intsource=particulieren.divers,0
51fund.com/fund/370010B,0
sjfzxm.com/news/list.aspx?Classid=101112104105105,0
nemasonry.com/sales.html,0
lasprovincias.es/www.famososvalencianos.com,0
iask.com/b/6dvYgusM0pt.html,0
instagram.com/lecmn,0
c-c.com/c4460,0
jobui.com/jobs/l-%E5%85%A8%E5%9B%BD-q-%E6%B3%95%E5%8A%A1%E5%AE%9E%E4%B9%A0%E7%94%9F,0
columbiamissourian.com/news/local/city-council-zoning-and-development-code-approved-after-months-long/article_3f27f1c8-0db1-11e7-a824-338dd02ade36.html,0
e1.ru/news/spool/news_id-464174.html,0
sanmahulu.com/shenbo/8.html,0
fhzcgg.com/a/ksyq/slsp,0
emuparadise.me/Complete_ROM_Sets_(Full_Sets_in_One_File)_ROMs/37,0
bizrate.com/office-supplies,0
isufs.org/bios/fsbiosicedancing.htm,0
eni.com/en_IT/investors/eni-on-the-stock-markets/sustainability-indexes.page,0
delorme.com/?dkcid=50714,0
jxedt.com/about/laws.asp,0
sun0769.com/news/dg/201703/t20170321_7227773.shtml,0
bendbulletin.com/weather/?#anchor2,0
php100.com/sjhass/rxncbvwt,0
toysrus.com/family/index.jsp?categoryId=107044716,0
gob.cl/aporte-familiar-permanente-2017-desde-1-marzo-podras-consultar-beneficiario,0
thefreethoughtproject.com/google-yourself-deep-search-instead-brace-results,0
mcafee.com/us/resources/reports/rp-threats-predictions-2017.pdf,0
afr.com/brand/rear-window/screws-are-tightening-and-scrutiny-intensifies-as-cpa-defends-singapore-agm-20170319-gv1se7,0
carleton.ca/dining.carleton.ca,0
maigoo.com/brand10/wanggou_2603.html,0
101bestandroidapps.com/ajax/ratings/5/3463/73.212.201.171/5/aa32036dd72dcc6d0a3c99fbdeda889ff3b34fc6/0,0
engineersaustralia.org.au/Membership/Membership-Benefits/Student-Membership-Benefits,0
wikipedia.org/wiki/McGill_University_Health_Cre,0
a16z.com/tag/podcasts,0
catacombscds.com/band/Beneath_the_Massacre.html,0
planetfitness.com/locations/search-by-state?province=FL&country=US,0
politicalmavens.com/index.php/2017/03/15/pain-is-the-great-destroyer-of-language,0
youtube.com/user/IUPUIocm,0
lookbook.nu/look/8649039-Bralette-Tank-Jeans/flag,0
uoi.gr/panepistimio,0
e2315.com/html/4946.html,0
pappajo.net/LA%20REPPUBLICA.htm,0
"bj-jiameiyi.com.cn?""../crjy/crjyxw/201607/t20160707_664413.html""",0
e70.us/category/real-estate,0
hndxsf.cn/com7.FEC20523/174E8961==/con.ico.asp;.shtml?83534.html,0
century21.com/real-estate/san-francisco-ca/LCCASANFRANCISCO,0
lightreading.com/services/cloud-services/equinix-and-callr-highlight-new-cloud-comms-opportunities-/v/d-id/731235,0
moddb.com/mods/might-magic-heroes-55,0
dmir.ru/household/furniture/prodazha-shkafov,0
hitched.co.uk/wedding-competitions,0
dell.com/is/en/gen/df.aspx?refid=df&s=gen&~ck=cr,0
bubbastestdrive.com,0
7k7k.com/flash/33092.htm,0
w8868868.com/game/2672.html,0
asu.edu/upfd/teachmo/boyer.html,0
hengmingli.com/about,0
tutsplus.com/categories/motion-graphics,0
energystar.gov/about/content/houston_habitat_humanity_0,0
abc.com.py/edicion-impresa/suplementos/comercial,0
facebook.com/phesto79,0
stratfor.com/blog/search-islamic-state-georgia,0
reocities.com/newhome/makingof.html,0
indiegogo.com/pro</body></html>,0
qsrmagazine.com/news/king-casey-envirosell-join-forces,0
dpa-international.com/news/international,0
hsw.cn/system/2017/0320/43978.shtml,0
capgemini.com/careers/your-career-path/young-professionals,0
spartagaming.ru/news/gotovtes-k-novomu-onlajn-chempionatu-skinbets-com-aim-cup-po-counter-strike-global-offensive,0
dot.gov/legsregs/directives/fapg/cfr0470a.htm,0
list-manage.com/track/click?u=dcc788aa37238c2d145e7a5dc&id=120d22878c&e=f946d7e12d,0
jjxw.cn/2017/0316/290937.shtml,0
coolshell.cn/articles/date/2014/11,0
amazon.com/Liquidator-Rod-Taylor/dp/B00005JPJN,0
pravmir.com/external-observance-internal-realities,0
blogspot.com/2010/05/arcade-fire-presents-suburbs-new-album.html,0
bigbadtoystore.com/bbts/product.aspx?product=TAK11771&mode=retail,0
cineplex.com/Movie/logan?cmpid=NPCS_Home_Title_EN,0
facebook.com/pages/Industrial-Alliance/133281166706622,0
deimg/button/artwork_predator.jpg,0
delawareonline.com/opinion/editorials,0
delorie.com/opendos/archives,0
furniturefinder.biz/babyGear,0
battlefieldcountdown.com,0
tver.ru/townbuilding/zemlepolzovanie,0
101bestandroidapps.com/ajax/ratings/4/3861/73.212.201.171/5/aa32036dd72dcc6d0a3c99fbdeda889ff3b34fc6/0,0
fbcity.com/hot-video-cat/woman-scorned-film-gratis-80232.html,0
helpguide.org/emotional-intelligence-toolkit/audio-transcripts.htm,0
virginblue.com.au/au/en/bookings/group-bookings/entertainment,0
naturalfunctor.ru/category/8,0
journaldugeek.com/category/telephonie,0
"gxnnrd.cn?""../zyjy/zcjd/201607/t20160729_667132.html""",0
conrad.com/ce/en/category/SHOP_AREA_93330/Landline-Phones-Fax-Machines;jsessionid=D8BD346DF4784D1F337A8DBF9BBFEB7A.ASTPCEN25,0
synapse.ne.jp/org,0
fraunhofer.de/de/jobs-und-karriere/berufseinsteiger/wissenschaftler.html,0
cutimes.com/2017/03/17/cus-in-the-west-east-south-midwest-name-new-ceos,0
lionwap.org,0
dilei.it/lifestyle/fotonotizia/raz-degan-e-paola-barale-i-grandi-amori-non-finiscono/482715/?ref=libero,0
chinatimes.cc/user/101.html,0
nerdwallet.com/blog/loans/student-loans/how-to-pay-for-college/?trk=nw_gn_4.0,0
microformats.org/wiki/h-card,0
taleo.net/chj06/ats/careers/jobSearch.jsp?cws=1&org=ECCO,0
appcrawlr.com/android-apps/best-apps-side-scrolling,0
freenet.de/vergleich,0
meridiana.it/fr-fr/ ,0
answers.com/topic/warner-bros-entertainment-inc,0
abmp3.com/artist/d/76,0
yjbys.com/about/aboutus.html,0
tasnimnews.com/fa/media/1395/12/18/1349361/%DA%A9%D8%A7%D8%B1%DB%8C%DA%A9%D8%A7%D8%AA%D9%88%D8%B1-%D8%B3%D9%87%D8%A7%D9%85-%D9%85%D8%AC%D8%A7%D8%B2%DB%8C-%D8%B9%D8%AF%D8%A7%D9%84%D8%AA,0
delmarvalife.com/events,0
mercedes-benz.co.uk/content/unitedkingdom/mpc/mpc_unitedkingdom_website/en/home_mpc/passengercars/home/financial_services/contact_us.html,0
doptre.com/kuxwd/mare-raske-ka-mar-tune-peheli-nazar-milaya-to-maza-ageya.song-download.in.html,0
thehindu.com/news/resources,0
c-c.com/sale/view-65768229.html,0
yahoo.com/info-10652537-bedford-middle-school-westport,0
currys.co.uk/gbuk/computing/projectors-570-c.html,0
portforward.com/nat-types,0
xdf.cn/zhuanti/help/class.html,0
addall.com/AddBooks/Contact.html,0
bike2workmalta.eu/tkhu/2017-dj-songs-dj-boss.html,0
yeyou.com/list/news.shtml,0
newsminer.com/news/military,0
114best.com/gs46/2647267347.html,0
tunemybass.com,0
entheosweb.com/ecommerce_templates,0
dsm.com/corporate/markets-products/markets/packaging-and-graphic-arts.html,0
darksky.org/resources/ida-publications,0
45cat.com/artist/the-tartans-with-lynn-taitts-band/uk,0
allstate.com/insurance/all-insurance-products.aspx?zip=21201&product=Mr&intcid=/home/home.aspx|MainNav|quote_box:Mr,0
radio.com/station-directory/music/specialty-stations,0
stormfront.org/forum/t1183482-new,0
animenewsnetwork.com/cms/discuss/113656,0
wacom.eu/en-gb/products/pen-displays/cintiq-13-hd,0
dailygalaxy.com/my_weblog/2017/03/-startalk-radio-with-neil-degrasse-tyson-spacex-founder-elon-musk-explores-the-future-of-the-human-s.html#more,0
yale.edu/index.php/REU_Program,0
fox-contracting.ca/custom-home-building,0
news24.com/SouthAfrica/News/cape-town-taxi-driver-arrested-over-stabbing-after-bungled-escape-20170320,0
ljplus.ru/communities/67,0
mancity.com/CityTV/Listing/?team=all-teams&mood=interviews&duration=all-the-time&sort=latest,0
netlawmedia.com,0
rumormillnews.com/cgi-bin/forum.cgi?noframes;read=51045,0
nasa.gov/asteroids/4179_Toutatis/toutatis.html,0
gazette.com/french-election-top-candidates-trade-barbs-in-first-debate/article/feed/450953,0
adland.tv/adnews/concrete-resume-we-mean-literally-made-out-concrete/733402821,0
gouvernement.fr/enjeu/accompagner-l-evolution-du-marche-du-travail,0
dnevnik.hr/zgmazoretkinje/2017/03/1632073201/tinana-usla-u-1-formaciju.html,0
lomography.com/countries/171-poland,0
ssense.com/en-us/men/designers/reebok-classics,0
nextbigfuture.com/search/label/cryocooling,0
zg2sc.cn/qinghai,0
golfdigest.com/story/more-tiger-trouble-trump-protest-flops-and-bay-hill-magic-what-you-missed-this-weekend,0
ali213.net/news/html/2017-3/286417.html,0
sitepoint.com/store-uicolor-with-userdefaults-in-swift-3,0
famitsu.com/www.famitsu.com/comic_clear/se_darkf,0
childdevelopmentinfo.com/ages-stages/toddler-preschooler-development-parenting,0
dole.com/en/MonthlyNewsLetter/DNI-Resources,0
adoption.com /adoption.com/profiles,0
blogspot.com,0
poets.org/poetsorg/poems?field_poem_themes_tid=1785,0
westelm.com/shop/local/happy-habitat/?cm_type=gnav,0
huffingtonpost.fr/2017/03/20/cest-bien-jeff-bezos-le-patron-damazon-aux-commandes-de-ce-r_a_21903449/?utm_hp_ref=fr-homepage,0
memory-alpha.org/wiki/Main_Page,0
thebodyshop.co.uk/en-gb/ingredient/tea-tree,0
twitter.com/share?url= .wbrz.com/news/baton-rouge-police-respond-to-overnight-shooting,0
dabaoku.com/dabaoku/tags.php?/%CD%F8%D2%B3,0
ancestry.com/cgi-bin/igm.cgi?op=REG&db=erwin123&id=I02687,0
sdnhm.org/calendar/public-programs/canyoneer-hikes,0
rhul.ac.uk/alumni/ouralumni,0
gansudaily.com.cn/system/2017/03/17/016636525.shtml,0
gelbeseiten.de/branchenbuch/autoverwertung,0
foodgawker.com/tag/vegetables,0
aoshu.com/e/20170221/58abfe4f8b0c0.shtml,0
microsemi.com/products,0
comcontent/2017-03/21/content_14611918.htm,0
tce9.com/tags.php?/%CD%F8%C2%E7%CA%C2%BC%FE,0
zkxww.com/qy/jjmq/2017-03-20/203469.html,0
fuelfix.com/blog/2017/03/17/saudis-say-theyre-willing-to-extend-output-cuts,0
in.gov/mylocal/clinton_county.html,0
imdb.com/name/nm0290969/bio,0
neh.gov/events/2017/03/22/tuning-in-northwest-radio-history,0
isimtescil.net/marka_tescili,0
doctorswithoutborders.org/support-us/share-msf,0
traxsource.com/title/770191/flash-workout,0
thedailyjournal.com/insider/events/2017/02/07/bookmarkthis-gillian-anderson-and-jennifer-nadel/97602144,0
arabnews.com/node/1070756/iran%E2%80%99s-mehrieh-system-land-thousands-men-jail,0
rotoworld.com/teams/clubhouse/nba/was/washington-wizards,0
livingstondaily.com/story/news/politics/2017/03/18/cops-immunity-sex-prostitutes/99308634,0
itlstudi-e-ricerche/dati-e-statistiche/open-data.html,0
123people.com/c/d.+j+johnson,0
codeguru.com/cpp/controls/listview/advanced,0
remax.com,0
marvel.com/characters/8/captain_america,0
allafrica.com/worldcup,0
hoganlovells.com/en/industry/insurance,0
jcicommunications.com/rakuda,0
hawaiinewsnow.com/link/735165/khnl-fcc-public-file,0
tvguide.com/celebrities/abby-joseph-cohen/217879,0
webinarbase.com/ad-category/online-courses,0
about.com/cs/historyofp/timeline1951.htm,0
doomby.com/www.emyspot.com/pages/website-creation-ideas/make-company-website.html,0
freemake.com/it,0
superdrug.com/Skin/Face/c/skin-face,0
qihuiwang.com/product/q38710,0
handelszeitung.ch/unternehmen/shell-verzichtet-auf-lizenz-kanadischer-arktis-1109006,0
iosco.org/about/?subsection=display_committee&cmtid=21,0
twitter.com/intent/favorite?tweet_id=794131079322071041,0
njspotlight.com/stories/17/03/16/op-ed-will-the-supreme-court-open-doors-to-nj-s-wealthiest-communities/#comments,0
marinabaysands.com/entertainment/attractions.html,0
maplin.co.uk/c/gadgets-toys-and-hobbies/car-power,0
gasgoo.com/auto-products/brake-shoe-971,0
twiter.com/EW/status/844011202942550016,0
discogs.com/search/?format_exact=15+ips,0
guitarhero.com/de,0
mail.com/company/terms/#.7518-footer-nav2-2,0
tim.it/assistenza/per-i-consumatori/trasparenza-tariffaria,0
harley-davidson.com/content/h-d/en_US/home/motorcycles/2016-motorcycles.html,0
stevens.edu/academics/undergraduate-studies/undergraduate-majors,0
balboapark.org/in-the-park/Recreation,0
baofeng.com/play/94/play-816094.html,0
keep.com/lilly-pulitzer-x-starbucks-swell-bottle-1-one-winner/p/BbWwDmpgArL,0
heraldextra.com/sports/college/byu/football/byu-football-players-now-benefitting-from-scout-team-work/article_40c3df11-faf1-5df5-9482-6064cf82908d.html,0
ehess.fr/fr/conf%C3%A9rences-marc-bloch,0
591hx.com/Article/2017-02-27/0000067760s.shtml,0
clicrbs.com.br/rs/esporte/ultimas-noticias/tag/guerrinha,0
wikipedia.org/wiki/Louis_Markos,0
sbsm.gov.cn/hdjl/rdft/201612/t20161210_365000.shtml,0
wordpress.com/2011/05/02/italian-female-ministers-talk-about-former-topless-model,0
kckchamber.com/kckc_info_board_members.cfm,0
olx.com.bh/en,0
macitynet.it/al-cebit-hannover-le-tecnologie-la-guida-autonoma-nissan/#disqus_thread,0
igi-global.com/calls-for-papers/journal-cases-information-technology-jcit/1075,0
shm.com.cn/2010-05/27/content_2994043.htm,0
weau.com/content/news/Barron-Co-releases-March-wanted-list-416630633.html,0
ssense.com/en-us/men/designers/valentino,0
bgca.org/whatwedo/HealthLifeSkills,0
newsis.com/soci/list?cid=10200&scid=10205,0
boomkat.com/products/fracture-a1713621-f9e7-4bf8-a8f4-7d8eec4d437a,0
vassar.edu/innovator.html?id=18,0
ifeng.com/a/20170320/5478117_0.shtml,0
newsinfilm.com/2011/11/07/benicio-del-toro-may-be-villain-in-star-trek-2,0
houstonsportsteams.com/spalm/CFL.html,0
patriotmemory.com/product-category/flash-memory-cards/ep-series,0
timepad.ru/feedbacks/new,0
blogdns.org/traffic-management,0
toysrus.com/category/index.jsp?categoryId=3252402,0
alibaba.com/service.alibaba.com/complaint/center/index.htm?tracelog=footer_dispute,0
gigmasters.com/services/wedding-minister,0
wcpo.com/entertainment/entertainment-photo-gallery/findlay-market-opening-day-parade-grand-marshals,0
jet2.com/travel-extras/parking,0
eso.org/public/outreach/broadcast,0
rottentomatoes.com/lists/dvd,0
bluenile.com/services/diamond-upgrade-program?track=NavEngUpgrade,0
waitrose.com/shop/Browse/Offers,0
laoqianzhuang.com/meiriyigu/20170321/1098138.shtml,0
internships.com/educator/resources/share,0
tr.az/iran/business/2733792.html,0
onlinesearches.com/MO_Clay.htm,0
yjcp.com/jczq/a/cont_33088.shtml,0
colgate.edu/campus-life/alana-cultural-center/programs-and-initiatives/mlk-week,0
buch.de/shop/kinderbuecher-970/show/%3Bjsessionid%3D626706cc297744dc9301f06aff1f6c5e.tc3p;jsessionid=626706cc297744dc9301f06aff1f6c5e.tc3p?hkkat=buch&flyout=b_Kinderb%25C3%25BCcher,0
aph.gov.au/Parliamentary_Business/Petitions,0
notcot.com/tag/veuve+clicquot,0
ten.com.au/news/national/march-2017/the-alarming-amount-of-salt-in-supermarket-breads,0
therecord.com/waterlooregion-community/technology,0
cinemagia.ro/filme-istorice,0
avast.com/en-us/passwords#ios,0
wikipedia.org/wiki/Talk:DisneyToon_Studios,0
benheck.com/tag/star-wars,0
cityu.edu.hk/vprt/cityu-dls/upcoming.htm,0
legacy.com/obituaries/thedesertsun,0
moosejaw.com/moosejaw/shop/search_Kids-Climbing-Harnesses____,0
randi.org/home/previous/2,0
juancole.com/twitter.com/share?url=https%3A%2F%2Fwww.juancole.com%2F2017%2F03%2Fisraeli-threatens-humanity.html&text=Israeli%20Pol%20threatens%20Crimes%20against%20Humanity%20in%20Lebanon,0
taleo.net/CH07/ats/careers/jobSearch.jsp?org=POWELLS&cws=1,0
123people.ca/s/lise+lebel,0
foxsports.com/nhl/video,0
wikipedia.org/wiki/Gvi%C3%A8ve_Bujold,0
tudou.com/home/_746771437,0
hmc.edu/calendar/events/hixon-center-black-gold-and-green-series-kevin-de-leon-california-senate,0
answers.com/topic/joint-venture,0
quicknet.nl/televisie/extra-zenders/turks,0
avery.com/avery-product-selector/ps?locale=en_US&int_id=footer-products-labelselector,0
louisvilleky.gov/government/abc-license-data-and-other-location-based-licenses,0
wustl.edu/Default.aspx?alias=wustl.edu/Faculty/Warner_B,0
ugg-boots.fr/sandales-ugg-c-18_23/ugg-lauri-1000403-sandales-noires-p-320.html,0
facebook.com/choczuc,0
bigthink.com/ideas/21203,0
mama.cn/xm/detail/4126581,0
ranepa.ru/aspirantura/postuplenie-v-aspiranturu/kontrolnye-tsifry-priema,0
wikisource.org/wiki/Author:Thompson_Cooper,0
gallup.com/topic/hospitality.aspx,0
burkeridgecrossingapts.com,0
huliq.com/1/leveraging-local-ira-investors-your-real-estate-business,0
ca.gov/businesses/bus_structures/LLpartner.shtml,0
sina.com.cn/shuzhai/rwws,0
comatlassian-cache-api/2.0-m3/atlassian-cache-api,0
pchouse.com.cn/znjj,0
rickbayless.com/huge-news-you-can-take-ricks-cooking-classes-on-craftsy,0
dzsc.com/file291.html,0
moviefone.com/movie/wilson/20086047/main,0
onrpg.com/games/the-secret-world,0
softschools.com/math,0
udmercy.edu/faculty-staff/governance/mfa/committees/adjunct.php,0
go.com/mlb/story/_/id/6768625/roger-clemens-trial-judge-declares-mistrial,0
press.org/services/event-facilities,0
uuu9.com/201608/1339097.shtml,0
alibris.com/search/books/qwork/4267365,0
yoka.com/pingce/videopc/2017/0223/501590035624.shtml,0
jumei.com/act/4-1-118975-ppt_afu_170321.html?from=all_null_index_yure_banner_two&lo=3537&mat=122590,0
moheet.com/archive_writer/%D9%85%D8%AD%D9%8A%D9%89-%D8%A7%D9%84%D9%86%D9%88%D8%A7%D9%88%D9%8A,0
flickr.com/photos/28349080@N07/26352056233/in/set-26352056233,0
lesinrocks.com/cinema/films-a-l-affiche/mate-por-favor,0
poemhunter.com/william-henry-drummond/biography,0
teaparty.org/breaking-trump-launches-first-move-plan-deport-illegals-224825,0
tanea.gr/news/nsin/arts,0
commonsensemedia.org/video/movie-reviews/theaters,0
lalsace.fr/actualite/2017/03/21/france-galles-pas-de-preuve-de-morsure-aucun-joueur-cite#commentaires,0
gwu.edu/cybervault/library,0
goodwood.com/sports/golf/latest-news,0
thefreedictionary.com/Casey+Stengel,0
goldprice.org/goldprice.org/gold-price.html,0
tudou.com/albumplay/wSssxO_YGhE/G0PDc5Q9cyo.html,0
uni-konstanz.de/forschen/forschungseinrichtungen,0
steemit.com/trending/ethereum,0
szhk.com/hk,0
uwec.edu/uwec.edu/dining,0
cnet.com.au/roadshow/for-sale/new,0
acform.com/office-a-headquarters/item/128-malek-headquarters,0
rakuten.de/kuechentextilien/?icid=DE_mkt:de:home_top_nav_15_haushalt_10_kuechentextilien,0
wikipilipinas.org/index.php?title=Category:People_of_the_Philippine-American_War,0
audiworld.com/forums/quattro-turbo-ur-sport-30,0
joann.com/sewing/machines-and-furniture/sewing-machines,0
arcadia.edu/academics/programs/interdisciplinary-science,0
leviton.com/www.leviton.com/en/solutions/government,0
houstontexans.com/search/tags/jadeveon+clowney,0
fishki.net/tag/koshmary/recent,0
figleaves.com/uk/activewear/mens/?link=mens_tn_activewear,0
kidstaff.com.ua/goods/home/30/906,0
kupikite.ru/prodazha/drugoe/dorozhnaya-sumka-north-na-kolesah_i12,0
"mkvdic.com?""../zgjyb/five/201609/t20160920_674113.html""",0
jxrencai.com/zhaopin/shengchan,0
brainpickings.org/2014/09/16/hannah-arendt-the-life-of-the-mind,0
s5.com/name/5shudai0/2016/0729/425.html,0
dai.ly/us/extras/jukebox,0
nvidia.co.uk/object/drive-automotive-technology-uk.html,0
wikipedia.org/wiki/Universal_City_Studios,0
ks5u.com/tbbk/Index.asp?Id=0306033,0
herald-dispatch.com/ap/ap_nation/tillerson-to-skip-meeting-of-nato-foreign-ministers/article_40e33f43-5a6b-5511-a801-92d1f71cc1be.html,0
realtytimes.com/advicefromtheexpert/item/47598-mont-vert-belair-world-class-quality-to-indulge-the-home-buyers?rtmpage=nehapawar451,0
wjw.cn/g/riyongjinshuzhipin,0
consultant.ru/law/rss,0
classmates.com/directory/public/memberprofile/list.htm?regId=8720786908,0
fang.com/photo/list_900_1110830831.htm,0
moypolo.ru/tovary/avtohimiya/voda-distilirovannaya,0
jhsph.edu/research/centers-and-institutes/center-for-refugee-and-disaster-response,0
mysanantonio.com/entertainment/the-wrap/article/Bernie-Wrightson-Horror-Comic-Book-Artist-Dies-11012719.php,0
intereconomia.com/autor/jesus-sanchez-quinones,0
victoria.ac.nz/about/contacts,0
comatlassian-rest-doclet/3.2.9/atlassian-rest-doclet,0
aau.dk/forskning/ranking,0
nbd.com.cn/articles/2017-03-03/1081243.html,0
houseofnames.com/crepeau-family-crest,0
trane.com/commercial/asia-pacific/as/en.html,0
elyrics.net/song/t/tea-party-lyrics.html,0
godohosting.com/imghosting/imghosting_info.php,0
cachvaom88.net/dang-ky-m88-com,0
jinghua.cn/20170120/f273260.shtml,0
bigbadtoystore.com/bbts/product.aspx?product=TAK12407&mode=retail,0
bestadsontv.com/ad/85466/Auckland-City-Council-A-Kauri-Cries,0
midwestsportsfans.com/2010/03/ncaa-womens-basketball-tournament-schedule-tickets-dates-sites-locations,0
oriflame-katalog.ru/interesting/o-finansakh/kak-pravilno-investirovat,0
templatemonster.com/woocommerce-themes/grannali-woocommerce-theme-58662.html#tab-reviews,0
realmadrid.com/futbol/partidos/supercopa-de-europa,0
kck.st/discover/places/auckland-nz?ref=city,0
ks5u.com/tbbk/Index.asp?Id=020401,0
blogspot.com,0
inkthemes.com/plugins/best-advertising-social-locker-wordpress-plugins,0
adn.com/sports/skiing/2017/03/19/talkeetnas-oosik-classic-attracts-more-than-600-skiers,0
liturgy.guru/oye/bangla-cohda-chudir-golpo.html,0
lords.org/press-centre/useful-contacts,0
eepw.com.cn/article/201609/310409.htm,0
comsal-spi/3.0.0-m014/sal-spi,0
dunhamwilcox.net/ny/chappaqua_deaths.htm,0
bored.com/cat/girls,0
cnliti.com/Android/info/643.html,0
xuexila.com/lunwen/jisuanjilunwen/2872640.html,0
seekingalpha.com/insight/etf-hub/asset_class_performance/strategies,0
je4fun.com/feed,0
hamilton.ca/social-services/support-programs/utilities-arrears-program,0
sina.com.cn/814,0
wpunj.edu/admissions/graduate/prospective-students/events.dot,0
elleuk.com/www.facebook.com/v2.3/dialog/feed?app_id=201742389861242&name=Beauty+And+The+Beast+Breaks+Five+Box+Office+Records+In+One+Go&description=The+live+adaptation+has+enchanted+viewers+worldwide&display=popup&link=http:/www.elleuk.com/life-and-culture/culture/articles/a34726/beauty-beast-breaks-box-office-five-records-worldwide/&picture=http:/elleuk.cdnds.net/17/12/1024x512/1490014475-landscape-1489140580-emma-watson-indian-fans.jpg&redirect_uri=http:/www.elleuk.com/life-and-culture/culture/articles/a34726/beauty-beast-breaks-box-office-five-records-worldwide/&version=v2.3,0
unipr.it/notizie/fino-al-29-marzo-ciclo-di-incontri-su-diritti-umani-e-web-society,0
goldap.com/Psylvania_Railroad,0
lamac.org/america-latina-ingles/channel/casa-club-tv,0
wikitravel.org/en/Warsaw,0
ornl.gov/careers/careers-ornl,0
nifty.com/information/adslacca.htm?ntop,0
dastelefonbuch.de/www.dastelefonbuch.de/Firmen/Kaufland/K%C3%B6ln,0
target.com.au/c/clearance/men/jeans-pants/W678507,0
progressiveparent.com/Pregnancy_postnatal_exercise/KaryneAndSarahSteben.htm,0
xnview.com/en/xnshell,0
commscope.com/www.commscope.com/locator/SalesWizard.aspx,0
garanteprivacy.it/web/guest/home/ricerca/-/search/cloud/Pubblica Sicurezza,0
stcharlesprep.org,0
businesspundit.com/10-most-profitable-low-budget-movies-of-all-time,0
punchpin.com/Music/search.html,0
eastman.com/Company/investors/Financial_Information/Pages/Financial_Reports.aspx,0
ebay.nl/ws/eBayISAPI.dll?MyEbayBeta&CurrentPage=MyeBayNextListIndex&wl=1,0
ly.com/www.ly.com/zhuanti/superline?pc1,0
lastampa.it/2017/03/20/tecnologia/news/stayawhile-un-solo-abbonamento-per-tanti-alberghi-qeu9lI9dWX8NcGoE027zNO/pagina.html,0
orgnews/pr/2016/june/alamo-coo.html,0
um.dk/da/ligestilling/ligestilling-i-det-offentlige/ligestillingsredegoerelser,0
manning.com/books/getting-mean-with-mongo-express-angular-and-node-second-edition,0
beelink.com/html/201702/content_238660.htm,0
dada.eu/en/working-with-us/job-opportunities,0
stetson.edu/other/significance/chuck-wolfe.php,0
eurosport.com/football/league-two/final-phase.shtml,0
ihatestarbucks.com/bb,0
kevinmd.com/blog/2017/03/executive-order-can-erase-entire-childhood.html#comments,0
sxsw.com/news/2016/amber-venz-box-at-sxsw-video,0
weatherbug.com/sitemap/North-America/United-States/state/Louisiana/LA,0
tmz.com/videos/0-54lf0zsp,0
guiarepsol.com/es/turismo/destinos,0
zhue.com.cn/yangzhupeixun,0
cotemaison.fr/divers/contacts.html,0
auspost.com.au/parcels-mail/parcel-collection-delivery/return-a-parcel,0
3gsc.com.cn/about/copyright,0
pc-magazin.de/specials/cebit,0
allbookstores.com/Julie-Garwood/author,0
fsblecenter.com/Specials.aspx,0
a-star.edu.sg/About-A-STAR/Research-Entities.aspx,0
lovefilm.com/gp/product/B01N3LWFOH/ref=s9_al_bw_g475_i20_r_u_l,0
queijoskroon.com.br/contact,0
greenest.ir/index.php/paper/algea/item/48-blue-green,0
atlanta.net/hotels/by-neighborhood,0
texasbar.com/AM/Template.cfm?Section=State_Bar_President2&Template=/CM/HTMLDisplay.cfm&ContentID=35959,0
zbj.com/11498807/sid-734132.html,0
crimeseekers.net/forums/showthread.php?5767-List-Of-Juarez-amp-Chihuahua-State-Femicide-Victims/page2,0
longchamphandbags.us/longchamp-le-pliage-tote-bags-c-20/longchamp-le-pliage-folding-tote-bags-curry-p-190.html,0
notcot.org/page/338,0
bmw.com.cn/zh/all-models/2-series/grantourer/2015/services-apps.html,0
imdb.com/name/nm0105250,0
ocregister.com/go/marketplace,0
pxleyes.com/help-by-language,0
smartsheet.com/industries/education,0
hankyu-dept.co.jp/honten/notice/news02.html,0
559.cc/ucl_video,0
thefreedictionary.com/Hutchins%2c+Robert+Maynard,0
cangworld.com/ysj/rdrw/20170310/322.html,0
lanceboys.com,0
newsx.com/business/jio-customers-remain-loyal-even-paid-services-says-report?pfrom=home,0
celtic-casimir.com/webtree/3/2552.htm,0
castrol.com/en/home/lithuania.html,0
rechtsanwalt-schwenke.de/service/impressum/#ccpl,0
theindependent.com/video/featured,0
vultr.com/status,0
360winnett.com,0
infobox.ru/office24.ru,0
guitar-pro.com/hc/en-us/requests/new,0
designersguild.com/us/Register/l101,0
facebook.com/pages/CFOX-FM/108153012546411,0
hollywoodlife.com/2017/03/20/dwts-kym-johnson-mr-t-warned-robert-herjavec-fight-touch-wife,0
frankfurt-airport.com/de/reisen/rund-um-den-flug.detail.suffix.html/airline/de.html,0
envato.com/files/222494090/preview.mp3,0
beforeitsnews.com/home/featuredlist/v2_top_money.html,0
magicseaweed.com/news/magicseaweed-contact-us/7041,0
tti.net,0
dilbert.com/strip/2017-03-18,0
rtve.es/rtve/corresponsales,0
seeing-stars.com/Meet/index.shtml,0
bodyandsoul.com.au/fitness/training-tips/new-study-says-vibration-may-be-as-effective-as-exercise/news-story/cc600ce0e5d9f24c22bb862e620b5593,0
simplyrecipes.com/recipes/course/snack,0
koolearn.com/20170309/816479.html,0
china-pub.com/cache/browse2/52/1_1_52-07_0.html,0
yellowbook.com/yellow-pages/?what=Packing+Materials+Shipping&where=Surrounding+Oakland%2c+CA,0
educationuk.org/living/weather,0
forocoches.com/foro/forumdisplay.php?f=4,0
kpmg.com/us/en/home/industries/banking.html,0
lmjx.net/2010/201003/20100311144635.shtml,0
infomoney.com.br/minhas-financas/precos,0
1up.com/wii,0
abus.com/www.abus.com/vn,0
pitch.com/kansascity/fiorellas-jack-stack-barbecue/Location?oid=2203023,0
j2rauto.com/lja/article.view/14556/rial-l-etoile-noire-d-orion/14/rechange,0
deakin.edu.au/courses/find-a-course/information-technology,0
techbargains.com/plus.google.com/share?url=http%3A%2F%2Fwww.techbargains.com%2Fdeal%2F438554%2Frtic-tumbler,0
csg.cn./xwzx/2017/gcdt/201702/t20170207_150827.html,0
famouswhy.com/king_donovan,0
hbsc.cn/job/jobinfo-1829481-649819.html,0
110.com/ask/browse-c36.html,0
netqiyewenhua/130422/09063640.html,0
stylowi.pl/zakupy/146/akcesoria-kosmetyczne,0
sddt.com/Commentary/columnist.cfm?Commentary_ID=206,0
americanpregnancy.org/pregnancy-calculator,0
123people.com/b/bernard+schick,0
montblanc.com/en-us/collection/eyewear/montblanc-extreme-leather.html,0
plosbiology.org/plosbiology/article?id=10.1371/journal.pbio.2000735,0
taobao.com/awp.m.etao.com/h5/m-super/index.html,0
stzp.cn/ent/1819240.html,0
advego.ru/externalauth/ok,0
digitalspy.co.uk/www.facebook.com/v2.3/dialog/feed?app_id=131928163488848&name=Made+in+Chelsea+series+13%2C+episode+1+review%3A+Binky%27s+pregnant+and+it%27s+awkward&description=She+and+JP+are+NOT+together+in+this+episode.&display=popup&link=http:/www.digitalspy.com/tv/made-in-chelsea/review/a823936/made-in-chelsea/&picture=http:/digitalspyuk.cdnds.net/16/42/1476734780-giphy-29.gif&redirect_uri=http:/www.digitalspy.com/tv/made-in-chelsea/review/a823936/made-in-chelsea/&version=v2.3,0
uvu.edu/criminaljustice/forensic-science/index.html,0
quicknet.nl/klantenservice/televisie-radio/online-tv-kijken,0
menshealth.de/food/rezepte/s/low-carb,0
discogs.com/search/?style_exact=Tango,0
jcstorm.net,0
sephora.fr/Maquillage/Ongles/Soin-des-ongles/C378;jsessionid=730B70A9A9BD8CE9858905DC8A46EC3D.wfr1r,0
helmholtz.de/forschung/schluesseltechnologien,0
std.com/world/help/findModem/result?areacode=%2A&state=,0
musicstore.de/static/index.html?catalog=de/BK_2017-01_DE#page_0.1,0
adn.com/section/visual/photos,0
availablejobsfinder.com/npogf/komik-pendekar-cina-sub-indo.html,0
fert.cn/news/20117/20117259233561699.html,0
ziare.com/catalin-radulescu/mitraliera/deputatul-cu-mitraliera-este-audiat-la-parchetul-general-1458245,0
yourdictionary.com/index/hif-hou,0
amazon.com/King-Khan-BBQ-Show/dp/B000VBGIW2,0
ianleafart.com/2017/03/money-clips-as-useful-groomsmen-gifts,0
ada.org/en/publications/ada-professional-product-review-ppr,0
gant.com/mens-new-arrivals,0
jaycar.com.au/sight-sound-home/av-leads-adaptors/specialty/c/505E,0
emp.de/neu/marken/black-premium,0
comnews/class/?102.html ,0
nr2.ru/News/archive.html,0
rfa.org/about/info/contact.html,0
dyndns.org/domain-registration,0
sephora.fr/Corps-Bain/Deodorant/C429;jsessionid=730B70A9A9BD8CE9858905DC8A46EC3D.wfr1r,0
manta.com/ic/mtqndzr/ca/nettoyeur-mont-st-bruno-inc,0
nutraingredients-usa.com/feature/sitemap,0
charismanews.com/opinion/63657-decoding-the-apocalypse-with-end-times-prophecy#comments,0
airliners.net/aviation-forums/general_aviation/read.main/2584589,0
yahoo.com/q?s=FMCN,0
dietsinreview.com/diet_column/06/18shake-review,0
zbj.com/xgt,0
canadagame.net/profile/lhthe,0
neutrogena.com/category/cosmetics/nashville.do?nType=1,0
fr-online.de/rhein-main/fastnacht,0
disneylandparis.com/en-us/calendars/park-hours,0
ljplus.ru/blog/2131,0
mediamatters.org/issues/immigration,0
eol.cn/201703/t20170320_1499387.shtml,0
busytrade.com/products/2-1640/CCTV-Products.html,0
epochtimes.com/gb/nsc2007.htm,0
aveda.com/account/order_history/purchases.tmpl,0
64365.com/baike/cqxy,0
russ.ru/Temy/Pro-iskusstvo,0
electrek.co/2017/03/19/watch-tesla-model-x-escape-crash/?share=facebook,0
prada.com/en/fragrance/woman.html,0
facebook.com/sharer/sharer.php?u=aljazeera.net/home/getpage/f6451603-4dff-4ca1-9c10-122741d17432/949755d8-9f18-40ad-9abd-8ac120a6531e,0
tripwiser.com/destination_finder?type=site&s_key=%22Richmond%22+%22United+States%22+%22Virginia%22,0
rottentomatoes.com/critics-consensus,0
bayer.de/en/events/archive/2013/overview,0
funtimebrindes.com.br/index.php/Anti-Stress/View-all-products.html,0
hzpsjx.com/content/?416.html,0
ebay.com.au/rpp/home-garden,0
fishbase.org/ListByLetter/CommonNamesU.htm,0
culturefc.cn/index/product.jhtml?act=index,0
gosanangelo.com/sports/columnists,0
worthpoint.com/worthopedia/spoke-family-dog-autograph-smoky-joe-88272595,0
agrigestsrl.com/2014-06-28-12-44-45/giardinaggio.html,0
finestreadami.com/index.php/prodotti/portoncini-blindati/gasperotti-foto,0
battlepro.com/members,0
dentonrc.com/calendar,0
ielts.org/info-pages/about-us,0
3366.com/game/77224.shtml,0
hisupplier.com/products-1934-Refrigeration-Heat-Exchange,0
prf.hn/click/camref:1100lmAK/adref:BOOKING-ENGINE.EPACKAGE/creativeref:/destination:www.ebookers.ch/week-end?langid=4108,0
elasticsearch.org/legal/privacy-policy,0
turntablelab.com/collections/turntable-lab-date,0
metroactive.com/features/Resistance-South-Bay-Artists-Activists-Revolution-Art.html,0
soilassociation.org/organic-living/the-boom-awards-2017,0
gohawaii.com/molokai/experiences,0
nasdaqomx.com/transactions/trading/equities,0
m-w.com/news-trend-watch/it-came-in-the-mail-over-the-transom-20170315,0
fdcew.com/fgwk/fgsd/167744.html,0
jiujiang.gov.cn./zwzx/gggs/201703/t20170309_1682131.htm,0
erpvalue.net/plus/view.php?aid=261,0
ams.org/profession/profdir/profdir,0
unfpa.org/transparency-portal/unfpa-guatemala,0
lululemon.com/p/jackets-and-hoodies-jackets/Define-Jacket/_/prod5020054?color=LW4557S_1966   ,0
coreos.com/os/docs/latest,0
rumormillnews.com/cgi-bin/forum.cgi?noframes;read=64891,0
thehindubusinessline.com/opinion,0
etnews.com/pages/etnews_privacy.html,0
dg.gov.cn/007329968/ist.shtml?catecode=0703,0
sva.edu/graduate/critical-theory-and-the-arts,0
go.com/blog/big12/tag/_/name/09-big-12-title-game-coverage,0
local.ch/de/q/Unterhaltung.html,0
edudemic.com/videos,0
wickes.co.uk/Decorating+Interiors/Paint/Exterior-Paint/c/1001119,0
stjohns.edu/faith-service/st-thomas-more-church,0
starpulse.com/Music/Les_Breastfeeders/index.html,0
townhall.com/tipsheet/justinholcomb/2017/03/20/president-trump-to-visit-congress-on-tuesday-talk-healthcare-n2301677,0
blogspot.com/2013/07/why-do-some-men-become-nothing-more.html,0
gscn.com.cn/system/2017/03/21/011646137.shtml,0
uct.ac.za/students/recreation/sports/overview,0
mac4ever.com/gateway/?productId=24&partnerId=2&countryId=1&sourceType=moduleTopApps&eurekoo&redirect=https%3A%2F%2Fitunes.apple.com%2Ffr%2Fapp%2Fplague-inc%2Fid525818839%3Fmt%3D8%26uo%3D4,0
theoatmeal.com/feed/index/page:9,0
800hr.com/so/kw%E5%A4%96%E8%AF%AD-15-sm1.html,0
dcassets.com,0
manta.com/c/mtkwqmf/brower-miller-cole,0
leader-composite.ru/index.php/remkompl.html,0
tv4play.se/program/brynolf-ljung-street-magic,0
courant.com/entertainment/#nt=oft07a-17gp1,0
china.cn/mimianshebei,0
kentonline.co.uk/hythe/news/man-jailed-after-breaking-taxi-122572,0
vescovo.tv/hhzq/mere-raskar-kamar-mpe-song.html,0
"kalinkaru.com?""../zt/""",0
obozrevatel.com/my,0
thefiscaltimes.com/latestnews/2017/03/16/Caterpillar-asks-ex-US-attorney-general-help-address-govt-probe,0
alexanderstreet.com/page/public,0
custeel.com/tegang/tsteelzq011101.html,0
his-j.com/ct/search/02A_10/ASI/TWN/?lcid=tmb08,0
cnxz.cn/UnderArmour-brand/index/404297.html,0
ip138.com/sanwei,0
glamourmagazine.co.uk/gallery/90s-tv-sitcom-stars-where-are-they-now,0
berryfh.com,0
yigg.de/posts/fail-sammlung-der-woche-das-tut-schon-beim-zusehen-weh-lol,0
hosteltur.com/comunidad/005430_una-paella-puede-compartir-mesa-con-3-religiones-diferentes.html,0
facebook.com/3nice,0
the-scientist.com/?articles.list/categoryNo/3109/category/Sponsored-Infographics,0
ultimahora.com/contenidos/revista-vida.html,0
for-ua.com/article/1132443,0
digparty.com/wiki/Larry_Shay,0
newswire.net./newsroom/real-estate,0
nextgov.com/cybersecurity/2017/03/white-houses-annual-cyber-report-counts-30000-incidents-only-16-are-major/136146/?oref=ng-trending,0
kalpoder.com/2016/11/18/yonetim-kurulu,0
landscaping-companies.com/in/west-virginia,0
eltiempo.com/opinion/editorial/impopular-pero-necesaria-20-03-2017-69384,0
cnair.com/c/201703/77368.html,0
bendbulletin.com/Subscribe,0
studyez.com/zhongyishi/zslq/all/201403/494732.htm,0
foodqs.cn/material/material_view_658067.html,0
2checkout.com/partner/developer,0
news-gazette.com/opinion,0
cugt.org/map/?t=PDI,0
inopressa.ru/article/20Mar2017/independent/kara-murza.html,0
ebay.ch/cln/desigat2014/Car-Kits/368566807012,0
wrzuta.pl/tag/bass,0
henan100.com/auto/2017/693997.shtml,0
kay.com/en/kaystore/searchterm/Personalized+Couples+Necklaces/~/~/0/New/0/~/~/~/~/true/A.Personalized.Personalized+Products|A.Product+Type.Necklaces+&+Pendants|A.Style.Couples/~/~/~/Personalized+Couples+Necklaces+&+Pendants/false,0
slashfilm.com/category/movie-genres/scifi,0
youtube.com/user/PSGofficiel,0
videogamingmuseum.com/vgm/?cat=27,0
comhtml/2015-04/03/content_1820.htm,0
daimler.com/products/services/mobility-services/fleetboard,0
"bj-jiameiyi.com.cn?""../basc/xw/201609/t20160920_674069.html""",0
comatlassian-plugins-osgi-spring-extender/2.2.4/atlassian-plugins-osgi-spring-extender,0
chrisbrogan.com/answers,0
liga.net/stock/ux,0
thecheesecakefactory.com/menu/small-plates-snacks-appetizers/appetizers/hot-spinach-and-cheese-dip,0
arcadia.edu/life-arcadia/campus-services/campus-safety-security/fire-policies,0
anhuinews.com/html/xawb.shtml,0
nato.int/cps/en/natohq/news.htm,0
cibc.com/en/personal-banking/ways-to-bank/atm-and-branch-network/atm-bank-machine.html,0
leprogres.fr/sortir/loire,0
esri.com/Thread.asp?c=93&f=995&t=179564,0
spbstu.ru/upload/iblock/0d6/262.jpg,0
chelseamegastore.com/stores/chelsea/products/product_details.aspx?pid=1023342&portal=EE6WSTL4&CMP=PSC-EE6WSTL4,0
365psd.com/free-psd/shapes,0
deartikel/zelda-breath-of-the-wild-guide-eigenes-haus-kaufen,0
prlog.org/10807369-first-event-2011-transgender-conference-welcomes-jamison-green-as-keynote-marriott-peabody-to-host.html,0
siemens.com/global/en/home/products/mobility/rail-solutions/rail-automation.html,0
mt.gov/app.mt.gov/cal/html/event/statewide?viewtype=2,0
cankaoxiaoxi.com/china/20170320/1785492.shtml,0
youtube.com/user/IRINFILMS,0
tokiohotelamerica.net/forum/index.php,0
christianity.com/archive,0
diary.ru/search/?postsbytag&id=709&from=4000,0
snapfish.co.uk/2/home?MarkupCaching=off,0
bizland.com/bizland/about.bml,0
kylekrenek.com/npogf/kumpulan-config-hi-terb.html,0
newschannel9.com/sports/soccer,0
body-rocks.com,0
absoluteastronomy.com/topics/History_of_the_United_States_Marine_Corps,0
wipo.int/meetings/en,0
caixin.com/2017-03-16/101066560.html,0
marcjacobs.com/about-marc/campaigns/spring-2017/?lcat=home_carousel&from=home,0
wowprogress.com/char_statistics/en/field.highest_5man,0
trazzler.com/trips/ca-academy-of-sci-golden-gate-park-in-san-francisco-ca-1,0
cxxsxhq.com/servics/kaiyedianli,0
biology-online.org./biology-forum/forum-5.html,0
smartadserver.com/what-we-do/our-mission,0
facebook.com/pages/Monarchy-of-Historical-Armenia/218313743855,0
parislemon.com/post/158618766792/the-bay-latergram-at-san-francisco-california,0
olympic.ca/2011/03/18/canadas-olympic-heroes-live-forever-in-hall-of-fame,0
jaimelelivre.com/d/culture-societe/esoterisme-paranormal.html,0
moneysense.ca/save/investing/bonds,0
journeys.com/kidz/search?keywords=sale,0
indiana.edu/cgi/t/text/text-idx?c=wright2;cc=wright2;view=text;rgn=main;idno=wright2-0565,0
edp24.co.uk/going-out/theatre,0
instagram.com/cloudaccessnet,0
safeway.com/ShopStores/RewardPoints.page?icmpid=swy_HPP_1_fuelpartner_POR_4015,0
myfoxla.com/entertainment/features/242505686-story,0
jroller.com/frontpage/tags/hibernate,0
financesonline.com/page/14,0
centre.edu/about-6/study-abroad/study-abroad-without-centre,0
cvs.com/help/terms_of_use.jsp,0
news24.com/Video/southafrica,0
techonce.net/list/author/19872-ThomasNefs?s=797e8b5d28867dc7717024e35a1b4d23,0
gemalto.com/enterprise-security/identity-access-management,0
plusonehair.com/privacy-policy,0
google.com/share?url=/sociedad/857890-municipalidad-de-lima-restringe-transito-vehicular-en-la-autopista-ramiro-priale-en-sentido-lima-chosica,0
bellatormarketing.com,0
inmarsat.com/privacy-policy,0
e2315.com/html/4642.html,0
800amalarm.com/home-security-systems/fire-a-carbon-monoxide.html,0
yangtse.com/m/news/health/2017-03-20/405442.html,0
wsmv.com/story/14887812/snowbird-appearances,0
wordtravels.com/Attractions/?attraction=2525,0
pclady.com.cn/zxzq/1206/839136.html,0
pictaram.com/tag/following,0
equinesoccer.org,0
9553.com/soft/72137.htm,0
4trombones.com/accesorios/fundas-y-estuches.html,0
studiopiccolo.com/about2.php?id=2,0
php100.com/sjhass/na8h53pu,0
smotretfilmhd720.ru/triller,0
trailspace.com/gear/nordic-touring-skis,0
hipcamp.com/discover/alabama/camping,0
perthnow.com.au/business/work/pauline-hanson-supports-penalty-rate-cuts/news-story/3b520f035d09a0888b67db964b3394ee,0
freemusicarchive.org/music/Decktonic/Unbox_Me/Decktonic_-_Unbox_Me_-_01_Unbox_Me_feat_kitty,0
ssense.com/en-us/women/designers/all/shoes/flats/lace-ups-oxfords,0
hsbkj.cn/html/4958.html,0
numbeo.com/cost-of-living/in/Adelaide,0
cnhan.com/html/jsxw/20170320/562745.htm,0
sondakika.com/haber/haber-aydin-da-cinsel-istismar-iddiasi-9398601,0
facebook.com/people/Dennis-Woehler/100001425044026,0
kimiss.com/319914,0
shogakukan.co.jp/news/153271,0
ifolder.ru/moskwa/soglasowanie-pereplanirowok,0
wsvn.com/entertainment/chickpea-avocado-sandwichbelkys,0
fortunecity.com/virginia/670/napiervilleqcmar.htm,0
asme.org/network/media/mechanical-engineering-magazine,0
ancestry.com/~inripchs/1820/b-names.html,0
irislink.com/tips-stories/iris-helps-you-thrive-digital-world,0
alternet.org/authors/zoe-williams,0
subscribe.ru/digest/sport/fiz/n921961.html#comments,0
61flash.com/yuwen,0
blogspot.com/-R0VoDmyJPP0/WNAM8pdzzZI/AAAAAAAAr2o/Uo8LOtGOga8x4kX2N9LJis5oT0yY9Hf4wCLcB/s1600/hacking-windows-user-account-password.png,0
wardsauto.com/2017-geneva-auto-show/2017-geneva-auto-show-shots-floor,0
bet.com/news/sports.html,0
nbd.com.cn/articles/2017-03-15/1085220.html,0
carbuzz.com/news/2017/3/19/New-Honda-Civic-Type-R-Has-The-Ford-Focus-RS-Firmly-In-Its-Sights-7738305,0
frontgate.com/pool-beach/decor/pool-decor,0
thedieline.com/blog/2017/3/2/intriguing-can-designs-that-visually-represent-the-flavors-in-the-beer#comments-58b8c52e197aea487893e77c,0
tsu.ru/university/tsutoday/pobeda/trud/Girusheva_Vera_Sergeevna.php,0
szczl.com.cn/gbook/?18_1.html,0
amazon.com/Charles-Brown/e/B000AP7YFO,0
rusmuseum.ru/mikhailovsky-palace/exhibitions/russian-art-of-the-first-half-of-the-nineteenth--century,0
fanbase.com/Dick-Howser,0
blackbaud.com/events/regionalseminars.aspx,0
marinabaysands.com/company-information/media-centre.html,0
rttnews.com/list/alternative-music.aspx,0
nytimes.com/pages/politics/index.html?src=hpHeader,0
cinemassacre.com/category/films/animation,0
ualr.edu/systemsengineering,0
feedburner.com/rhizome-blog,0
dede/startseite/#top,0
eventful.com/tempe/venues/tempe-arizona-united-states-/V0-001-000179985-4,0
oneindia.com/news/andhra-pradesh/next-target-pulivedula-chandra-babu-naidu-197667.html,0
hx2car.com/car/verify/l110100jyckbmg#now_search_result,0
es.gov.br/documentos/atestado-de-antecedentes-criminais,0
ecf.com/who-we-are/our-mission/declaration-berne,0
politico.com/story/2017/03/neil-gorsuch-democrats-attack-236232,0
cmfu.com/book.qidian.com/info/1003631173,0
caroline.blog/about,0
php?forums/site-news.2,0
fox4kc.com/2017/03/20/with-3-kids-riding-in-backseat-kansas-city-father-firefighter-accused-of-injecting-heroin-passing-out,0
hmv.co.jp/artist_miwa_000000000429983/item_%E3%80%8ALoppi%E3%83%BBHMV%E9%99%90%E5%AE%9A%E3%83%9E%E3%82%B0%E3%82%AB%E3%83%83%E3%83%97%E4%BB%98%E3%80%8B-SPLASH%E2%98%86WORLD-%E3%80%90%E5%88%9D%E5%9B%9E%E7%94%9F%E7%94%A3%E9%99%90%E5%AE%9A%E7%9B%A4%E3%80%91-DVD_7539077,0
blogtalkradio.com/debatesthemusic/2017/03/15/ep-6-drake-with-apple-music-soulja-boy-snoop-vs-trump-and-freestyle-rules,0
blogspot.com,0
nationalinterest.org/blog/foreign-policy-experts-roundtable-17547,0
airbaltic.com/app/fb.fly?action=avail&p=bti&l=en&orig=TLL&dest=VNO&otype=A&dtype=A&omonth=p3&numadt=1&bbv=1&bbc=1&bbb=1,0
banbijiang.com/member/index_do.php?fmdo=user&dopost=regnew,0
gsk.com/en-gb/responsibility/responsibility-reports-data/patient-group-funding,0
avvo.com/topics/lawsuits-and-disputes,0
youtube.com/watch?v=rYgmOsdRi3o,0
swissnatural.com/en/products-introduction,0
sznoskol.ru/index.php/deyatelnost/konsultatsionnaya-mnogofunktsionalnaya-sluzhba,0
wdr5.de/radio/wdr5/sendungen/neugier-genuegt/templinng-gesundheitsprojekt-100.html,0
5ajob.com/c-d-eb90d8b1a03ef17a-h/17132.html,0
veromi.com/FL/Joe-Dougherty.aspx,0
researchandmarkets.com/categories/soft-drinks,0
dekampagnen/g20-in-hamburg/baden-baden-finanzministertreffen-1718-maerz,0
classcreator.com/Jacksonville-FL-Bishop-Kenny-1970/class_classmates_missing.cfm,0
massey.ac.nz/massey/student-life/about-our-campuses/wellington-campus,0
chazidian.com/open.chazidian.com/sort-100000026,0
wmasg.pl/pl/articles/show/767792#comments-add,0
compets-and-animals/bird/duck,0
footwearnews.com/2017/focus/womens/ceri-hoover-handbags-shoes-fall-2017-designer-327130,0
chicagoparkdistrict.com/permits-and-rentals/weddings-,0
amaandthestars.com/npogf/new-haryanvi-song-in-remix-di-gurmet--Download.html,0
walgreens.com/search/results.jsp?Ntt=little+remedies,0
imdb.com/name/nm0000101,0
northernlight.com/northern-light-launches-free-mobile-apps-for-pharmaceutical-industry-news,0
oursportscentral.com/services/releases/?id=4320116,0
brainyquote.com/quotes/authors/f/francois_de_la_rochefouca.html,0
music-news.com/competition/4782/Win-1-of-5-Dame-Vera-Lynn-Vera-Lynn-100-CDs,0
chroniclelive.co.uk/all-about/northern-lights,0
pratt.edu/the-work/gallery/nasa-project-collaboration-for-mars-exploration,0
fanbase.com/San-Diego-State-Aztecs-Football-2008,0
techbargains.com/deal/427994/amazon-gift-card#comments,0
zoominfo.com/people/Mormina_Bob_75972908.aspx,0
waset.org/topic/Civil-and-Environmental-Engineering/2017/08/vancouver,0
zhuoku.com/zhuomianbizhi/jingxuan-jingxuantaotu/20081008175210.htm,0
wikipedia.org/wiki/Great_Plains_Energy,0
job.ru/aboutsite/pc,0
thesun.co.uk/news/3129897/woman-cleared-attack-girlfriend-bottle-kitten,0
cars.com/go/video/index.jsp?aff=national,0
cheshi.com/11680,0
halfords.com/cycling/bike-parts/bike-wheels?sort=best-seller&cm_re=mmcycling-_-parts-_-Bikewheels,0
llnl.gov/news/weisz-selected-hutcheon-fellowship,0
seashepherd.org/chapters/chapters.html,0
yokamen.cn/digital/life,0
gettyimages.com/MasterDelegate/Splash?lang=ko,0
americorps.gov/about/frequently-asked-questions-faqs,0
mangocity.com/product/10516644p2.html,0
birminghampost.co.uk/business/commercial-property/what-happening-fiddle--bone-12758466,0
onlyinyourstate.com/arkansas/things-to-do-13-ar-towns,0
fifh.com/can-you-buy-zovirax-over-the-counter-in-australia,0
tno.nl/en/about-tno/contact/corporate-legal/privacy-statement,0
finanzen.net/anleihen/Kanada-Anleihen,0
ebay.fr/outils-vendeurs/index.html,0
redicecreations.com/news/non-white-university-of-michigan-students-demand-segregated-space-to-plan-leftist-activism,0
owncloud.org/user/?user=owncloudcom,0
drugpolicy.org/about-us/about-drug-policy-alliance,0
wowprogress.com/char_statistics/fr/field.highest_2man,0
duckduckgo.com/1/c/Canadian_boxers,0
websterclub.org/accomplishments/nfl-nationals,0
abta.org/brain-tumor-treatment/brain-tumor-support/support-groups,0
playboy.com/articles/facebook-is-developing-a-mind-reading-interface,0
galvestondailynews.com/news_ap,0
reviews1000.info/orrt/lachke-kamar-teri-pehli-nazar-song-download-s.html,0
youtube.com/watch?v=VlUmQMyh8Hs,0
alibole.com/news/61095.html,0
joomla4ever.ru/zootemplate/3475-zt-retro.html,0
elizabethannedesigns.com/blog/?attachment_id=139383,0
trueegypttours.com/site/index.php/desert-safari-tours/bahariya-tours.html,0
kohls.com/catalog/for-the-home.jsp?CN=Activity:For%20the%20Home+Promotions:Sale&icid=hpmf|homesale,0
wrapbootstrap.com/theme/kidz-multipurpose-children-kids-theme-WB059350N,0
memuemulator.com/windows-pc/calorie-counter-by-fatsecret-2.html,0
lazaworx.com/tag/facebook-commenting,0
myjoyonline.com/opinion/2017/March-20th/news-desk-report-time-for-national-discourse-on-hooliganism-in-ghanaian-universities.php,0
trib.com/news/local/casper/county-fire-district-warns-of-phone-scam/article_b39914f4-273d-50d9-88cb-9702375abfee.html,0
mdzol.com/nota/724558-paso-a-paso-como-quemar-calorias-en-menos-de-15-minutos,0
iabuk.net/vertical-markets/entertainment-media,0
overclockersclub.com/reviews/shadow_warrior_2_review,0
zvab.com/www.abebooks.it/?cm_sp=Ftr-_-Home-_-sites5,0
github.com/dglent/meteo-qt,0
acfun.cn/u/309642.aspx,0
clipartguide.com/_search_terms/ring.html,0
jellybelly.com/c/211,0
infoseek.co.jp/topics/dailyshincho_518847,0
answers.com/topic/adolph-coors-company,0
miningweekly.com/page/home,0
index.hu/szerzo/szabo_peter,0
systemrequirementslab.com/cyri/requirements/lead-and-gold-gangs-of-the-wild-west/10964,0
gayglobe.us/blog,0
russia.tv/brand/show/brand_id/61066,0
kids21.cn/xxez/zx/sh/201703/t20170321_856680.htm,0
nacion.com/ocio/tv-radio/Leah-Remini-descubierto-Esclavos-cienciologia_0_1622437751.html,0
ticketmaster.co.uk/Metallica-the-Unforgiven-Experience-tickets/artist/735647?tm_link=tm_homeA_k2,0
islamqa.info/ar/240564,0
shaca.com/cgi-bin/sonet,0
babycenter.com/baby-names-fifi-79815.htm,0
airbnb.co.uk/s/Greece?type=villa,0
vk.se/1961672/bilar-havererade-efter-tankning#disqus_thread,0
fx678.com/keywords/NengYuanX.shtml,0
tourismvancouver.com/activities,0
singritty.com/profile/provacesprovaces?xg_source=activity,0
carnoc.com/corp/airline/ca.html,0
gamedesire.com/games/saloon-games,0
ddooo.com/apple/74_4_1.htm,0
empirepropertyinvestors.com/properties/carlton,0
vl.ru/transport/flight/arrive,0
travelwisconsin.com/things-to-do/outdoor-fun/water-activities/beaches-pools,0
vietnamwarfacts.net,0
n4g.com/channel/tom-clancys-ghost-recon-wildlands,0
bbboo.com/show/fE_UNGzsoaj,0
carfolio.com/specifications/models/car/?car=511907,0
public.lu/1034760/recherche-avancee,0
rumormillnews.com/cgi-bin/forum.cgi?noframes;read=57081,0
chinabyte.com/370/12511870.shtml,0
lilyandrosehardware.com/index.php/kitchen/kitchen-sinks/copper-sinks,0
telegraph.co.uk/science/2017/03/19/european-rocket-scientists-pledge-make-first-private-moon-landing,0
koolearn.com/alliance/click?userid=ff80808109d3216d0109e53f84bc000c&url=english.koolearn.com/bec/#kb,0
navarrepresbyterianchurch.org/Photo.aspx,0
bikeforums.net/classic-vintage/1101939-show-us-your-bikes-indexed-downtube-shifters-post19456655.html#post19456655,0
pinellascounty.org/scripts/publish/webevent.pl?cmd=opencal&cal=cal1,0
nu.nl/m/dadx8uea4jmw_wd640.jpg,0
mcgill.ca,0
xcar.com.cn/serise2496/city9999-1-1.htm,0
abc6.com/story/34158981/update-3-people-killed-in-easton-crash,0
filmsite.org/1940.html,0
himssconference.org/education/topics#career-workforce-development-and-diversity,0
680.com/1414738,0
hnloudi.gov.cn./bsfw/zxbl/bmbs/sslj_10707/ywxx,0
aegworldwide.com/facilities/entertainmentdistricts/entertainmentdistricts,0
wnep.com/2017/02/06/add-wnep-weather-to-your-amazon-alexa-flash-briefing,0
otto.de/baumarkt/werkzeug-maschinen/werkstatteinrichtung,0
keysight.com/main/application.jspx?nid=-34855.0.00&lc=eng&cc=US,0
amazon.com/exec/obidos/ISBN=0782144284/boutellcomincA,0
sporcle.com/games/mhershfield/ncaa-state-champs,0
liuxue86.com/a/2400735.html,0
mofa.gov.sa/sites/austria/AR,0
dr.dk/nyheder/udland/bilbombe-koster-23-liv-i-endnu-et-bagdad-angreb,0
askci.com/reports/20170320/1703298415773874.shtml,0
kusports.com/news/2007/nov/25/kus_perfect_season_spoiled_tigers/?football,0
qianyan001.com/201703/290889.html,0
texnet.com.cn/product/tag--%E8%85%88%E7%BA%B6--1.html,0
dw.com/en/tv/euromaxx/s-7555,0
hainan.net/corp/cms_news.jsp?newsid=3362094,0
forward.com/author/dan-friedman,0
rthk.hk/tv/dtt31/programme/thismorning,0
fineartamerica.com/collections/yukon+wildflowers,0
stonyfield.com/recipes/deviled-eggs,0
connexity.com/marketplace-listings,0
feedtrade.com.cn/yumi/yumi_daily/2074366.html,0
dur.ac.uk/undergraduate/live/visit/livechats/contact,0
mixingin.com/classifieds.asp?gID=4&sID=5&cID=67&iID=332,0
unisg.ch/de/forschung/nachwuchsfoerderung/peer+mentoring,0
trud.com/jobs/domashnij_personal,0
adoption.com/photolisting/Florida-Joshua-36816,0
pptv.com/aboutus/certificate/by1,0
atlasobscura.com/unusual-trips/journey-into-bulgaria-with-atlas-obscura-jan-25-29,0
neti.ee/cgi-bin/teema/ARI/Kaubamajad,0
thepeninsulaqatar.com/article/20/03/2017/Emir-Abbas-discuss-developments-in-Palestine,0
kcur.org/programs/question-quest,0
adultgalls.com/page/4,0
texaschainsawtours.com/1974.htm,0
iitd.ac.in/~ncc,0
hoganlovells.com/en/asia,0
ucdavis.edu/jobs/#footer,0
proceso.com.mx/rv/modHome/detalleExclusiva/90544,0
mailtribune.com/apps/pbcs.dll/article?AID=/20111030/VARSITY/110300346,0
te.ua/sev/olds,0
ykikii.com/travel/category/2,0
beetle-beat.net/page/2,0
myturnondemand.com/oxwall/user/goldsteinxz,0
domaindlx.com/product/ssl_certificate.bml,0
xiazaiba.com/jiaocheng/25569.html,0
ibs.it/cd/colonne-sonore,0
cotemaison.fr/cuisine/diaporama/revetement-sol-cuisine-19-modeles-de-sols-pour-une-cuisine-au-top_14494.html,0
wysp.ws/register,0
tovima.gr/sports/article/?aid=868699,0
php100.com/sjhass/h5g83rqd,0
wikipedia.org/wiki/James_Humphreys,0
computerhoy.com/noticias/life/gente-ateca-toda-marcha-con-barei-55990,0
lovefilm.com/gp/product/B00ERUZ67Q/ref=s9_hps_bw_g475_i13_r_u_l,0
strategic-culture.org/tags/assange.html,0
ariba.com/suppliers/how-to/change-your-password,0
rfidworld.com.cn/2017_03/f59b03667e661e71.html,0
mintrans.ru/activity/detail.php?SECTION_ID=1062,0
popmatters.com/pm/review/119766-crown-city-rockers-the-day-after-forever,0
fotocommunity.de/photos/eichh%C3%B6rnchen,0
foodandwaterwatch.org/site/Donation2?df_id=4490&4490.donation=form1,0
frostburg.edu/home,0
miamidolphins.com/multimedia/videos/1-On-1-With-Jermon-Bushrod/ec67dcf8-88c3-4b97-bbf8-31c578dbf36b,0
muzikalmafia.com/18-songs-for-martin-luther-king-day,0
fnac.com/Elevage-et-agriculture-urbaine/shi445922/w-4#bl=MMbja,0
angelacup.com/game/5179.html,0
bilibili.com/www.bilibili.com/video/fashion-info-1.html,0
hamilton.ca/develop-property/planning-applications/consent-sever-land,0
dj520.com/DJ_Html/down_109945.html,0
weatherbug.com/sitemap/Australia,0
cope.es/detalle/Horarios-33-jornada-LaLiga-Santander-2016-2017.html?id=2017032011430001,0
listingsca.com/Quebec/Montreal-Region/Media/Broadcast,0
amazon.com/Secular-Age-Charles-Taylor/dp/0674026764,0
php100.com/sjhass/x4e7t55g,0
drinkstuff.com/products/product.asp?ID=21918&nav=left,0
decanter.com/learn/how-to,0
tsu.ru/mobility/contests,0
wowprogress.com/char_statistics/us/field.5v5_matches,0
whatifsports.com/nhl-l/profile_player.asp?pid=1004960,0
moviefone.com/tv/longmire/254953/main,0
lasvegassun.com/ae,0
rumormillnews.com/cgi-bin/forum.cgi?noframes;read=52921,0
dw-world.de/deutsch-lernen/unterrichtsreihen/s-9729,0
ddooo.com/softdown/4838.htm,0
answers.com/Q/When_and_by_whom_was_the_first_home_computer_invented,0
hitched.co.uk/page-boys,0
carandclassic.co.uk/list/502,0
motherjones.com/politics/2016/10/paramilitary-militia-laws-training,0
lr-online.de/veranstaltungen/?method=notdienste,0
foddy.net/category/games/browser,0
newstrackindia.com/newsdetails/2017/2/10/4-The-power-system-in-the-dark-in-UP-said-Piyush-Goyal.html,0
5173.com/arch/2d7611f6dcf24689bad1774ff16e80ba-0-0-0-0-k0vxkc-0-0-0-a-a-a-10-500-0-0-0-0.tml,0
athenahealth.com/enterprise/community-hospitals,0
dailypress.com/news/crime/dp-pictures-mug-shots-photogallery.html#nt=barker&bn=Barker%2006%20-%20In%20Case%20You%20Missed%20It,0
39.net/hospital/24005_lab.html,0
eduabout/visiting/directions.html,0
stormfront.org/forum/member.php?u=40059,0
facebook.com/pages/fernand-seguin/114619588555261,0
lareviewofbooks.org/contributor/mark-bould,0
hobotraveler.com/bookmark.php,0
u-s-history.com/pages/h650.html,0
blogspot.com,0
clios.com/awards/winner/12816,0
net114.com/marketingcenter/index-cmd-shopmb.html,0
nextbigfuture.com/search/label/qubit,0
fullfact.org/health,0
meijer.com/t4/health-beauty/medicine-first-aid/sleep-aids/nasal-strips/t1/t1-866/t2/t2-9985/t3/t3-325/T4-1041.uts,0
shuren100.com/yaowen/280699.shtml,0
matadornetwork.com/videos/night-snorkeling-with-manta-rays-in-hawaii?list=e1FKgybR,0
alexandermcqueen.com/customercare,0
stylowi.pl/kategoria/plakaty-i-obrazy,0
melissa.com/global-update/ncoa-and-international-ncoa.html#1,0
manager-magazin.de/magazin/print,0
answers.com/topic/gary-crosby-actor,0
myblog.it/calcio-atletica-formula1-sport,0
meilele.com/brand-550/?site_from=sy_lc_logo7,0
greenspun.com/dogs/george,0
providesupport.com/integrations/live-chat-for-zencart.html,0
chabad.org/calendar/view/day.asp?tdate=3/20/2017,0
tripod.co.uk/adm/redirect/www/help,0
rumormillnews.com/cgi-bin/forum.cgi?noframes;read=70860,0
samehlabib.com/prof/index.php?option=com_content&view=category&layout=blog&id=160&Itemid=188,0
medicationsoverthecounter.com#/overcounter/pain-relief.html,0
mydrivers.com/1/524/524241.htm,0
hel.fi/www/Helsinki/fi/asuminen-ja-ymparisto/kaavoitus/kaavoituksen-tasot,0
manta.com/c/mmf5jps/j-n-storm-window-door-corp,0
thomascook.com/holidays/spain/canary-islands/#intcmp=TopNav_Destinations_CanaryIslands,0
51txcai.cc/game/1588.html,0
intelligentsoccer.com/?p=372,0
nzembassy.com/en/countries-and-regions/latin-america/argentina/new-zealand-embassy,0
colourlovers.com/colors/add,0
businessesgrow.com/social-media-marketing-books/known,0
soilassociation.org/certification/certification-resource-centre,0
fmvenues/browse/p/1.html,0
photojojo.com/awesomeness/iris-lens,0
wral.com/cooper-rejects-bill-to-make-nc-judicial-elections-partisan-/16588679,0
artnet.com/artists/karl%20stanley-benjamin,0
theglobeandmail.com/news/arts/television/christina-ricci-takes-wing-with-pan-am/article2197404,0
scapegoat-press.com,0
issuu.com/fbcpublishing/docs/160310175656-aacc82a38f72448d97550aeddcb7f705,0
vmacedonia.com/12932.htm,0
bringfido.com/cdn-cgi/l/email-protection#640e0b06172406160d0a03020d000b4a070b09,0
thisiscolossal.com/subscribe,0
infowars.com/feed/custom_feed_rss,0
youtube.com/watch?v=3aHvzjhoKfs,0
online.fr/en/dedicated-server/rpnv2,0
spiegel.de/politik/ausland/donald-trump-fbi-untersucht-moegliche-absprache-mit-russland-a-1139625.html,0
languageprofi.ru/k2-comments/kanikulyarnye-programmy.html,0
lexpress.fr/bourse/cours/ingenico-group_FR0000125346.html,0
hachettebookgroup.com/titles/james-patterson/zoo-2/9780316317122,0
littelfuse.com/technical-resources/application-designs/telecom/ethernet-router.aspx,0
lovetoknow.com/wiki/Play_Ms_Pac_Man_Online,0
asharqalawsat.com/home/video/453276,0
scientology.org/scientology-today/events/new-years-2015.html,0
ysearchblog.com/2007/01,0
dol.gov/general/topic/statistics/demographics,0
adac.de/infotestrat/tests/autozubehoer-technik,0
fx678.com/keywords/ZhaiShiX.shtml,0
ebay.com.au/sch/Beer/148495/bn_1617355/i.html,0
fanpop.com/channel/show/8,0
warriorforum.com/email-marketing/1104055-buying-data-email-lists-even-legal-anymore-post11043653.html#post11043653,0
linkedin.com/company/the-atlantic,0
unify.com/us/about/green-enterprise.aspx,0
toodledo.com/features/alarms.html,0
72g.com/game/zmqsy,0
baylorbears.com/gametracker/launch/gt_mbasebl.html?event=1528427&school=bay&sport=mbasebl&camefrom=&startschool=&,0
daytranslations.com/famous_argentine_people.aspx,0
savingforcollege.com/family-guide/?sfc_source=SFC_intro8&sfc_medium=SFC_intro8&sfc_campaign=SFC_intro8_freeguide,0
realfemalebodybuilding.com/video/rfb-sitemap,0
policja.pl/pol/zglos-korupcje,0
calgaryherald.com/tag/the-people-project,0
tagzania.com/pt/marmara-university,0
deia.com/2017/03/20/ocio-y-cultura/cultura/el-rock-llora-la-perdida-de-la-leyenda-chuck-berry,0
wikipedia.org/wiki/Marty_Paich,0
nist.gov/about-nist/our-organization/budget-planning,0
hospitalitynet.org/columnist/148003027/alexia-charoupa.html,0
trust-guard.com/security/3187,0
libreriauniversitaria.it/libri-psicologia/psicologia.htm,0
lazada.com.my/brands,0
tovima.gr/world/article/?aid=868801,0
joshinweb.jp/av/310.html?SRT=1,0
elks.org/enf/myaccount.cfm,0
stanstedairport.com/help-and-advice/policies/privacy-policy,0
remax.com/realestatehomesforsale/77554-p001.html,0
quoka.de/infoservice/faq.html,0
fishbase.org/Collaborators/CollaboratorsTopicList.php,0
kff.org/medicaid/issue-brief/5-key-questions-medicaid-block-grants-per-capita-caps,0
nationalacademies.org/legal/privacy.html,0
wikipedia.org/wiki/Orthodox_Judaism,0
shopko.com/thumbnail/Seasonal/Christmas/Christmas-Clothing/Socks-Accessories/pc/13/pc1/73/c/552/1518.uts,0
zoopla.co.uk/for-sale/houses/reading,0
plimoth.org/learn/experiences-schools,0
altitudelondon.com,0
tvseriesfinale.com/tv-show/baskets,0
pissedconsumer.com/state/florida/city/jacksonville.html,0
imdb.com/name/nm0523415,0
saatchigallery.com/artists/yeh_weilei.htm?section_name=postpop,0
danzaballet.com/modules.php?name=News&file=article&sid=3582,0
sportsbusinessdaily.com/Daily/Issues/2017/03/17/Media/Hawk-Harrelson.aspx,0
5ajob.com/c-d-26f7935a560ca1cf-h/43731.html,0
frontgate.com/indoor-furniture/sofas-chairs-benches-ottomans/bookcases-cabinets,0
becomegorgeous.com/pregnancy-parenting,0
ncr.com/company/suppliers,0
gamespy.com/the-war-z,0
muni.cz/o-univerzite/kariera-na-mu,0
indiebound.org/book/9781416955696,0
saatchigallery.com/artists/juliette_losq.htm?section_name=future_exhibitions,0
educationuk.org/planning/health-safety,0
zaliang168.com/news/show.php?itemid=13172,0
tradesy.com/bags/michael-kors-backpack-grey-11813965/?tref=similarLargeTrend,0
expatexchange.com/japan/liveinjapan.html,0
schindler.com/com/internet/en/mobility-solutions/products.html,0
gazette.com/news/local,0
zjxzdz.com/html/productlist/list-128-1.html,0
wartsila.com/products/marine-oil-gas/propulsors-gears/thrusters,0
booking.com/content/cs.html?from_footer=1,0
namejet.com/Pages/Auctions/BackorderDetails.aspx?domainname=slns.com,0
filmweb.pl/film/Godzilla-1998-58,0
znlys.com/a/peixunheying/2012/1108/145.html,0
digitaltutors.com/software/Massive-tutorials,0
aaaa.org/event/advertising-the-law-sweepstakes-contests-promotions,0
oswego.edu/communication-toolkit/web-guide-overview/types-web-publishing-opportunities,0
artsjournal.com/2017/03/can-a-writer-save-the-french-working-class-from-marie-le-pen.html?share=twitter,0
mobile.de/modellverzeichnis/opel/adam.html,0
acog.org/About-ACOG/News-Room/Practice-Advisories/FDA-Warnings-Regarding-Use-of-General-Anesthetics-and-Sedation-Drugs,0
prefixmag.com/reviews/jack-white/lazaretto/77870,0
booking.com/reviews/th/city/vacation-rentals/ko-chang-th.html,0
ally.com/help/bank/account-information.html#what-is-ally-banks-routing-number,0
parafarmacia-online.it/oma/hum-105-week-1,0
ybzhan.cn/offer_buy/detail/491790.html,0
beckett.com/search/?manufacturer=223464,0
horizonhobby.com/category/first-person-view-(fpv)--1/fpv-equipment/lenses,0
udmercy.edu/admission/financial-aid/type/international.php,0
stdaily.com/sipo/index.shtml,0
lightinthebox.com/c/wall-art_904?prm=1.1.c75.0,0
curbly.com/users/merussell,0
uhn.ca/corporate/News/Expert_centre,0
waset.org/topic/Nursing-and-Health-Sciences/2017/07/paris,0
greenvilleonline.com/greenville-SC/medical/audiologists/Custom-Fit-Hearing-864-242-3995,0
urbanthink.ca/links.php,0
jrc.or.jp/press,0
globes.co.il/portal/quotes/sector-indexes,0
moviefanatic.com/quotes/movies/brokeback-mountain,0
macd.cn/?g=http:/www.qhdb.com.cn,0
igromania.ru/articles/1/134,0
dg.gov.cn:8080/cndg,0
alien8recordings.com/store/artists/cpc-gangbangs,0
bornrich.com/spirits,0
eastmoney.com/shibor/default.html,0
php100.com/sjhass/usexny8m,0
ubuntulinux.org/server/hyperscale,0
bgdailynews.com/news/state/winning-numbers-drawn-in-card-cash-game/article_6184baee-209b-5e58-9bb9-d49fa263c642.html,0
taiwantrade.com.tw/products/list/optoelectronic-displays-5986-cateGallery.html,0
macon.com/opinion/editorial-cartoons/article138384838.html#wgt=photos,0
syszyz.org/act/detail?aid=90,0
boku.ac.at/management-administration/besondere-organe-und-einrichtungen,0
qqyy.com/pifu/d4.html,0
empireonline.com/gaming,0
techbargains.com/jump/link/116075?ref=D434367,0
leedsunited.com/lutv/latest,0
eso.org/public/images/archive/category/peopleandevents,0
abramsbooks.com/abrams-categories/food-drink,0
excite.co.jp/world,0
rumormillnews.com/cgi-bin/forum.cgi?noframes;read=68609,0
thirtyhandmadedays.com/be-a-sports-mom,0
experiencefestival.com/pictures_at_an_exhibition_-_arrangements,0
dparseh.com/index.php/component/rsform/form/14.html,0
gov.ro/categorie/1253/rapoarte-si-studii,0
mydrivers.com/1/524/524226.htm,0
allcanadagridiron.info/index.php?option=com_smf&Itemid=99999999&topic=2326.0,0
ncaa.org/about/what-we-do/academics?division=d1,0
lge.com/us/home-audio,0
zikao365.com/fujian/kaowukaoji/wa1510155462.shtml,0
instagram.com/zkmkarlsruhe,0
shoutlife.com/profile_view.cfm?uid=64074,0
weightlosssurgery.ca/en/about/facilities/muhc,0
arstechnica.co.uk/science/2017/03/global-carbon-emissions-continue-to-stabilize-us-has-3-drop/?comments=1,0
timesdaily.com/multimedia/r-a-hubbard-girls-a-state-basketball-champions/video_0e7efb7c-2411-5006-9c33-b9b00f87398b.html,0
nami.org/Get-Involved/Take-Action-on-Advocacy-Issues,0
wildtangent.com/games/turbo-bugs-2,0
stlzoo.org/about,0
fineartamerica.com/shop/duvet+covers,0
wday.ru/stil-zhizny/vibor-redakcii,0
stamfordadvocate.com/local/article/Blumenthal-Dems-set-obstacle-course-for-Gorsuch-11015432.php,0
offcn.com/yinhang/0_0_5_0.html,0
ulaval.ca/www.linkedin.com/company/universite-laval,0
beelink.com/html/201703/content_248775.htm,0
zhizhuxiu.com/news/2355.html,0
angelfire.com/planet/pellerin/pellerin.htm,0
bestfriends.org/our-work/spay-and-neuter-education,0
pgatour.com/past_winners.aspx,0
z47.cn/a/xianning/2013/0724/65323.html,0
orkut.com/preview?nt=orkut.com&tt=Battle+over+Ireland%27s+last+Magdalene+laundry&du=www.whatreallyhappened.com/content/battle-over-irelands-last-magdalene-laundry&cn=Ireland%27s+last+Magdalene+laundry+is+up+for+sale%2C+but+campaigners+want+a+mem...,0
pakistan-karachi.info/Montreal_Royals,0
tagblatt.ch/ostschweiz/stgallen/werdenberg,0
wikipedia.org/wiki/Doremi_Fasol_Latido,0
edie.net/jobs/view_job.asp?id=61821&title=Energy+Manager%2C+University+of+Bath,0
jvctuan.com/a/zhuangban/bailing,0
yomiuri.co.jp/column/ichibyo-sokusai/?from=ytop_ymag,0
interactivebrokers.co.uk/en/main.php,0
afwing.com/pics/1-72-su27p-part1.html,0
ksbw.com/article/see-the-latest-breaking-news-photos-and-videos-on-u-local/1460754,0
motherearthliving.com/wiser-living/empowerment-plan-zb0z1703,0
51sole.com/b2c/b2clist_485_2,0
ribca.net/ibf_new/index.php?show61,0
whoishostingthis.com/hosting-coupons/ipage,0
darksky.org/light-pollution,0
google.com/u=www.funny-games.biz/&langpair=en|ko,0
pinkbike.com/photo,0
tweakyourbiz.com/author/scottragin,0
highlights.com/checkout/cart/addSKUs?qty1=1&sku1=WW0316COTM&form_build_id=form-94CVSB30KA0JiIqeoOopQYpjC317DCXsIIoFHFp-Jp4&form_id=hfc_store_cart_form_club,0
ljmu.ac.uk/research/current-research-opportunities-find-a-phd,0
nicematin.com/medias/video-charlotte-pirroni-lance-sa-chaine-youtube-et-fait-appel-a-ses-fans-121731,0
qq.com/cgi-bin/qf_invite?id=d9abef8da74292a6bee9eab70d55bfb1d8b2d56ed750b759,0
ssense.com/en-us/women/designers/all/clothing/jackets-coats/trench-coats,0
thecalifornian.com/salinas-CA/food-and-beverage/restaurants/Waffle-Shop-831-442-8880,0
sumo.or.jp/IrohaKyokaiMember/yobidashi,0
freedownloadscenter.com/Themes,0
bonanza.com/site_help/user_agreement,0
latercera.com/noticia/sampaoli-lo-bien-viuda-bielsa,0
engelvoelkers.com/blog/2017/majorca-residential-property-market-demand-top-properties-remains-consistently-strong,0
judgepedia.org/index.php/Monti_Belot,0
authorsden.com/go/1.asp?authorID=120281&ref=AuthorsDen.com&destURL=amazon.com/exec/obidos/ASIN/B013XALNJA/authorsdencom,0
doubleclick.net/ddm/clk/294138129;121214234;u,0
goldap.com/List_of_Belgians,0
the-scientist.com/?articles.list/categoryNo/2928/category/Modus-Operandi,0
theleafchronicle.com/clarksville-TN/education/school-districts/Clarksville-Montgomery-County-School-System-931-648-5600,0
piesiecreativity.com/tag/tag5,0
blogspot.com/2010/12/anne-hebert-woman-bathing-from-french.html,0
jonathanturley.org/2017/03/21/hampshire-college-student-allegedly-assaults-basketball-players-for-wearing-braids-as-a-form-of-cultural-appropriate/#more-111737,0
sankei.com./world/newslist/world-n1.html,0
justjared.com/2017/03/20/jennifer-lopez-reveals-the-appeal-of-new-show-world-of-dance/#respond,0
thehersheycompany.com/en_us/food-philosophy/simple-ingredients.html,0
lemonde.fr/musiques,0
news4jax.com/news/stanton-prep-band-director-resigns-amid-allegations_,0
saigontv.tv/saigon/wp-content/uploads/2015/02/HTDT209x209.png,0
elle.es/compras,0
xs8.cn/book/298477/readbook.html,0
adobe.com/fr/plans?store_code=fr,0
freepeople.com/beauty-travel-sets,0
cloudsecurityalliance.org/media-center/press-coverage,0
"kalinkaru.com?""../zyjy/xszz/201510/t20151017_639998.html""",0
caradvice.com.au/feed,0
epnuffic.nl/middelbaar-beroepsonderwijs/orange-carpet-award,0
2010.us/business-economy/opportunities,0
readingeagle.com/apps/pbcs.dll/section?Category=OPINION&Taxonomy=321,0
sg560.com/shop/play123654,0
pima.gov/government/public_health_emergency_preparedness,0
pctipp.ch/downloads/datenverwaltung,0
medu.ir/Portal/Home,0
blitzquotidiano.it/economia/voucher-dopo-lo-stop-e-il-caos-inps-ripristina-le-procedure-di-attivazione-sul-sito-2656737,0
unisg.ch/de/forschung/doktorat/rechtswissenschaft/curriculum/dissertationsphase,0
nhl.com/ice/news.htm?id=566031,0
songlyrics.com/en-vogue-lyrics,0
illawarramercury.com.au/story/4543514/unsolved-wollongong-murder-to-feature-in-film/?cs=4110,0
westga.edu/campus-life/parking/bus-trip-request.php,0
vpro.nl/programmas/2doc/2016/het-verlangen-van-michael-dudok-de-wit.html,0
eachnet.com/5L+d5rm/--151-2.html?_fromid=homepage_CHNlistA11_n&srcid=a3018_29,0
heise.de/meldung/Ueberall-Lego-Nimuno-Klebeband-macht-s-moeglich-3654355.html,0
immobiliaremolteni.com/download/molteni_intermediazione_immobiliare.pdf,0
memphis.edu/admissions/international/apply_intl.php,0
absoluteastronomy.com/topics/List_of_cities_in_California_(by_population),0
mafengwo.net/about/licence.jpg,0
huaxia.com/lnly/index.html,0
appinn.com/author/yushufang,0
tovima.gr/feed/editors/?edid=2966,0
amazon.com/Coastal-Command-Flying-Boats-War/dp/B000NP3ZSG,0
newzimbabwe.com/news-35317-$3m+debt+Hospitals+wont+treat+prisoners/news.aspx,0
prudential.com?1dmy&pswid=Z7_9A0I18C0LOEH50AEEBR39G1T25&urile=wcm%3apath%3a/wps/wcm/connect/portal+site/z6_000000000000000000000000a0/z6_9a0i18c0l0po80am2vkmno2g20/z6_k8hehhg0l8sna0ah0jm7p93757/z6_k8hehhg0l8aaf0ahss1hgq10b7/z6_o26a1k41loitb0al301lae5l76 ,0
primarygames.com/holidays/thanksgiving/thanksgiving.php?utm_source=navMore&utm_medium=navMore&utm_campaign=navMore,0
oneill.com/en/shop/wetsuits/men/skins-uv-protection,0
trueknowledge.com/q/what_happened_on_13_january_1979,0
theargus.co.uk/li/sold_house_prices_street_list.in.Brighton,0
google.ru/intl/ru/services,0
maricopa.gov/Layout/WidgetSiteTools/SiteToolLinks/MyAccount,0
local.ch/de/q/Abschleppdienst.html,0
ycombinator.com/people,0
disneylandevent.com/tsm/kezr,0
smartertravel.com/2017/03/20/best-health-apps-for-travelers,0
linwoodcity.org,0
mediamarkt.de/de/category/_mikrowellen-596014.html,0
lovefilm.com/browse/contributor/53805/Sean_Harris.html,0
deccanchronicle.com/lifestyle/viral-and-trending/190317/the-miniature-artist-and-the-art-of-the-matter.html,0
kitchenaid.com/countertop-appliances/toasters/ ,0
jeuneafrique.com/418865/politique/maroc-premieres-consultations-de-saadeddine-el-othmani-former-nouveau-gouvernement-commencent-mardi,0
waterstones.com/author/clemens-meyer/95308,0
hrwcolombia.com/index.php/tienda-on-line-y-pedidos/accesorios/panoletas-detail,0
friendsy.org,0
rozetka.com.ua/news-articles-promotions/articles/80137/2348.html,0
wealink.com/zhiwei/view/30743645,0
thinkgeek.com/accessories/ties-cufflinks,0
hepsiburada.com/avon/parfumler-c-341406,0
unan.edu.ni/index.php/noticias/cies-inaugura-segunda-cohorte-de-doctorado-en-ciencias-de-la-salud/#respond,0
hnxtjl.com/cctv/laopai.asp,0
qbaobei.com/hybk/fm/fmzz/20130108_246541.html,0
hood.de/auto-motor/teile-zubehoer-fuer-motorraeder,0
bangkokpost.com/news/politics/1218293/reconciliation-contract-due-in-june-prawit,0
hamburg.de/tickets/c/52/theater.html,0
wikipedia.org/wiki/Maurice_Rinfret,0
fin24.com/Finweek/Personal-finance/protecting-your-identity-20170306,0
gog.cn/system/2017/03/09/015479258.shtml,0
thegrocer.co.uk/adam-leyland/21.bio,0
flickr.com/photos/physicsteachers,0
bebesymas.com/esports.xataka.com?utm_source=bebesymas&utm_medium=network&utm_campaign=favicons,0
metropolismag.com/cities/transportation,0
vg247.com/2017/03/20/destiny-take-a-look-at-how-different-some-of-the-returning-raid-gear-looks-with-new-ornaments/#comments,0
gmfus.org/offices/washington-dc,0
colindye.com,0
kicker.de/news/fussball/em/startseite.html,0
punto-informatico.it/s_4364841/Download/News/kdenlive.aspx,0
twitter.com/intent/tweet?in_reply_to=843370863302991872,0
profilecanada.com/companydetail.cfm?company=794848_High_Times_II_Pont-Viau_QC,0
hainan.net/zixun/2017/03/16/3358793.shtml,0
elasticbeanstalk.com/mp/mobile/?nc2=h_l3_ms,0
jellybelly.com/jelly-belly-jelly-beans/c/335,0
hood.de/i/rhino-vx-54-r-vx54-bootsmotor-elektrobootsmotor-12v-35556768.htm,0
alcoa.com/global/en/contact/general.asp,0
utah.gov/residents/citandcom.html,0
renttherunway.com/stories/nycflagship,0
spoke.com/companies/alexco-resource-4f243de83ae4b24cf7000233,0
jenforum.com/cgi-bin/print.cgi?warren::8295.html,0
goockr.com/project/project.detail/?UserKey=-IMX287-,0
kolotv.com/content/news/Nevada-legislature-looks-at-ERA-and-sanctuary-cities-416657143.html,0
thetandd.com/weather,0
pucp.edu.pe/la-universidad,0
waynefarley.com/aviation/2009/10/air-traffic-controllers-celebrate-atc-day,0
metwashairports.com/www.mwaa.com/about/citizen-online-police-reporting,0
macdigger.ru/tag/gadzhety,0
waset.org/topic/Law-and-Political-Sciences/2017/08/boston,0
pearson.com/efficacy-and-research/our-methods/content-analytics--efficacy-explained/how-content-analytics-are-used-to-support-learning.html,0
amazon.com/Ash-Wednesday-Jimmy-Burke/dp/B00007L4KT,0
jmtmg.com/About/Enviro,0
job-hunt.org/onlinejobsearchguide/job-search-scams.shtml,0
39.net/sh/yaochang/69af4.html,0
beautylish.com/shop/browse?category=cc-creams-and-primers&ref=menu,0
reformal.ru/blog/?p=452,0
deer-digest.com/tag/symptoms,0
php100.com/sjhass/ygfasgtt,0
balkaninsight.com/en/page/albania-politics-and-society-home,0
ncl.ac.uk/about/structure/management,0
seattlepi.com/news/crime/article/US-snuffs-pot-fans-plans-to-party-on-Indian-land-10975524.php,0
fancai.com/caidan/1523,0
highpoint.edu/residencelife,0
3366.com/game/114728.shtml,0
ski-ontario.com/ski-dir/Ski_Resorts-GTA_Toronto.html,0
domaindlx.com/dotster/email/gmail-for-work.bml,0
idolator.com/7624901/rihanna-co-writer-bibi-bourelly-anti,0
washingtonpost.com/news/powerpost/wp/2017/03/16/key-senators-say-they-have-no-evidence-that-trump-tower-was-wiretapped/?hpid=hp_hp-more-top-stories_wiretapping-845am%3Ahomepage%2Fstory&utm_term=.32031297500b,0
geology.com/records/deepest-lake.shtml,0
chicagoreader.com/chicago/SubscribeEmailNewslettersLists/Page,0
hammacher.com/Category/Home-Living-Air-Quality?promo=topnav_home_air_quality,0
360che.com/news/170117/74428.html,0
saratoganygenweb.com/maplwdss.htm,0
aetherius.ru/index.php?/profile/1178-bushwalker,0
jppt/online,0
astro.com/cgi/scart.cgi?lang=e,0
moducopy.co.kr/bbs/sns_send.php?longurl=http%3A%2F%2Fmoducopy.co.kr%2Fshop%2Fitem.php%3Fit_id%3D1462172331&title=BS_08%28%EC%B4%88%EB%8C%80%EC%9E%A5%2B%EB%B4%89%ED%88%AC%2B%EC%8A%A4%ED%8B%B0%EC%BB%A4+%EB%AC%B4%EB%A3%8C%29&sns=naverband,0
51edu.com/gaozhong/gaoer/huaxue/tongbulianxi,0
mangareader.net/cheese-in-the-trap/146,0
koszalin.pl/pl/page/nagrody-w-dziedzinie-sportu,0
philips.com/c-m-pe/medication-dispensing-service,0
food.gov.uk/science/additives/enumberlist,0
mail.com/entertainment/lifestyle/5051960-lessons-learned-veronica-roth.html#.7518-stage-mm2s2-2,0
bmbf.de/de/lernen-in-europa-303.html,0
jaycar.com.au/alarm-asset-protection/home-commercial-alarms/diy-panels-accessories/c/620A,0
motorsport.com/moto3,0
sherdog.com/threads/3496357,0
youtube.com/watch?v=O9jun66kLrA,0
ut.ee/et/oppimine/e-ope/sundmused/elounad,0
vpro.nl/programmas/oudtopia.html,0
mylovedebony.com/free/pics-movies/erika/backster.html,0
discover.com/online-banking/savings-account/?ICMPGN=PUB_HNAV_BANK_SAVINGS,0
jurnalul.ro/editie-de-colectie/anda-calugareanu-3-septembrie-2007,0
cndw.com/news/2015/0616/685.html,0
4travel.jp/travelogue/11220679?lid=20140423_4travel_top_dm_travelogue_pickup,0
stupidedia.org/stupi/Kategorie:Rechtswissenschaft,0
stormfront.org/forum/member.php?u=32196,0
kentuckyfriedwrestling.com/theword2/you-finds-joe-leducs-blood-oath-on-memphis-wrestling,0
ibs.it/fai-bei-sogni-blu-ray-film-marco-bellocchio/e/8032807067230,0
dailystar.co.uk/travel-news-cheap-uk-holidays-luxury-breaks-more-daily-star/597871/france-fairytale-castles-beaches-seaside-town-marseille-collioure,0
collider.com/edgar-wright-ben-wheatley-sightseers/109371,0
ebags.com/category/electronics/home-automation,0
marinecorpstimes.com/articles/us-marines-romanian-troops-hold-black-sea-exercises,0
yournewswire.com/category/news,0
orientaltrading.com/party-supplies/invitations-and-stationery/card-boxes/wedding-a1-553114+98.fltr,0
locaweb.com.br/solucoes-de-streaming,0
metronorthmallkc.com,0
indybay.org/international/palestine,0
arstechnica.com/science/2017/03/with-a-10-day-supply-of-opioids-1-in-5-become-long-term-users/?comments=1,0
lifeboat.com/ex/bios.marcin.milkowski,0
sacbee.com/site-services/databases/article20184648.html#navlink=subnav,0
php100.com/sjhass/vwpvnfqu,0
openpetition.de/petition/online/tierversuche-ueberarbeitung-der-regelungen-zu-tierversuchen-zur-beseitigung-von-verstoessen-gegen-eu,0
zol.com.cn/quanzi,0
imagemagick.org/script/../script/architecture.php#virtual-pixels,0
tvline.com/2017/03/20/shut-eye-renewed-season-2-hulu/#tvline-comments-808391,0
thesimsresource.com/helpcenter/privacy,0
miss-fit.pl/index.php/oferta-2/dla-xxl/75,0
uow.edu.au/about/community/update/index.html,0
cakecentral.com/recipe/15036/peppermint-bark,0
33lc.com/soft/2990.html,0
scnow.com/sports/outdoors,0
stackoverflow.com/questions/tagged/jogl,0
ydr.com/story/entertainment/arts/blogs/artist-bloc/2015/03/31/easter-bunny-finder/31933599,0
puma.com/en_US/men/accessories/bags,0
livescore.com/soccer/world-cup-u20,0
pingshu8.com/MusicList/mmc_198_5334_1.htm,0
wikia.com/wiki/Paul_Fendley,0
szhk.com/2017/03/21/282965039174016.html,0
yelp.com/biz/senate-restaurant-cincinnati,0
iosco.org/about/?subsection=display_committee&cmtid=20,0
classictvhits.com/cast.php?id=4561,0
containerstore.com/s/gift-packaging/containers/12,0
lainformacion.com/2017/03/20/deporte/futbol/Hallan-McBride-capitan-Derry-City_1009710457_124759866_194x109.jpg,0
manta.com/c/mm02f4v/ralph-bunche-high-school,0
comporium.net/~rmorency/alpha_names.htm,0
framesdirect.com/landing/a/sitemap.html,0
ksta.de/nrw/rekonstruktion-die-behoerden-irrfahrt--die-im-terroranschlag-muendete-26229614,0
keek.com/hashtag/pretty,0
mobile.de/modellverzeichnis/ford/mondeo.html,0
charterbusconnect.com/charters/Joliette/QC,0
shoppersdrugmart.ca/en/beauty/brands/dasani,0
foodmanufacture.co.uk/Equipment-Services/Environment/Esker-Ltd,0
epochtimes.ru/front/fp-popular-gallery,0
sparkfun.com/account/mobile_toggle?redirect=%2F,0
drury.edu/studyabroad,0
donews.com/news/detail/1/2948975.html,0
caribbeaninternettelevision.net,0
gosugamers.net/forums/discussion/1081341,0
maigoo.com/maigoo/1239sb_index.html,0
ocpwebserver.com/mpinfonew/UploadTender/ViewFile.aspx,0
ntnews.com.au/news/northern-territory/don-dale-guard-says-he-was-made-scapegoat-for-tear-gassing-incident-involving-youth-detainees/news-story/b42f6c9b967565b3822e53226f1868c2,0
daiso.kz/index.php/dekorativnaya-kosemtika/rumyana-i-bronzatory,0
waatp.com/people/ana-corea/2958775,0
yandex.ru/stat/?id=24354832&from=informer,0
hotair.com/tags/supreme-court,0
techsupportforum.com/forums/f109,0
wareseeker.com/free-necrologie-journal-de-montreal,0
food52.com/shop/referrals,0
staples.ca/en/Poly-Bags-Film-Tubing/cat_DP9258_2-CA_1_20001,0
terramedia.co.uk/reference/law/UK_media_law/FilmsAct1985.htm,0
iucr.org/books/international-tables/volume-d,0
brooksbrothers.com/on/demandware.store/Sites-brooksbrothers-Site/default/Wishlist-Show,0
cfr.org/publication/video.html,0
knoxnews.com/news/columnists,0
newspapers.com/help,0
d.cn/game/57701.html,0
nrf.com/advocacy/policy-agenda/tax-reform,0
youtube.com/watch?v=KKwk1xOABqQ,0
leiphone.com/resWeb/images/ICP.jpg,0
pressdemocrat.com/lifestyle/6784480-181/dear-abby-man-suspects-wifes,0
uconn.edu,0
lasprovincias.es/economia/201703/21/trono-vacante-jose-luis-20170321002448-v.html,0
heraldcourier.com/news/outback-steakhouse-to-relocate-from-exit-to-the-pinnacle/article_6736e39d-4d9d-5a60-be19-ef0630df2c50.html,0
extensis.com/company/customers,0
benq.com.cn/prj/i920,0
loreal-paris.fr/gammes/mega_volume_miss_hippie.aspx,0
gamereactor.eu/images/?product=30571&sid=d12f521702374f4f81bdde9048c43b15,0
theenergycollective.com/category/fuels/renewables,0
google.com/u/0/b/112312771686268124435,0
museumofflight.org/Explore-The-Museum/Collections-and-Research,0
cnncw.cn/2017/0321/155332.shtml,0
yashihuisuo.com?zhuanjia/bowen/17547.html,0
eac.int/resources/documents/eac-development-strategy-v4,0
lainformacion.com/2017/03/20/arte-cultura-y-espectaculos/animacion/Barrio-Sesamo-presentara-Julia-personaje_1009710929_124773154_194x109.jpg,0
yuloo.com/slschool/bfsu,0
airwar.ru/sm/052.html,0
barnesandnoble.com/w/the-skinnytaste-meal-planner-gina-homolka/1122258076,0
verybestbaking.com/recipe-box/my-favorites,0
infobae.com/tendencias/nutriglam/2017/03/19/los-10-errores-que-todos-cometen-durante-una-dieta,0
chicagobreakingnews.com/news/local/breaking/ct-man-61-found-shot-dead-in-garage-in-south-lawndale-20170222-story.html#nt=barker&bn=Barker%2006%20-%20In%20Case%20You%20Missed%20It,0
ljworld.com/news/2017/mar/17/letter-editor-give-trump-chance,0
e-monsite.com/www.e-monsite.com/pages/conditions-generales-de-vente.html,0
jjxw.cn/shouye/zsck/xzjg/wnjtj,0
dyhjw.com/gold/20170320-04843.html,0
netscape.com/www.aol.com/shop,0
bbc.co.uk/uk-politics-39330702,0
punto-informatico.it/timewarp.aspx?t=9/3/2017,0
gks.ru/free_doc/new_site/pobeda70/pobeda70.html,0
androidrootguide.com/page/3,0
borders.com/b/barnes-noble-stores-bestsellers/_/N-1p2x,0
siriusxm.com/servlet/Satellite?c=SXM_PageDetail_C&childpagename=SXM%2FSXM_PageDetail_C%2FOpenContent&cid=1282009992034&p=1282009729912&pagename=SXM%2FWrapper,0
kohls.com/catalog/lighting.jsp?CN=Department:Lighting&cc=for_thehome-TN3.0-S-LampsLights,0
gdzjdaily.com.cn/zjxw/content/2017-03/19/content_2204185.shtml,0
womentowomen.com/womens-health-testing/understanding-test-results-necessary-for-womens-health-maintenance,0
mytheresa.com/en-de/clothing/tops/t-shirts.html,0
php100.com/sjhass/8w5vhjj3,0
telenor.se/CoveragePortal5_bb/?profile=bb,0
more.com/entertainment/fun,0
pmi.org/about/ethics/complaints,0
13wham.com/sports/local-sports/ad-wildhack-coach-boeheim-to-discuss-contract-extension-hopkins-departure,0
exeideas.com/2017/03/analyzing-customers-lifetime-value.html,0
justbeauty4ever.com/swby/12-ki-ageng.html,0
beva.com/kan-er/c10106--hei-xiao-kui-hua.html,0
miloserdie.ru/campaign/ya-boyus-govorit-s-nim-o-budushhem/#help-form,0
visitmt.com/things-to-do/family-fun.html,0
adactio.com/journal/tags/development,0
psychics4today.com/go/psychicsource,0
prosieben.de/stars/star-datenbank/andreas-bourani,0
murata.com/en-global/about/csr?intcid5=com_xxx_xxx_cmn_nv_xxx,0
calstatela.edu/sites/default/files/groups/Department of Public Safety/clery_2015.pdf,0
eurogamer.net/articles/digitalfoundry-2017-fast-rmx-showcases-switches-power-over-wii-u?utm_source=eurogamer&utm_medium=event_header&utm_campaign=nintendo_switch_launch,0
onebigtorrent.org/search/Arashi+All+The+Best+1999+2009+Flac+Torent,0
fanpop.com/clubs/ice-age,0
cpj.org/americas/st-vincent-and-the-grenadines,0
osdn.jp/projects/fess/news/25468,0
loveme.com/cruise/cruise.html,0
homes.com/Real_Estate/CO/City/VIRGINIA%20DALE,0
bp.com/en/global/corporate/about-bp/board-and-executive-management/the-board/dame-ann-dowling.html,0
tvkultura.ru/brand/show/brand_id/20927,0
1news.az/world/20170320125921916.html,0
51auto.com./morecity_files/morecity.htm,0
hollywood.com/celebrity/194291/Ub_Iwerks_Biography,0
caikuu.com/gupiao/bankuai/3401860.html,0
humanism.org.uk/about/h4bw/campaign-updates,0
superdrug.com/Health/Conception-Aids/c/health-conception,0
bis.org/statistics/relcal.htm?m=6%7C346%7C642,0
globeimmi.com/Country/australia.shtml ,0
washingtonpost.com/business/on-leadership,0
netzpolitik.org/2017/tatort-goes-darknet-wir-sind-doch-nicht-die-nsa/#comments,0
ideamensch.com/gustav-degerman,0
caixin.com/2017-03-15/101066267.html,0
gsk.com/en-gb/research/open-innovation/africa-ncd-open-lab,0
groovy-beats.com/station/no-more,0
nuomi.com/cx.nuomi.com,0
dayoo.com/china/201703/17/139997_50988841.htm,0
tce9.com/sousuoyouhua/2013/0920/23416.html,0
populared.org,0
hr.com/en/magazines/workforce_management_excellence_essentials/march_2017_workforce_management,0
agronet.com.cn/Sell/List_oc145.html,0
apc.org/en/pubs/guides,0
faz.net/mediaportal,0
driveuconnect.com/system/dodge/?year=2015?origin=d,0
beds.ac.uk/research-ref/rgs,0
inkscape.org/en/community/mailing-lists,0
ks5u.com/tbbk/Index.asp?Id=090210,0
twitter.com/share?url=www.engadget.com/video/58c45d01cebcea1722f768aa&text=The%20Mummy%20VR%20Experience%20%7C%20SXSW%202017&via=engadget,0
partycity.com/category/costume+accessories.do,0
focusongod.com,0
olemiss.edu/aboutum/history.html,0
ruyr/m/index.html,0
sandiegoreader.com/news/2017/mar/09/travel-antelope-canyon-no-filter,0
haibao.com/life/article/2467098.htm,0
qrz.ru/sitemap/page193.html,0
handelszeitung.ch/konjunktur/fed-schliesst-mehr-als-drei-zinsschritte-nicht-aus-1365669,0
avclub.com/review/pete-davidsons-drowsy-charisma-buoys-uneven-stand--244654,0
klkntv.com/story/34950168/unruly-passenger-causes-southwest-plane-to-land-in-omaha,0
trb.org/CommitteeandPanels/SafetyIDEA.aspx,0
pamperedchef.com/recipe/Desserts,0
travellers-autobarn.fr/location-camping-car-australie/van-hi5,0
muskingum.edu/gradstudies/map,0
ut.ee/et/kontakt/teaduskool,0
archlinux.org/packages/community/x86_64/netdata,0
visitadirondacks.com,0
songsforteaching.com/fingerplays/index.htm,0
uuu9.com/19329,0
csnbayarea.com/giants/giants-will-smith-exits-game-set-mri-after-again-feeling-pain-elbow,0
rei.com/b/the-north-face,0
pugetsound.edu/welcome,0
lead411.com/Todd_Nelson_468379.html,0
mylife.com/c-2745007864,0
virtualtourist.com/travel/North_America/United_States_of_America/Missouri/Westport-818966/Things_To_Do-Westport-TG-C-1.html,0
tengrinews.kz/crime/ustanovlena-lichnost-derzkoy-vorovki-popavshey-kameryi-314547,0
pinterest.com/pin/create/button/?url=http%3A%2F%2Fwww.fontspace.com%2Fbilly-argel%2Fshave-the-whales-personal-use&media=http%3A%2F%2Fimg.fontspace.com%2Fgallery%2F777x389%2F2%2Ff526be3e31fc4c59800473c24ae24315.png&description=Free%20font%20Shave%20the%20Whales%20Personal%20Use%20by%20Billy%20Argel,0
spoke.com/companies/northern-dynasty-minerals-5110897a3ae4b21ff0000eb3,0
technovelgy.com/ct/Current-News.asp?offset=2000,0
lazada.com.my/shop-cameras/apacer,0
tatar-inform.ru/news/2017/03/21/544338,0
his-j.com/CA/YVR,0
techcrunch.com/video/so-hype-for-hyperloop-crunch-report/58bf44d4bbbb0a33b447e229,0
trutv.com/library/crime/serial_killers/notorious/manson/murder_1.html,0
chinapp.com/pinpai/1393,0
comshop/ct/conference-technology/product-line/interpreter-systems.html,0
file-extensions.org/slf-file-extension-jagged-alliance-2-game-file,0
snafu.de/rootserver/atomserver_xl,0
santana.com/carlos/default.aspx,0
nwmissouri.edu/assessment/index.htm,0
youtube.com/watch?v=MhSmuDWqBvU,0
511tactical.com/company-info/careers,0
facebook.com/dialog/share?app_id=132746074315&display=popup&href=https%3A%2F%2Fengadget.com%2F2017%2F03%2F18%2Faccuweather-now-lets-you-look-at-the-forecast-in-virtual-reality%2F,0
gazprom.ru/accessibility,0
broadcom.com/products/ethernet-connectivity/controllers,0
australianmuseum.net.au/blogpost/museullaneous/sir-david-attenborough-visits-the-am,0
cndog.net/jibin/z20.htm,0
ebaumsworld.com/user/profile/nyyank257,0
genealogy.com/robertson/page32.html,0
jmw.com.cn/xm167832,0
century21jinya.jp/list/1-14-15/0-30000000-20000000,0
royalalberthall.com/tickets/dayplanner?performance=2017-07-10,0
kuam.com/link/752320/isla63-am,0
huffingtonpost.ca/news/alberta-video,0
raptureready.com/articles-archives,0
rei.com/c/snowboard-bindings,0
ecapcity.com/new-era-fitted-hats/mlb-new-era-hats/montreal-expos-35th-anniversary-road-59fifty-new-era-fitted-caps.html,0
asisonline.org/ASIS-Store/Products/Pages/Emergency-Management-Concepts-and-Strategies-for-Effective-Programs.aspx,0
cnn.com/football/nfl/rosters/kansas-city-chiefs/byLAST_NM.html,0
leroymerlin.fr/v3/p/tous-les-contenus/bien-choisir-sa-barre-a-rideaux-l1308216397,0
dailym.ai/news/article-4333712/Bullfighter-gored-rectum-1-160lb-beast.html#video,0
energystar.gov/campaign/takeThePledge,0
365psd.com/istock/vector-abstract-technology-telecoms-innovation-background-878337,0
annefrank.org/en/Shop/Books/Anne-Frank-House---A-museum-with-a-Story--,0
vitals.com/doctors/Dr_Steven_Dudek.html,0
21wecan.com/zpqz/zpxx/f2f56298b115cf3af040e45ae76d04d6.html,0
vault404.com/awfulcopter/awfulcopter92A.mp3,0
dragcity.com/artists/cate-le-bon,0
associazionedonchisciotte.it/wp-content/uploads/2012/12/DSC2358.jpg,0
samsungmobilepress.com/press/Samsung-Galaxy-S7-edge-Named-Best-Smartphone-2016-at-Mobile-World-Congress-2017?2017-02-27,0
tigerdirect.com/applications/SearchTools/item-details.asp?EdpNo=3869826&sku=7527945&cm_re=Homepage-_-Zone4_2-_-CatId_36_7527945,0
medu.ir/portal/home,0
rumormillnews.com/cgi-bin/forum.cgi?noframes;read=63232,0
bismarcktribune.com/entertainment/roman-polanski-s-lawyer-asks-judge-to-give-clue-on/article_7b145ff0-3db8-5c09-9e9e-49a200f14375.html,0
swin.edu.au/corporate/feedback,0
autoa.it/usato/fiat-panda-lounge,0
adobe.fr/mena_en,0
wmur.com/article/viewers-choice-2017-best-corned-beef-and-cabbage/9113372,0
toysrus.com/category/index.jsp?categoryId=21646256,0
vh.org/health-library/ask-expert-my-fireplace-safe,0
tennessee.edu/it_it0110,0
moviepilot.de/movies/get-out,0
cs.com/pf/story.jsp?idq=/ff/story/0002/20170320/KBN16R1C1_2.htm,0
fnac.com/TV-OLED/Par-technologie/nsh371170/w-4#bl=MMtvh,0
10news.com/weather/interactive,0
toprankblog.com/category/influencer-marketing-2,0
canaldoserralheiro.com.br/contact,0
nyasatimes.com/st-patricks-seminary-alumni-donates-k9mil-minibus-alma-mater,0
oakland-website.com/transportation.html,0
ohhappyday.com/products/gold-foil-tablecloth?variant=36883654854,0
yjc.ir/fa/cyberspace/237,0
netgear.com/home/products/networking/wifi-routers,0
clarin.com/deportes/futbol/marcelo-tinelli-designado-presidente-comision-selecciones-nacionales_0_ryVIlaaje.html,0
cgp.si/en/Contact,0
tias.com/other/trustedMerchantOverview.html,0
hf365.com/system/2017/03/20/015207283.shtml,0
gsk.com/en-gb/careers/explore-our-business/research-and-development,0
gu.se/omuniversitetet/aktuellt/nyheter/detalj/manga-nya-besokare-pa-grammatikfestivalen-2017.cid1432034,0
netleagues/list_by_category/24/Minor-Pro_Hockey/logos,0
thefrisky.com/page/2,0
tunein.com/radio/The-Big-DM-1013-s23718,0
andreasviklund.com/learn/tutorial-building-your-first-website-using-a-free-website-template-part-4,0
radio-canada.ca/tele/l-epicerie/2016-2017/segments/produitvedette/18261/produit-vedette-saumon-sockeye,0
e2315.com/html/363.html,0
montblanc.com/en-us/collection/men-s-accessories.filter.html,0
vatgia.com/home/listudv.php?iCat=850&p6=452650,0
europapress.es/ciencia/misiones-espaciales,0
podtrac.com/npr-510200/npr.mc.tritondigital.com/NPR_510200/media/anon.npr-mp3/npr/specials/2017/03/20170314_specials_storycorps497.mp3?orgId=1&d=847&p=510200&story=520148508&t=podcast&e=520148508&ft=pod&f=510200,0
wikipedia.org/wiki/Sugar_Sammy,0
disney.co.uk/collections/movies-4fb17b7524db482726748a27,0
cnes.fr/fr/theses-post-doctorats,0
basf.com/us/en/company/career/why-join-basf/what-we-are-like.html,0
teacherspayteachers.com/Browse/Type-of-Resource/Learning-Systems?ref=filter/resourcetype/top,0
composts/2598145,0
understandingculturaldiversity.com/npogf/manepalpa.html,0
mylife.com/c-2476535920,0
chinasigns.cn/member/edit.php?tab=2,0
imdb.com/name/nm0545352,0
apcmag.com/tag/masterclass,0
maxon.net/en/news/events/detail/fmx-stuttgart,0
snxhyy120.com/nxbyTec,0
azsos.gov/events/1052,0
netapp.com/us/company/about-netapp/index.aspx,0
gameinformer.com/games/arms/b/switch/archive/2017/03/20/springing-into-action.aspx,0
osxdaily.com/tag/ios,0
house.gov/cgi-bin/vote.asp?year=2017&rollnumber=169,0
mad-piscine.fr/les-douches/89-douches-solaires-pre-laquees-version-droite.html,0
travelodge.co.uk/uk/hotels-in-bedford,0
columbiatribune.com/themove/#utm_source=columbiatribune.com&utm_campaign=mobile-nav-left-below-menu&utm_medium=direct&utm_term=the%20move&utm_content=4,0
salzburg.com/nachrichten/freizeit/veranstaltungen,0
dekra.de/de/fuhrparkhalter,0
greatnonprofits.org/nonprofits/Q/1,0
barclays.com/careers/our-roles/research-insight-and-strategy.html,0
job1001.com/myNew/resume/ResumePreview.php?ResumeId=job10011931406308&gjTag=&r=5b93e490006b67ec42c2553189e48782e4dfc,0
joyo.com/gp/help/customer/display.html?ie=UTF8&nodeId=200347130,0
chopho.vn/ky-nang-mem/lam-doanh-nhan-giong-chay-marathon-cach-nao-de-gianh-chien-thang-1101.html,0
joeditzel.com/content/i-am-comic-documentary,0
travelodge.co.uk/uk/attractions/hotels-near-02,0
foodqs.cn/pack/pack_view_184762.html,0
51test.net/toefl/zt,0
rumormillnews.com/cgi-bin/forum.cgi?noframes;read=59834,0
wikipedia.org/wiki/Lynette_Sweet,0
stzp.cn/adv/adtrace.aspx?id=97384,0
unjs.com/Article/xz/cz,0
discogs.com/search/?country_exact=Samoa,0
comatlassian-rest-module/3.3.1/atlassian-rest-module,0
youtube.com/watch?v=3DuGuojipdQ,0
bjx.com.cn/html/20170320/815353.shtml,0
shanghaidaily.com/AustraliaPlus/Industry-Super-releases-the-hounds-on-foxy-banks-in-new-ad/shdaily.shtml,0
dzone.com/mobile-app-developer-tutorials-tools-news/list,0
chinahr.com/beijing/jobs/50124,0
khronos.org/conformance/adopters,0
hr.com/en/magazines/workforce_management_excellence_essentials/july_2016_workforce_management,0
paris.org/actualites/paris-fete-la-22e-semaine-de-la-langue-francaise-de-la-francophonie-4640,0
casabatllo.es/prensa/?option=a3,0
ncnnews.com/nphweb/html/ncn/printerFriendly.jsp?id=1210&sid=10000006,0
333200.com/about/default-18.html,0
stormfront.org/forum/member.php?u=280842,0
orgen/statistics,0
cspinet.org/eating-healthy/what-eat,0
61.132.0.36:8090/lygnet/lynet-sj/individualCenter/main_center.jsp?topGroup=5&adminType=GRBS,0
healthcare-informatics.com/article/payment/breaking-news-trump-administration-s-proposed-federal-budget-includes-181-billion,0
glitterfy.com/graphics/H2O_Just_Add_Water,0
foodqs.cn/fashion,0
cityu.edu.hk/sites/newscentre/en/Pages/201703201000.aspx,0
imodules.com/s/1333/16/home.aspx?sid=1333&gid=1,0
photofunia.com/categories/all_effects/roses,0
thieme.de/de/378.htm,0
aoyou.com/Seasonal/shujia,0
nejm.org/action/clickThrough?id=11316&url=%2Fclinical-practice-center%3Fquery%3Dfeatured_home&loc=%2F&placeholderId=1075&productId=1094,0
driverguide.com/driver/device/Video-Drivers.html,0
onemodelplace.com,0
linkedin.com/in/tomwgibson,0
dyhjw.com/gold/20170310-85188.html,0
nbcuni.com/business/universal-pictures-home-entertainment,0
princess.com/cruise-vacation-planning-dashboard/home.do,0
bbb.org/wisconsin/business-reviews/reading-instruction/bee-reading-in-beloit-wi-1000006360,0
laoqianzhuang.com/zhongchanshenghuo,0
wordpress.com/category/interviews/mark-sultanbbq,0
arcadia.edu/node/3076,0
hmv.co.jp/3_900_917_917005,0
reviewinhaiku.com/post/157744678120/moonlight,0
ferc.gov/about/ferc-infographic.pdf,0
ezinearticles.com/training,0
theneworleansadvocate.com/site/terms.html,0
baseball-reference.com/bullpen/June_Peppas,0
channelnewsasia.com/news/world,0
tmonews.com/2017/03/t-mobile-customers-free-mlb-tv-premium-subscription-april-4,0
castrol.com/nl_be/belgium.html,0
douyu.com/directory/game/Overwatch,0
aec.at/export/de,0
epinions.com/review/hmgd-Small_Appliances-All-Salton_Maxim_BreadMan_Ultimate_Professional_Bread_Maker_TR2200C/content_72476036740,0
massfit.pro/brands/europharm,0
eulenkradfernbedienung/bmw/bmw-mini-cooper/index.html,0
wbtw.com/page/3,0
amazon.com/exec/obidos/ASIN/1558601910,0
dnkb.com.cn/archive/info/20160428/102636596664955_1.shtml,0
nouvelobs.com/rue89/rue89-sur-les-reseaux,0
histopolis.com/Place/US/MO/Platte_County,0
eventbrite.ca/eventbriteapp,0
ifmo.ru/ru/newslist/news_list.htm,0
wrox.com/WileyCDA/WroxTitle/Beginning-C-6-Programming-with-Visual-Studio-2015.productCd-1119096685.html,0
potterybarn.com/shop/accessories-decor/all-mirrors/?cm_type=gnav,0
asharqalawsat.com/home/international/section/economy,0
custommade.com/search/collections/for-him,0
stzp.cn/adv/adtrace.aspx?id=98015,0
igi-global.com/research-essentials,0
spokeo.com/Oscar+Holman,0
nytimes.com/pages/style/international/index.html,0
chea.org/4DCGI/cms/review.html?Action=CMS_Document&DocID=55&MenuKey=main#conf-pres,0
webappers.com/category/components/instant-messaging,0
akc.org/events/scent-work,0
cinquainlace.com/index.php?m3pgq/m9ugcg.html,0
weblio.jp/category/engineering/kskyg,0
lyricsmode.com/lyrics/y/your_favorite_enemies/no_time_left_for_confusion.html,0
acadian.org/fortbeau.html,0
chemnet.com/Global/Products/Inorganic-chemicals/Inorganic-alkali/Directory-1.html,0
fox2detroit.com/news/us-and-world-news/242678901-story,0
youtube.com/user/plannedparenthood,0
politiken.dk/navne/doedsfald,0
kweekweek.com../../bellmonte/cherry-blossom-spring-festival,0
citynoise.org/article/9697,0
yellowpages.ca/bus/Quebec/vipmontrealescorts-ca/4223963.html,0
cnshop/class/?8.html,0
city-data.com/city/Rhode-Island.html,0
dpdhl.com/de/presse/pressemitteilungen/2017/dhl_ruft_innovationswettbewerb_aus.html,0
filetram.com/download/4shared/books/8620024805/si-la-vida-es-un-juego-estas-son-las-reglas-del-cherie-carter-scott-averig%C3%BCe-por-qu%C3%A9-me-encanta-pdf,0
51auto.com/bozhou,0
facebook.com/societyforhumanresourcemanagement/posts/10154552714668042,0
nowec.com/splist/1038191_1038192,0
kck.st/discover/categories/art/painting?ref=discovery_overlay,0
firstculinary.com/licwz/www.dast-hindi-singar-song-2017.com.html,0
sex.com/videos/girlfriend,0
cmjornal.pt//cm-ao-minuto/detalhe/quatro-indonesios-sao-mais-ricos-que-os-100-milhoes-mais-pobres-do-pais,0
xing.com/people/x,0
news.de/sport/855661475/bvb-ingolstadt-live-stream-bundesliga-heute-sky-tv-uebertragung-online-ticker-ergebnis-aufstellung-borussia-dortmund-fc-ingolstadt/1,0
house.gov/contact.shtml,0
sofa-asia.com/live,0
michellemalkin.com/2017/03/14/laugh-of-the-day-former-obama-staffers-launch-nonpartisan-trump-watchdog-group,0
mainetoday.com/photo,0
galeria-kaufhof.de/marken/comma.html,0
art8m.com/tags.php?/%CC%D5%B4%C9,0
moko.cc/projectlist/page/1.html,0
hema.nl/winkel/kind/kinderverzorging/veiligheid-zonnebrand-kind,0
parliament.uk/get-involved/contact-an-mp-or-lord,0
3158.cn/20170320/n881313109473857.html,0
motortrend.com/cars/jaguar,0
chainreactioncycles.com/us/en/arm-warmers,0
presseportal.de/pm/47069/3590476,0
mamacn.com/xuelingqian/xlyx,0
jamesellsworth.org/category/economy,0
zbj.com/wlggsj/s.html,0
heraldscotland.com/life_style/food_and_drink,0
pgatour.com/content/pgatour/canada/en_us/video.html,0
zdnet.co.uk/topic/vr-and-ar-the-business-reality,0
apple.com/no/artist/marty-paich/id4284201,0
chud.com/173628/drew-reviews-podcast-124-logan/#disqus_thread,0
facebook.com/pages/Camping-La-Rocca/222917817734496,0
sigmabeauty.com/c/387,0
ntu.ac.uk/about-ntu2/maps-and-travel/campus-maps,0
hurriyet.com.tr/samsun,0
ys137.com/yxjk/149627.html,0
fiercepharma.com/pharma/eliquis-smashes-rivals-xarelto-pradaxa-at-lowering-bleeding-related-costs-real-world-study,0
wikipedia.org/wiki/James_Wilson_Morrice,0
smileandfood.com/en/cooking-class-en/cookery-classes-for-groups.html,0
pogo.com/games/hog-heaven-slots?pageSection=,0
excite.com/events/concert-tickets/Trans-Siberian-Orchestra/index.php,0
pitt.edu/main/programs,0
bitauto.com/verna,0
mountainleaders.com/index.php/treks/trekking-in-annapurna/nar-phu-trek-23-days.html,0
unhabitat.org/books/advancing-economic-citizenship-for-children-and-youth-in-sub-saharan-africa,0
goop.com/how-i-keep-the-family-fed-when-im-working-90-hours-a-week,0
hsbkj.cn/html/6193.html,0
synoptique.ca/core/articles/rennebohm_dreamspeaker,0
staples.ca/en/Toys-Games/cat_CG2920_2-CA_1_20001,0
hsbc.com/investor-relations/investor-resources,0
taringa.net/posts/imagenes/19814434/Armas-medievales-de-asedio-y-defensa.html,0
simoneskitchen.nl/boekreview-oh-she-glows,0
ticketmaster.co.uk/The-Pink-Floyd-Exhibition-Their-Mortal-tickets/artist/2281761?spotlight_ren_od=1&tm_link=tm_homeA_4_f1,0
thefreedictionary.com/automotive+engineering,0
comchina-and-dinnerware/poland,0
sdelanounas.ru/blogs/91616,0
wesrch.com/business/paper-details/press-pdf-BU1HWO000DBIR-global-tuberculosis-testing-market-trend-analysis-and-forecast-to-2022,0
offcn.com/hljgwy/2017/0118/8837.html,0
quoteinvestigator.com/category/william-morrow,0
gofeminin.de/news-stars/lets-dance-2017-ausfalle-s2180282.html,0
allwords.com/www.allwords.com/link-to-allwords.php,0
maxsold.com/privacy,0
net	http:/www.curiouslens.com	,0
motorsport-total.com/mehr/news/2017/03/noch-mehr-als-2016-24-stunden-rennen-live-auf-rtl-kanaelen-17031702.html,0
gallery.ru/catalog/?catalog_id=11,0
dailytexanonline.com/section/firing-lines,0
librivox.org/author/965,0
isovietnam.vn/tin-noi-bat/598-to-chuc-chung-nhan-iso-viet-nam.html,0
komando.com/tips/294714/free-way-to-track-gps-phone-calls-text-messages-and-web-activity-on-a-phone,0
chsi.com.cn/k/kydt/201205/20120514/311056473.html,0
answers.com/Q/User:Artvegan,0
alternet.org/news-amp-politics/trump-supporters-rural-georgia-are-waking-cruelty-his-attack-obamacare,0
delmarvanow.com/insider/deals/2016/08/23/30-off-us-news-college-compass-tool/89220106,0
onlinedown.net/soft/238242.htm,0
cyworld.com/coverstory/coverstorys.asp?coverseq=338,0
ruskline.ru/author/s/sazonov_gennadij_alekseevich,0
bartleby.com/topics/Analytical-Essay,0
pcpop.com/Mobile/00670,0
5ajob.com/c-d-2f4bb4609847d2d6-h/41775.html,0
curtin.edu.au/ethics-integrity/biosafety/transporting,0
wordpress.com,0
bell.ca/TV/Self_Serve_options,0
nuget.org/policies/Privacy,0
xiazaiba.com/html/981.html,0
avclub.com/review/kyle-kinane-gets-impressively-loose-chicago-243878,0
lazada.com.ph/helpcenter/shipping-delivery/#answer-faq-delivery-ans,0
ups.com/Press+Releases/Archive/2011/Q2/UPS+and+Live+Nation+Entertainment+Form+Green+Sponsorship+Alliance,0
afterdawn.com/threads/speech-to-text-cutting-off-the-last-word-of-each-message.755108/?utm_source=afterdawn&utm_medium=frontpage&utm_campaign=latestPostsAreaBottom,0
aph.gov.au/Parliamentary_Business/Bills_Legislation,0
stubhub.com/jon-lajoie-tickets,0
pinterest.com/pin/create/button/?url=www.land-of-the-bible.com/&media=Land of the Bible&description=Find insights that will make you visualize and experience the Land in which Jesus lived and forged his parables and message.This website will enrich you with information of the Holy Land.,0
lifehacker.com.au/2017/03/ultraviolet-is-as-good-as-dead,0
ub.edu/bellesarts,0
tvstream24.it/web2/component/k2/item/80-tutto-pronto-per-la-x-edizione-di-zagarise-in-festival,0
sciencemag.org/careers/graduate-programs,0
elperiodico.com/es/noticias/politica/puigdemont-pide-dar-conferencia-referendum-senado-5913213#comentarios,0
sina.com.cn/tags/7177,0
7k7k.com/flash/160888.htm,0
royalgazette.com/section/COLUMN05,0
jb51.net/game/541171.html,0
kobo.com/us/en/ebook/it-can-t-happen-here,0
progressiverailroading.com/class_is/article/At-Union-Pacific-the-floods-of-2011-proved-to-be-a-watershed-event-of-sorts--28313,0
99fund.com/main/products/pofund/470007/fundgk.shtml,0
nsella.ru/categories/radiodiagnosis,0
haygroup.com/en/your-challenges/attracting-and-retaining-talent,0
ziply.com/County/Ohio/Allen,0
westhawaiitoday.com/news/nation-world-news/germany-s-merkel-disputes-trump-s-nato-debt-claim,0
onrpg.com/games/torn,0
rumormillnews.com/cgi-bin/forum.cgi?noframes;read=66597,0
life.ru/t/%D0%B1%D0%B8%D0%B7%D0%BD%D0%B5%D1%81,0
autohome.com.cn/drive/18-1/#liststart,0
wcfcourier.com/sports/basketball/march-madness-previews-every-game-for-march/collection_199193f6-53a8-524d-99c8-d129f9b5091c.html,0
studa.net/Requisition,0
ethnos.gr/podosfairo/arthro/paraitithike_o_tsiolis_apo_tin_ael_protasi_se_doni-65090630,0
lds.org/leader-biographies/elder-david-a-bednar,0
comsal-test-resources/2.4.0/sal-test-resources,0
blackdoginstitute.org.au/research/key-research-areas/suicide-prevention,0
castorama.fr/store/Quincaillerie-de-meuble-cat_id_2966.htm ,0
com/cutfour/index.jsp#contentId=219741976,0
noveltynations.com/index.php/portfolio/digital,0
tipidtrip.com,0
ucpress.edu/book.php?isbn=9780520209022,0
ccnews/class/?2.html,0
swissinfo.org/eng/latest-news,0
php?posts/1030,0
sina.com.cn/stock/jsy/2017-03-20/doc-ifycnpit2416365.shtml,0
xda-developers.com/control-your-pc-from-your-android-device-with-tasker-part-1,0
hellotw.com/gb/zbfc/20161208/t20161208_523312235.html,0
ohiou.edu/home/index.cfm,0
yahoo.com/info-17811019-ruskin-high-school-kansas-city,0
essen-und-trinken.de/wie-macht-man/prinzessinnentorte-1039172.html,0
google.com/store/apps/details?id=com.qihoo.batterysaverplus,0
chicagoreader.com/chicago/ArticleArchives?category=21959681,0
design.cn/sjsx/201611/t20161107_63798.html,0
twinlakesmhc.com/npogf/download-lagu-rock-era-90an.html,0
comatlassian-plugins-osgi-spring-extender/2.13.0-m3/atlassian-plugins-osgi-spring-extender,0
hoibergbasketballcamps.com/coaching-staff.cfm,0
wikipedia.org/wiki/Promot%27Elle,0
amazon.com/WWF-Survivor-1997-Gang-Rulz/dp/6304277547,0
hangou.com.cn/2015/h20/content/2016-09/11/content_6292102.htm,0
zoopla.co.uk/for-sale/property/middlesbrough,0
njljwlc.com/news/771.html,0
metro-fabrika.ru/index.php/shop-store/muzhskaya-spetsodezhda,0
dzwindows.com/2015/07/18/3645.html,0
leica-geosystems.com/about-us/events/hxgn-live-2017,0
amazon.co.uk/Last-Exit-Brooklyn-Disc-Special/dp/B000HCO5AC,0
fondante.net/butter-cream-cakes,0
brooklynpaper.com/sections/31/7/?utm_medium=web&utm_campaign=module&utm_source=archive&utm_content=intra,0
myspace.com/newtokyoterror,0
soundex.mx/ixehjm/kit-custome-dream-league-soccer-per.html,0
kingcounty.gov/business/licenses,0
stzp.cn/job/1658086.html,0
mansfieldnewsjournal.com/ontario-OH/medical/dentists/Affordable-Dentures-and-Implants-888-865-2477,0
lokalavisen.dk/succes-forfatter-mistede-det-dyrebareste-25-aarig-soen-doed-i-forfaerdelig-ulykke-/20170320/artikler/170329942?ref=eblistermest,0
china-designer.com/pics/PicList.aspx?cl=0&od=1&type=1&keyword=%u4F4F%u5B85%u516C%u5BD3,0
gamedog.cn/news/20170321/2069191.html,0
improvenet.com/d/wisconsin,0
chinabgao.com/report/c_machinery,0
qi-che.com/qichedashi/13388.html,0
socialistworker.org/2011/11/17/strange-logic-of-jean-quan,0
unav.edu/web/admision-y-ayudas/asistencia-sanitaria/estudiantes-internacionales,0
ihr.org/other/weber2011fakequotations.html,0
galtmacdermot.com,0
exeideas.com/2017/01/best-ecommerce-development-platform.html,0
kutsenko.ru/kontaktyi,0
tabletmag.com/scroll/227891/jewish-food-fest-in-berlin-showcases-the-cuisine-of-the-citys-burgeoning-jewish-community,0
linkvaom88.com/page/2,0
lazada.com.my/men-sports-shoes,0
dailynews.com/general-news/20170320/missing-80-year-old-woman-with-alzheimers-disease-in-lancaster-found,0
sygate.com/content/symantec/english/en/security-center,0
welt.de/regionales/nrw,0
ekiten.jp/gen_lesson/?fmthd=countrywide,0
unifr.ch/fr/courses,0
facebook.com/americancentury,0
montrealgazette.com/business/Japanese+video+game+firm+expands+Montreal+presence/5745081/story.html,0
airsplat.com/manufacturers/tru-spec-tactical-apparel,0
flickr.com/photos/nhsengland,0
ks5u.com/tbbk/Index.asp?Id=0107025,0
labirint.ru/screenshot/goods/566398/1,0
islamqa.info/ar/cat/309,0
sdjnnews.com/sports/NBA/1021.html,0
upmc.fr/fr/recherche/modelisation_ingenierie.html,0
askbiography.com/bio/Raymond_Rougeau.html,0
whitehousehistory.org/filters/first-ladies,0
it-catalogue.net/en/component/companies_cat/top/540/all/default/all/main.html,0
ozarks.edu/newsevents/potw.asp?id=389,0
metromix.com/venues/mmxchi-the-promontory-venue,0
heritagewoodworkingandmantles.com,0
koolearn.com/product/44851_1.html,0
jwpepper.com/sheet-music/services-state-festival.jsp,0
royalacademy.org.uk/events/category/special-event,0
hoaxes.org/weblog/archive/2016/03,0
atgtickets.com/venues/savoy-theatre,0
wikipedia.org/wiki/Marlowe,0
athabascau.ca/aboutau,0
proxibid.com/asp/Help.asp,0
alliedelec.com/customerservice/forms/contactus.aspx,0
merkur-online.de/tv/tochter-zum-rtl-dschungelcamp-begleitet-prozess-gegen-mutter-von-nathalie-volk-zr-7915417.html,0
realitatea.net/autori/cristina-corpaci.html,0
mcqyy.com/wunianji/tonghuayuyan,0
thejewishmuseum.org/calendar/events/2016/04/04/screening-the-sturgeon-queens-040416,0
rijksmuseum.nl/fr/service-visiteur,0
hercampus.com/school/uw-lax,0
crowdspring.com/logout,0
hx2car.com/brand/10220011,0
extremerestraintsmovies.com/video/125144/Swedish-Erotica-Volume-122-Megan-Leigh,0
wikipedia.org/wiki/CCM_(cycle),0
lithium.com/resources/filter/type/ebook,0
postsecret.com/2017/03/18/sunday-secrets-161/1-sw/#main,0
gearbest.com/fishing-tools-accessories-c_11545,0
php100.com/sjhass/gr3dqe55,0
laoqianzhuang.com/baoxianzixun/index.shtml,0
torrentreactor.net/torrents/3527045/Amelia-(2009)-DVDRip-XviD(Mr-Movie),0
steelhome.cn/Business/Business_gqks_content.php?id=105712,0
computerbase.de/2017-03/vodafone-500-mbit-kabelnetz,0
kaoyan.com/fushi/jingyan/58cf92075caf0.html,0
in.com/in/videos,0
houseofthecommons.org/hcog/tu-english-medium-padi-hui-hd-song-download.html,0
madd.org/drunk-driving/about/child-endangerment.html,0
boldts.net/album/NS.Halifax-Citadel-1.shtml,0
choosemyplate.gov/myplate/fruits/gallery,0
google.com/share?url=www.bienpublic.com/actualite/2017/03/21/presidentielle-les-temps-forts-du-debat-de-lundi&hl=fr,0
epnuffic.nl/primair-onderwijs/trainingen-en-cursussen,0
famouswhy.com/tom_paxton,0
londonstockexchange.com/exchange/prices-and-markets/stocks/tools-and-services/find-a-broker/locate-a-broker-search.html,0
tei-conf.org/11/program_/roundtable,0
nritamilnews.com/vxsevi/geet-tayang-minggu-19-maret-2017.html,0
kvoa.com/story/34957809/tsa-dhs-to-bar-electronic-devices-on-some-overseas-flights,0
overclockers.ru/reviews/video,0
montgomerynews.com/sports/pros_and_college,0
underarmour.com/en-us/promos-offers,0
craftstylish.com/sewing,0
wikipedia.org/wiki/Dan_Newman,0
cnr.cn/2013qcpd/gdbkxw/20170321/t20170321_523668137.shtml,0
xthtgl.com/aspcms/productlist/list-138-1.html,0
comasap-client-parent/2.10.1/asap-client-parent,0
newindianexpress.com/business/2017/mar/21/rils-kg-d6-gas-output-drops-below-target-1583696.html,0
tsu.ru/media/resourse/57057,0
khou.com/features/grammys,0
financemagnates.com/forex-mobile-developers,0
dualshockers.com/2017/03/20/digby-gets-animal-crossing-new-leaf-welcome-amiibo-video,0
commercialappeal.com/business/medical,0
copacariari.com/Llaves/aceptaciones.pdf,0
eastman.com/Company/About_Eastman/Quality/Pages/EastmanQuality.aspx,0
editorialmanager.com/gbio,0
lacoste.com/us/lacoste/women/clothing/new-arrivals,0
pjmedia.com/instapundit/260256/#respond,0
japandailypress.com/japanese-stem-cell-scientist-obokata-finally-agrees-to-retract-papers-on-stap-cells-0449037,0
hrs.de/web3/showCmsPage.do;jsessionid=AB9ECD0ABAF30C639A31A030360320C5.61-4?clientId=ZGVfX05FWFQ-&cid=61-4&pageId=affiliatePartner,0
barnesandnoble.com/My-Beautiful-Dark-Twisted-Fantasy/Kanye-West/e/602527474465,0
bizcommunity.com/196/737.html,0
wbdg.org/resources/high-performance-hvac,0
thoughtcatalog.com/holly-riordan/2017/02/this-is-the-creepiest-thing-about-you-based-on-your-zodiac-sign,0
rightwingwatch.org/post/former-trump-campaign-adviser-says-god-warned-him-about-bugging-of-the-white-house,0
secondcityhockey.com/2011/6/7/2211715/2010-2011-braintrust-evaluations-stan-bowman,0
impawards.com/2016/lion_ver11.html,0
mansfieldnewsjournal.com/story/sports/high-school/basketball/2017/03/17/allstars-classic-basketball/99259054,0
miami.com/miami-nightlife/dj-guy-gerber-brings-the-beats-to-miami-music-week-155346/#storylink=list,0
consequenceofsound.net/2017/01/showtimes-twin-peaks-revival-consists-of-18-new-episodes-premiering-in-may,0
ohgen.net/ohwashin/OMP-1.htm,0
globalsources.com/gsol/I/Smart-smoke/a/9000000143072.htm,0
nmzhmfs.com/chanpinzhongxin/maifanshibaojianbei/342.html,0
boku.ac.at/ifff,0
pinboard.in/u:jm/t:casinos,0
scienceblogs.de/lichte-ideen,0
essays24.org/reaction-paper,0
chenhr.com/so/kj%E9%85%8D%E8%89%B2%E5%B7%A5%E7%A8%8B%E5%B8%88-29-fn291100.html,0
helenair.com/topics,0
chinahr.com/beijing/jobs/45359,0
advg.jp/adpr/80r_9IDT,0
filmreverie.com/caz/bollywood-sex-video-download-mp3-mp4.html,0
hardsextube.com/tags/fist-fuck-porn,0
amazon.jobs/en/job_categories/human-resources,0
socialsecurity.gov/site/languages/en,0
donquijote.org/en/learn-spanish-in-mexico/puerto-vallarta-city,0
francetvinfo.fr/sante/sexo,0
ksfy.com/content/news/Burnside-Game-Place-helps-Sioux-Falls-School-District-with-family-bingo-416676723.html,0
barbados.org./airport,0
maximonline.ru/tags/spisok-prilagaetsya,0
westword.com/location/denver-improv-5170518,0
waters.com/waters/nav.htm?cid=560002,0
voc.com.cn/article/201703/20170321063536730.html,0
liuxue86.com/jianli/geshi,0
rumormillnews.com/cgi-bin/forum.cgi?noframes;read=67190,0
shopto.net/toys-games/top-kids-brands/minions/store,0
hydro.com/en/press-room/regrowth-kurri-kurri/Site-history,0
wesleyan.edu/giving/index.html,0
facebook.com/sharer/sharer.php?u=dreadcentral.com/news/219409/extinction-begins-january-2018,0
xe.com/currencycharts/?from=GBP&to=USD,0
autoguide.com/new-cars/dodge/index.html,0
fayifa.com/jianzhu/29593722.html,0
msn.com/id/44039875/ns/health-childrens_health/t/out-preschoolers-lunches-reach-unsafe-temperatures,0
someecards.com/news,0
linkedin.com/in/mirandahall,0
patentlyapple.com/patently-apple/2017/03/politics-likely-played-a-role-in-softbanks-decision-to-back-off-their-investment-in-a-new-apple-rival-led-by-andy-rubin.html,0
yoast.com/reserved-rights,0
linkshop.com.cn/club/dispfile.aspx?rootid=749775,0
jeuxvideo.com/news/627114/mass-effect-andromeda-en-promotion-sur-gamesplanet.htm,0
ohmynews.com/NWS_Web/I_Room/Open/Open_Profile.aspx?MEM_CD=00041889,0
guardian.co.tt/digital/subscriptions,0
buenosaires.gob.ar/gestion-comunal-y-atencion-ciudadana/ba147 ,0
answers.com/Q/What_happened_to_chips_nightclub_willis_street_wellington_nz,0
sports.ru/others/poker,0
500clubitalia.it/notizie/500-international,0
christianity.com/devotionals/your-daily-prayer/a-prayer-for-those-waiting-on-healing-your-daily-prayer-march-21-2017.html,0
jianshe99.com/selectcourse/index.shtm,0
royalcollection.org.uk/about/news-and-features/disabled-access-day,0
youtube.com/user/UCLA,0
si.com/nba/schedule,0
cantonfair.org.cn/html/cantonfair/en/about/2012-09/134.shtml,0
cprocom.com/portal/index.php/communications/effective-communications,0
tvseriesfinale.com/tv-show/spider-man-the-animated-series,0
4029tv.com/article/placenta-pills-breast-milk-jewelry-designed-to-ease-post-partum-depression/9149216,0
dailymail.com/tvshowbiz/article-4330434/Courtney-Stodden-shows-bronzed-skin-fitted-dress.html,0
athome.co.jp/gunma,0
snopes.com/movies/actors/brandonlee.asp,0
wweek.com/restaurants/reviews/2017/03/14/at-least-five-food-carts-went-brick-and-mortar-since-september-heres-how-theyre-doing,0
freecode.com/tags/opengl,0
computerworlduk.com/applications,0
nxp.com/webapp/connect/memberDirSearch.sp,0
ebuyer.com/store/Networking/cat/Wireless/subcat/Wireless-Range-Extenders,0
cctime.com/html/2017-3-16/1273678.htm,0
shopko.com/thumbnail/Furniture/Nursery-Furniture/Dressers/pc/8/c/102/648.uts?cm_sp=flyout-subhead-_-furniture-_-nursery-furniture_dressers,0
sigmaessays.com/coursework,0
allposters.com/-sp/Reliquary-of-the-Virgin-of-Jeanne-D-Evreux-C-1324-29-Gold-Silver-Posters_i1342262_.htm,0
"bdbearing.com?""../ky/kygs/201503/t20150316_615986.html""",0
bmo.com/main/personal/credit-cards/bmo-cashback-mastercard,0
expert.ru/2017/03/20/siloviki,0
youtube.com/watch?v=G3yBhN-Soyk,0
us-cert.gov/ncas/current-activity/2017/03/15/Drupal-Releases-Security-Update,0
globalsources.com/NEWS/HOME-PRODUCTS/ANALYST-CHOICE.HTM,0
rimmellondon.com/products/mascaras,0
tshaonline.org/education/students/junior-historians/texas-historian,0
russiatoday.com/twitter.com/#!/RT_com,0
baltimoresun.com/sports/college/recruiting/2007/10/jin_soo_kim_commits_to_maryland.html,0
tom.com/2015-10-12/001F/19432388.html,0
flxbbx.com/jy/35948.html,0
libertylondon.com/uk/department/women/bags,0
torontopubliclibrary.ca/new-to-canada,0
kuvaton.com/browse/47698/mitenpain76.jpg,0
jetbrains.com/webstorm,0
fanpop.com/spots/the-young-and-the-restless/images/4952738/title/abby-carlton-darcy-rose-byrnes,0
register.it/company/recensioni.html,0
basketball-reference.com/teams/CHI/2017_games.html,0
utilitydive.com/press-release,0
twitter.com/home?status=Scouting%20report%3A%20Vandy sb.gg/2AYIa via @SportsBlog,0
newswire.ca/news-releases/consumer-technology-latest-news/computer-electronics-list,0
barstoolsports.com/baseball/breaking-news-didi-gregorious-has-a-shoulder-issue/#getcomments,0
nvsos.gov/sos/licensing/document-preparation-services/complete-faqs-for-consumers,0
lifehacker.com.au/2017/03/12-hobbies-that-look-great-on-your-resume-and-one-that-doesnt,0
marketgid.com/demo/license,0
techbargains.com/category/412/electronics/mobile-accessories,0
fnac.com/Maison-connectee-et-domotique/shi446326/w-4#bl=MMbja,0
taojindi.com/list/c_1033200,0
comview/model/110/Nissan.aspx,0
nvidia.co.uk/object/cuda-parallel-computing-uk.html,0
siouxcityjournal.com/homes,0
comt/2017-03/13/content_19227124.htm,0
ford.com/trucks/f150/2017/?intcmp=bb-fv-home-f150-fv-vhp-f150-170207,0
lfzw.gov.cn/szrx/szxx01.jsp,0
cbc.ca/sports/figureskating/story/2008/10/22/skating-chongandgfeller.html,0
liuxue86.com/yaoqinghan/nianhui,0
quest.com/solutions/groupwise-nds,0
amazon.com/snowball-edge/?nc2=h_mo,0
sk-gaming.com/match/67115-cyclone-vs-fnatic,0
co201703/17/151624_50986552.sht,0
qieta.com/sell/list-20.html,0
jweekly.com/author/rob-gloster,0
yahoo.com/news/turkey-threatens-send-europe-15-000-refugees-month-103814107.html,0
megasto.com.ua/catalog/stendy_dlya_instrumenta,0
lancaster.ac.uk/about-us/theuniversity/our-campus,0
roxy.com/snowboard-shop/#?intcmp=rx_527835,0
ctbto.org/the-treaty/1993-1996-treaty-negotiations/1993-95-prelude-and-formal-negotiations,0
zdnet.com.au/topic/ces-2017-the-big-trends-for-business,0
caideal-for/climbing/products/gear/climbing-gear/rock-hardware/c/960,0
youtube.com/watch?v=igSwzohr4Nw,0
linkedin.com/in/justinrcorbett,0
strawberrynet.com/skincare/molton-brown/orange---bergamot-nourishing-body/209987,0
tula.ru/city/pobratimi,0
fdic.gov/hsob/SelectRpt.asp?EntryTyp=30,0
pictaram.com/tag/kyivgram,0
b92.net/esports/komentari.php?nav_id=1242028,0
materiel.net/disque-ssd,0
rumormillnews.com/cgi-bin/forum.cgi?noframes;read=50679,0
iha.com.tr/istanbul-haberleri/baskan-karadeniz-yaslilarla-bulustu-istanbul-1653541,0
roadtovr.com/category/vr-games-virtual-reality/mobile-vr-games-virtual-reality,0
mtstandard.com/special_sections/digger-discounts/pdf_6502da04-d6c3-11e6-8d5c-2fc873f7e8bf.html,0
sciencemag.org/video/we-dont-know-magnetoreception,0
indg.com/estimate/hospital.php?usps=viagra-uten-resept&mg=3,0
uoguelph.ca/2017/03/provost-op-ed,0
inquisitr.com/4075456/april-the-giraffe-labor-updates-and-animal-adventure-park-news-watch-live-cam-3,0
roomtoread.org/about-us/financials,0
biz-journal.jp/2016/04,0
courier-journal.com/article/20090816/EXTRAS05/308160003/Management-troubles-plague-Park-DuValle,0
geoffshackelford.com/homepage/2011/11/20/sharp-park-update-bill-fields-images.html,0
agronet.com.cn/Sell/List_c536.html,0
makepolo.com/cpk/cp_41lkjjn3dgu.html,0
uel.ac.uk/connect/civic-engagement/civic-engagement-fund/newham-city-farm-gets-the-uel-treatment,0
neptunworld.com/category/34-za-2014-god,0
australia.com/en-us/news.html,0
famouswhy.com/don_shinnick,0
scmp.com/news/world/europe/article/2080531/britain-formally-launch-eu-exit-march-29,0
meristation.com/pc/resident-evil-7/analisis-juego/2127611,0
rottentomatoes.com/m/prevenge,0
zonebourse.com/LME-COPPER-CASH-16161,0
mt5.com/forex_analysis/quickview/89511-trading_plan_for_21032017,0
regonline.com/event-management-software/events,0
ethiotube.net/video/6974/PM-Meles-Zenawi-Press-Conference-on-Current-Issues--Dec-11-2009--Part-1,0
nzembassy.com/en/countries-and-regions/pacific/samoa/new-zealand-high-commission/contactfull,0
comatlassian-plugins-webresource/2.2.0.rc2/atlassian-plugins-webresource,0
fashionnstyle.com/beauty,0
directv.com/DTVAPP,0
deathelectro.com/coeur-de-pirate,0
thejournal.com/articles/2017/03/17/g-suite-for-education-now-open-for-personal-google-accounts-outside-domains_0.aspx,0
inlishui.com/sell,0
eiseverywhere.com/event-software/resources/video/expert-interviews,0
wilderness.org/article/why-wyoming-range,0
heraldonline.com/news/nation-world/national/article139563208.html,0
hyperurl.co/mng/learn,0
ucu.edu.uy/es/node/40137,0
keyunzhan.com/www.keyunzhan.com/huoche/changsha-anshun,0
gudok.ru/infrastructure/?ID=1367682,0
oxfam.org.uk/account/login,0
duote.com/52/154850.html,0
whoabc.com/danielle-lloyd,0
bnn.ca/personal-finance/video/raising-capital-gains-tax-a-very-short-sighted-approach-bmo-s-jack-ablin%7E1080903,0
linkedin.com/company/stratasys,0
sports.ru/tribuna/boxing/pro,0
japan-hotels.ws/kyoto,0
therodeoclub.com/concerts.html,0
rsdown.cn/down/80118.html,0
wikipedia.org/ab.wikipedia.org,0
renog.org/viagra1,0
24sata.hr/users/login,0
lauramercier.com/body-bath-and-fragrance/by-product-type/cleansers,0
github.com/davatron5000/Foldy960,0
bjtianduo.com/xinwendongtai/meitixinwen/20151015/28.html,0
pcstore.com.tw/lifecode/M20905791.htm,0
parsons.edu/parsons/online-classes,0
sina.com.cn/article/fychhus1424118.shtml,0
rca.ac.uk/more/our-history/college-honours,0
clipartguide.com/_search_terms/bathroom.html,0
snow.com/planavacation/planavacation.aspx,0
bupa.co.uk/contact/?homepagelink=rightheader-contact,0
land.to/member/login.php,0
qantas.com/mobile-travel/airlines/your-booking/global/en,0
amara.com/shop/luxury-gifts/filter/price/500-1000,0
liepin.com/110400,0
verivox.de/reisen,0
lapatilla.com/site/2017/03/20/luis-parra-pj-triplico-la-meta-exigida-por-el-cne-en-yaracuy,0
twitter.com/FabioHolanda,0
lyricsmode.com/lyrics/f/flow/colors.html,0
miamiherald.com/sports/other-sports/#navlink=subnav,0
qlwb.com.cn/2017/0320/885849.shtml,0
austintexas.gov/resident/household,0
cope.es/menu/emisoras/cartagena/Programas,0
jaycar.com.au/pa-party-equipment/pa-party-speakers/active-speakers/c/520B,0
smith-nephew.com/research-development,0
gamelink.com/display_product.jhtml?id=222551,0
webinarbase.com/ads/free-webinar-photo-editing-enhancement-in-photoshop,0
lifeboat.com/ex/bios.natasha.vita-more,0
qq.com/a/20170320/006655.htm,0
woodsbros.com,0
iol.co.za/news/politics/tributes-pour-in-for-joe-mafela-8258687,0
wickes.co.uk/Products/Tiles/Floor-Tiles/Vinyl-Flooring/c/1004030,0
sdjnnews.com/food/jndt/443.html,0
"gxnnrd.cn?""../basc/jd/201609/t20160901_671353.html""",0
drivespark.com/off-beat/pink-floyd-nick-mason-crashes-mclaren-f1-gtr-021250.html,0
comatlassian-gadgets-dashboard-plugin/3.1.8/atlassian-gadgets-dashboard-plugin,0
instagram.com/duluxaus,0
cncrk.com/downinfo/191931.html,0
lady8844.com/1209442,0
fitchratings.com/site/structuredfinance/cmbs,0
sondakika.com/haber/haber-hollanda-devi-yusuf-un-pesinde-9399050,0
wowprogress.com/char_statistics/eu/field.3v3_matches,0
hughhewitt.com/our-advertisers,0
tutor2u.net/events/gcse-maths-grade-booster-workshops-higher,0
dailyrecord.com/PMOR-GUP/authenticate/?success-url=http%3A//www.dailyrecord.com/&cancel-url=http%3A//www.dailyrecord.com,0
itools.com/tool/beenverified-public-records,0
imtoo.com/iphone-transfer/how-to-view-iphone-photo-on-pc.html,0
httrack.com/page/1/fr/index.html,0
blogspot.nl/intl/en/policies/privacy,0
ksla.com/category/234770/heart-of-louisiana,0
hollandsentinel.com/news/20170320/spectrum-health-zeeland-to-host-hip-pain-seminar,0
badische-zeitung.de/suedwest-1/freiburger-appell-gegen-nationalisten-und-fuer-europa--134763516.html,0
hhs.se/en/Outreach/career-management/skills-courses,0
pjmedia.com/instapundit/260278/#respond,0
spray.se/vader/gotland/visby,0
ngs.ru/customUrlComments/?url=http%3A%2F%2Fnews.ngs.ru%2Fmore%2F50315021%2F,0
ledger-enquirer.com/opinion/op-ed/#navlink=subnav,0
mamacn.com/qinggan/lianai,0
eso.org/public/announcements/ann15068,0
practicalmoneyskills.com/learn/identity_theft,0
maltastudy.com.cn/dyhl,0
inetgiant.com/minneapolis/addetails/f-b-rogers-silver-co-creamer-sugar-bowl-bloomington-25/11323384,0
orgfeatures/ball-challenge,0
yuanjiugc.com/game/2096.html,0
wygqt.cn/list.php/type/43-1.html,0
tcf.org/content/report/tunisias-unwritten-story,0
devx.com/DevX/find-the-source-code-of-a-function-or-procedure-in-oracle-sql.html,0
cnwest.com/content/2017-03/20/content_14606185.htm,0
commerce.gov/sites/commerce.gov/files/media/images/2016/employer_and_nonemployer_establishments_graph.jpg,0
singersroom.com/news/7584/Kelly-Rowland-Talks-Fake-Boobs-Father-Ex-Fiance-Roy-Williams,0
hwupgrade.it/news/sistemi/raspberry-pi-supera-il-commodore-64-12-5-milioni-di-vendite-in-5-anni_67774.html,0
qconline.com/multimedia/st-patrick-s-day-grand-parade-xxxii/collection_4ba220be-0c16-11e7-941a-db2ad44d0fda.html,0
cctime.com/html/2017-3-20/1274239.htm,0
fjsen.com/2017-03/20/content_19259669.htm,0
taojindi.com/list/product_led,0
ydlmpwj.com/a/zixunzhongxin/gongsidongtai/41.html,0
39yst.com/zj,0
linkedin.com/company/2683,0
anwalt.de/rechtsanwalt/minijob.php,0
hmv.co.jp/books/genre_%E3%82%A2%E3%83%BC%E3%83%88%E3%83%BB%E3%82%A8%E3%83%B3%E3%82%BF%E3%83%A1_%E3%82%A8%E3%83%B3%E3%82%BF%E3%83%BC%E3%83%86%E3%82%A4%E3%83%A1%E3%83%B3%E3%83%88__5_480_481_481002,0
dir.bg/2017/03/21/news25476293.html,0
artelis.pl/kategorie/sztuka-skutecznego-dzialania/felieton,0
krgv.com/story/34954684/boat-crash-in-arroyo-city-under-investigation,0
utro.ru/news/2017/03/20/1320326.shtml,0
comnews/html/?412.html,0
wikipedia.org/wiki/Harry_Kingman,0
docstoc.com/docs/69902105/BIRD-NEIGHBORS,0
kaosenlared.net/login,0
webgains.com/public/mobile-marketing,0
idigitaltimes.com/stream/nintendo-switch,0
missouri.gov/HP68/search.jsp,0
kobobooks.com/us/en/ebook/her-every-fear,0
pentagon.mil/resources.asp,0
icann.org/resources/pages/benefits-2013-09-16-en,0
cri.cn/20170317/6005bb04-387b-3c2d-fdc7-1dbc33587007.html,0
qbaobei.com/shypbk/bbyp/rt/20130411_258914.html,0
iolo.com/resources/articles/can-your-pc-start-up-faster,0
conationfilms.com/Conation_Films/FILMS.html,0
carfolio.com/search/results/?designed-by=Touring,0
digitalartsonline.co.uk/company/mill,0
pingshu8.com/MusicList/mmc_157_279_1.htm,0
sportspyder.com/sports/cf/tweets,0
alienwarearena.com/ucf/show/139176/boards/giveaways-and-contest-na/Giveaway/war-thunder-starter-pack-key-giveaway,0
meristation.com/genero/puzle/448267/633,0
uni-goettingen.de/de/3218.html?cid=29059&date=2017-03-22,0
iww.org/projects/IW,0
tagesanzeiger.ch/schweiz/standard/sind-roboter-menschlichere-soldaten/story/14102138,0
kidspot.com.au/babykidsmarket/marketdetails/tas,0
jxrencai.com/root/expire/sl/stj,0
rosmintrud.ru/labour/relationship/278,0
safeworkaustralia.gov.au/sites/swa/whs-information/hazardous-chemicals/faqs/pages/faqs,0
come.to/angelcorpse,0
zgny.com.cn/Supplys/Page_1_NodeId_gq_jxsb.shtml,0
stamfordadvocate.com/news/science/article/Detroit-Zoo-s-own-Dr-Ruth-encourages-amorous-11008489.php,0
readyayeready.com/ships/shipview.php?id=1355,0
sheldrake.org/books-by-rupert-sheldrake/the-sense-of-being-glared-at,0
go007.com/xilinguole,0
youtube.com/user/icebreakernz?enablejsapi=1,0
gumtree.com.au/s-funds-management/c22285,0
entreleadership.com/summit/?snid=events.entresummit,0
yenisafak.com/dunya/evet-cikarsa-abyi-unut-2631449,0
buyma.com/mens/bag/backpack,0
cominfo/news/xwgg_content/15791.htm,0
draxe.com/section/natural-remedies,0
mod.uk,0
joc.com/whitepaper/best-practices-reduce-international-freight-costs,0
webmoney.ru/asp/certview.asp?wmid=950429640962,0
kansas.com/living/fashion/#navlink=subnav,0
mangareader.net/ao-haru-ride/49,0
chinapp.com/pinpai/149690,0
hse.ru/en/news/186991819.html,0
askapache.com/hacking/i-got-hacked/#disqus_thread,0
samsclub.com/sams/gummy-chewy-candy/16290835.cp?xid=hdr_shop3_grocery_candy_gummy-chewy-candy,0
lastampa.it/2017/03/20/societa/lazampa/animali/i-koala-stanno-morendo-di-sete-e-qualcuno-ha-creato-dei-posti-speciali-dove-possono-bere-ql1k3hESLe0OvKTiNBVGvL/pagina.html,0
pasarelapr.com/index.php/anna-jagodzinska,0
ardmediathek.de/tv/Charit%C3%A9/Sendung?documentId=41166222&bcastId=41166222,0
onesteppilates.gr/index.php/studio-pilates-nea,0
hangzhou.com.cn/gjxw/content/2017-03/21/content_6498411.htm,0
instagram.com/hgtv,0
scripting.com/2017/02/18/trumpTweet.png,0
cio.com.au/books,0
globalgiving.org/aboutus/impact,0
foreignpolicy.com/2017/01/09/obama-authors-climate-change-emissions-study-science-trump,0
argusleader.com/PSIF-GUP/logout/?return-url=http%3A//www.argusleader.com,0
therecord.com/community-static/4296316-cambridge-community-centres,0
consciouslifenews.com/category/world-news,0
gwyoo.com/Article/shuzhibaogao/jhgh/niandugongzuojihua/201608/633507.html,0
123people.ca/s/charles+wilson,0
bishopmuseum.org/biomechanics,0
state.mn.us/tax,0
pace.edu/about-us/all-about-pace,0
mdanderson.org/cancermoonshots/cancer-types.html,0
sheetmusicplus.com/title/beautiful-piano-instrumentals-sheet-music/20272208,0
modelshipstore.info/?s=Uss+Ship,0
yasni.com/audrey+de+leon/check+people,0
huffingtonpost.ca/candice-batista/ethical-sustainable-clothing_b_15454104.html,0
freeditorial.com/writers/new,0
microsoftstore.com/store/msusa/en_US/list/categoryID.71148800,0
carhartt.com/category/carhartt-flame-resistant-women?icid=LINK-HeaderWomens-FR-20151006,0
belvedere.at/bel_de/21er_haus/geschichte,0
stormfront.org/forum/memberlist.php,0
it-catalogue.net/en/component/companies_cat/top/77/all/default/all/main.html,0
alliedelec.com/chemicals-adhesives/coatings-paints,0
arthritis.org/www.arthritis.org/get-involved/walk-to-cure-arthritis,0
sohu.com/travel/d20170320/129374765_118235.shtml,0
php100.com/sjhass/m75d3d6r,0
cnbeta.com/category/movie,0
milanoportaverta.it/index.php/component/k2/item/374-il-viaggio-e-le-sue-metafore-reading-musica-dal-vivo,0
cdiscount.com/telephonie/objets-connectes/maison-connectee/v-1447105-1447105.html,0
cmaj.ca/site/misc/poll45_CADTH.xhtml,0
evri.com/organization/tooncan-0x9d02c,0
sibnovosti.ru/politics/347574-pochti-40-chelovek-vyshli-iz-kprf-v-y-oblasti-posle-rospuska-raykoma-partii,0
google.com/+tanea,0
calfeutragepremium.com/wp-content/uploads/2013/11/8.jpg,0
irna.ir/fa/News/82455321,0
258.com/product/1034909,0
sccm.cn/xwx/index.asp,0
theadvocate.com/baton_rouge/news/communities/southeast,0
softonic.com/download,0
ksfy.com/news?cat=Local&cat_type=Story+Category&path=/content/news,0
notcot.org/page/266,0
cqc.org.uk/content/guidance-providers,0
wsws.org/fr/articles/2017/mar2017/alus-m20.shtml,0
kolotv.com/news?cat=Regional&cat_type=Story+Category&path=/content/news,0
sporcle.com/games/RobPro/top-three-i,0
w8868868.com/game/3213.html,0
czu.cz/cs/r-8681-visualni-blok-homepage-vlevo-dole/ziva-univerzita-aktualni-cislo.html,0
dailyjournal.net/2017/03/20/eu-britain-brexit-10,0
workday.com/en-us/applications/human-capital-management/benefits.html,0
thehockeynews.com/articles/35241-Denis-Bouchers-Blog-The-surprising-factors-of-muscle-fatigue.html,0
izismile.com/picdumps/daily_picdump,0
presscustomizr.com/privacy-policy,0
ttlink.com/tag/signsbusinessirvine,0
n4g.com/user/home/nyxus,0
rocketnews24.com/category/%e8%8a%b8%e8%83%bd,0
snapchat.com/add/alexandani,0
commentcamarche.net/news/5869534-mypasspro-le-community-manager-des-petites-entreprises,0
macleans.ca/2011/05/03/duceppe-hands-layton-the-reins-to-quebec,0
ohchr.org/EN/PublicationsResources/Pages/databases.aspx,0
ovh.co.uk/aboutus/green-it.xml,0
beuth.de/de/newsletter,0
voanews.com/Navigation/LiveAudio/#tube-60,0
traileraddict.com/article/joe-manganiello-casts-doubt-playing-deathstroke-batman,0
dailymail.com/news/article-4332232/British-pensioner-dead-boot-car-Italy.html,0
comReference_and_Education/Articles,0
jadaliyya.com/pages/index/26205/arabian-peninsula-media-roundup-(march-14)n,0
wikipedia.org/wiki/%D0%91%D0%B5%D0%BD%D0%B3%D0%B0%D0%BB%D0%B8%D1%8F,0
bimmerforums.com/2017/03/elderly-drivers-bmw/?share=facebook,0
china-ef.com/20170314/597923.html,0
suite101.com/love-bites-nbc-romantic-comedy-a358278,0
bauercdn.com/cookiePolicy/policy.html,0
classcreator.com/Berkley-MI-1976/class_classmates.cfm,0
hamilton.ca/parks-recreation/cemeteries/binkley-cemetery,0
exoticindiaart.com/book/details/15-learn-harmonium-in-15-days-NZD244,0
kone.com/en/media/press-releases/kone-wins-order-for-riyadh-s-metro-in-saudi-arabia-2017-03-06.aspx,0
motorcyclistonline.com/newsandupdates/122_0912_harley_davidson_march_national_garage_party_month/index.html,0
bafta.org/film/awards/ee-british-academy-film-awards-photography-2017#photo-6,0
piaohua.com/html/juqing/2017/0316/31857.html,0
journal-news.com/general_acceptance_policy,0
dumskaya.net/register,0
fancai.com/meishi/223175,0
slideshare.net/psicoloiahabitoslectores/historia-del-rock-el-pas,0
vr-zone.com/cdn-cgi/l/email-protection#e8d7bb9d8a828d8b9cd5bb98898b8db0c3ab89989b9d848dc3ba8d9c9d9a869bc39c87c3ad899a9c80ce898598d3aa878c91d5cddad8809c9c98d2c7c79e9a9287868dc68b8785c7899a9c818b848d9bc79b98898b8d90c58b89989b9d848dc59a8d9c9d9a869bc58d899a9c80c7d9dadcdbdfdfc6809c8584,0
westga.edu/library/community-user-information.php,0
eeoc.gov/eeoc/statistics/nofear/qanda.cfm,0
texasbar.com/AM/Template.cfm?Section=Resources_for_New_Lawyers1&Template=/CM/HTMLDisplay.cfm&ContentID=35072,0
aircraftspruce.com/categories/pilot_supplies/ps/menus/ps/jepp.html,0
study.com/academy/subj/business.html,0
oh100.com/a/201608/471918021050.html,0
denhaag.nl/home/bewoners/to/Onderwijs-en-cultuurcomplex-klaar-in-2020.htm,0
rapidsharezone.net/music/249278-navy-seals-sylvester-levay-1990-ost-edit-2010-a.html,0
ketteringtownfc.co.uk/team.php,0
blogspot.com/2010/01/durgadi-fort-durgadi-killa-kalyan.html,0
ebay.com/sch/i.html?_nkw=Playboy+Playmates,0
bdcnetwork.com/author/hmc-architects-blog,0
ciao.jp/partner,0
barclays.co.uk/Accessibility/Accessibility/P1242623451150 ,0
tsv1860.de/de/Teams_U19_1860.htm,0
boomerater.com/financial-advisors-in-Sauk-Centre_Minnesota,0
wikipedia.org/wiki/The_Devil_Thumbs_a_Ride,0
desy.de/forschung/kooperationen__institute/cssb/index_ger.html,0
techhive.com/article/3181896/consumer-electronics/google-pulls-virtual-assistant-ad-after-user-outcry.html,0
jaysjournal.com/2011/01/24/headed-to-canadian-baseball-hall-of-fame-tom-henke-allan-simpson-and-george-wood,0
opel.de/fahrzeuge/adam/adam-rocks-s/uebersicht.html,0
biblio.com/book-collecting,0
monsterenergy.com/lt/en,0
surveygizmo.com/survey-software-features/actions,0
inews24.com/php/news_view.php?g_serial=1010567&g_menu=022300,0
eku.edu/map,0
alasbarricadas.org/noticias/rss.xml,0
artron.net/special/sale/view?code=159,0
leaguelineup.com/sports/soccer,0
gohawaii.com/big-island/plan-a-trip/accommodations/hawaii-island-bed-and-breakfast,0
junshishu.com/Book24461,0
abc2news.com/weather/live-cams,0
edushi.com/bang/info/83-130-n3861302.html,0
wn.com/local/Amharic,0
wjw.cn/g/wangluobianyaqi,0
reference.com/browse/Marion,0
wfp.org/countries/lesotho,0
tobiaextreme.com/planes/plan-dos-lunas.html?Name=Value,0
mapmyfitness.com,0
wordpress.com/tag/famous-deaf-american,0
cotemaison.fr/peintures-carrelages-papier-peint/conseils-pour-repeindre-la-cuisine-un-mur-un-meuble-un-carrelage_19827.html,0
jak-stik.ac.id/baak-akademik/34529-kejuaraan-taekwondo-jak-stik-2013,0
php100.com/sjhass/ws88346k,0
bibliomania.com/0/2/81,0
freemeteo.com/weather/saint-louis/daily-forecast/today/?gid=4407066&language=english&country=us-united-states,0
wcpss.net/domain/76,0
ao.com/e/20110608/4def25cf0dced.ml,0
ferragamo.com/runway/en/usa/men/fw-17-18,0
readymag.com/explore,0
"hcxyk.cc?""../basc/xw/201609/t20160922_674635.html""",0
fresheye.com/r25/business_economy/20161231_00054812.html,0
nasg.gov.cn/app/credit/index,0
redicecreations.com/www.facebook.com/RedIceCreations,0
longfengchun.com/a/kongdiao/20170228/3339.html,0
balkaninsight.com/en/article/balkan-weapons-used-in-war-crimes-in-iraq-amnesty-warns-01-05-2017,0
ncagr.gov/blog/2017/03/15/north-carolina-dairy-industry-leads-way-in-secure-milk-plan,0
truthout.org/news/item/39887-trump-s-immigration-budget-is-based-on-xenophobia-not-facts,0
networkworld.com/author/Yoni-Heisler,0
monster.com/jobs,0
scribd.com/doc/17455400/Thesis-Indigenous-Peoples,0
koin.com/ap/sheriff-woman-tried-to-smuggle-meth-to-inmate-in-bible,0
warnerbros.co.jp/c/information/news_20170317.pdf,0
feb-web.ru/feb/tyutchev,0
discogs.com/artist/Planet+Smashers%2C+The,0
commaven-amps-dispatcher-plugin/3.1-rc2/maven-amps-dispatcher-plugin,0
kornferry.com/expertise/roles-and-specialities/information-technology-officers,0
juridicas.com/actualidad/el-sector-legal,0
wordpress.com/2010/09/04/wine-alliance-portuguese-wines,0
meishichina.com/center/my_fav_recipe,0
roadtovr.com/students-hack-positional-tracking-onto-gear-vr-steamvr-tracking/#comments,0
wzszx.cn/a/dtgz/djgz,0
kids21.cn/zt/2016/xxsn/index.html,0
montrealcustoms.com,0
potterybarnkids.com/shop/playroom/all-playroom/?cm_type=gnav,0
kvue.com/video/featured-videos/129890033.html,0
bombardier.com/en/toolbar/terms-of-use.html,0
39.net/DrugCompanyList/hn5_0_0_2_1.shtml,0
thesinginglizard.com,0
elcorreo.com/padres-hijos/embarazo/201703/19/papa-esta-embarazado-20170316171212-rc.html#comments,0
obozrevatel.com/sport/sport/34681-nepobedimyij-ukrainskij-boets-zaschitil-v-rossii-chempionskij-poyas-udushiv-sopernika-zrelischnoe-video.htm,0
southwest.com/html/about-southwest/index.html?clk=GFOOTER-ABOUT-CUSTOMER-COMMITMENTS#_tab_6,0
krop.com/pluckt,0
michaelkors.com/men/clothing/jackets-outerwear/_/N-286b,0
tes.co.uk/news/further-education/breaking-news/politician-launches-fightback-after-midlands-colleges-left,0
beva.com/yuer/dailyLove/1.html,0
rumormillnews.com/cgi-bin/forum.cgi?noframes;read=70394,0
creativeapplications.net/2011/01,0
traillink.com/city/jacksonville-fl-trails,0
thetruthaboutcars.com/tag/mark-vii,0
leadership.ng/category/features/interval,0
reference.com/browse/hans+selye,0
countercurrents.org/tag/donald-trump,0
indg.com/estimate/hospital.php?usps=how-long-levitra-last&mg=3,0
blogspot.com/2011/10/national-feral-cat-day-garage-sale.html,0
glass.com.cn/glassnews/23.html,0
carnegiehall.org/Calendar/2017/3/22/0700/PM/Best-Bands-and-Choirs-International,0
harpersbazaarmediakit.com/r5/home.asp,0
wreckedexotics.com/accident/22701?c=wu780,0
p-r-f.com/orion/default.htm,0
solvay.com/en/investors/corporate-governance/board-of-directors/index.html,0
usbr.gov/newsroom/rssxml/rssfeeds.html,0
childdevelopmentinfo.com/tag/fathering,0
nkj.ru/archive,0
dickssportinggoods.com/c/running-gear,0
c-s-inc.com/index.php/concept-solutions/agricultural-automation,0
tums.ac.ir/conferences/110,0
searchengineland.com/author/amy-gesenhues,0
64365.com/baike/fczskyxjgmz,0
yjc.ir/fa/political/29,0
netarchive/photoalbum,0
ancestry.com/~daysgoneby/i2.htm,0
naver.jp/es-AR,0
economy.com/dismal/tools/us-taylor-rule-calculator,0
onrpg.com/games/mydream,0
recipesource.com/fgv/stuffed-veg,0
ankawa.com/forum/index.php?topic=835158.0,0
rogerebert.com/far-flung-correspondents/remembering-vincent-chin,0
unl.edu/departments/75,0
uni-stuttgart.de/studium/leben-in-stuttgart/finanzen/international/index.html,0
welivesecurity.com/page/4,0
themarker.com/gampad/clk?id=129312794&iu=/9401/TheMarker.com.ClickTracker/TheMarker.com.ClickTracker.AdBlocker,0
osdn.jp/softwaremap/trove_list.php?form_cat=606,0
ks5u.com/tbbk/Index.asp?Id=0804044,0
wiwo.de/politik/deutschland/merkel-zu-nazi-vergleichen-wir-werden-nicht-zulassen-dass-jedes-tabu-faellt/19545586.html,0
king5.com/features/best-nw-escapes,0
notonthehighstreet.com/home/lighting?filter[delivery_zone]=1&filter[subcategories][]=floor-lamps&page=1,0
com http:/fashion.com/a/20170320/40197967_0.shtml,0
yenisafak.com/video-galeri/okyanusya,0
last.fm/music/The+Luyas,0
myspace.com/hmckc,0
nyteknik.se/lediga-jobb-teknik/3m-soker-erfaren-projektledare-6834074,0
gay.com/communities/perth,0
joplinglobe.com/region/all-charges-dismissed-against-ex-new-york-jet-darrelle-revis/image_ca7a6613-ffd4-5aed-93d5-5e5bcda15b97.html,0
brill.nl/about/brill-330/325-anniversary-celebration,0
wttc.org/about/members/#gerald-lawless,0
chinahr.com/beijing/jobs/36416,0
mingle2.com/online-dating/gay-personals,0
maxon.net/en/news/events/detail/animago-award-conference-1,0
"rtf-china.org?""../photo/gnjy/201609/t20160921_674445.html""",0
etps.com.pt/images/Imagens/Banner/5.jpg,0
wickes.co.uk/how-to-guides/home-maintenance/fit-an-internal-door,0
california-injury-lawyer-blog.com/2011/05/elderly-man-killed-early-monday-in-oakland-hit-and-run-on-interstate-880.html,0
bikeradar.com/gear/article/how-to-adjust-the-gears-on-your-bike-video-23582,0
ironman.com/triathlon/social-community/facebook.aspx,0
huffingtonpost.com/2011/10/12/mike-ruiz-pretty-masculine_n_1006941.html,0
tutu.ru/aeroexpress/schedule/1,0
thebreastcancersite.com/clickToGive/ad.click?siteId=2&adId=45389&placementId=455212&page=home&media=text,0
gamerevolution.com/manifesto/sombra-poor-win-rate-underscores-nagging-balance-issues-in-overwatch-38337#view_comments,0
wikitravel.org/en/Trans-Canada_Highway,0
ourmidland.com/news/article/Stamas-sponsors-bill-to-help-attract-new-11013310.php,0
diytrade.com/china/pd/3457356/shap_pen_bent_pen.html,0
gotrainer.ph/videos/real-life-pokemon-go,0
template-help.com/help/ecommerce/magento/magento-tutorials,0
rit.edu/channels/index.php?id=68,0
php100.com/sjhass/ge8g2qey,0
burnscustomsaddles.com,0
opentext.com/videos/tarkett-success-story,0
github.com/Microsoft/TypeScript,0
wikipedia.org/wiki/Jean-Pierre_Nicolas,0
uts.edu.au/future-students/find-a-course/design-architecture-and-building-0/local-government,0
inlishui.com/rent/show.php?id=274318,0
alliedelec.com/connectors/bus-bars-grounding-products,0
djivideos.com/video_play/df910581-d994-459a-9eaf-0aacefbcc4cb?autoplay=1&poster=cdn-hz.skypixel.com/uploads/cn_files/video/image/35cdcba9-c031-4da4-a387-920583ffaaf8.jpg@!1200,0
rumormillnews.com/cgi-bin/forum.cgi?noframes;read=69200,0
netteams/list_by_league/66/Winter_Paralympics/Winter_Paralympics/logos,0
pen.org/m-word-stories-hana-esa,0
flickr.com/photos/technikmuseum/albums,0
pbcgov.com/pzb/zoning/Pages/Hearings-and-Meetings.aspx,0
mondoweiss.net/2017/03/remembering-israeli-military/#comments,0
rutgers.edu/~jlynch/Writing/links.html,0
thedailymeal.com/healthy-eating/30-quick-and-easy-recipes-use-spring-superfoods,0
thehindubusinessline.com/system/topicRoot/Tata-Mistry_Face_Off,0
somd.com/Homes/ad/40871/Beautiful-Wildewood-Colonial.html,0
infosecurity-magazine.com/webinars/hyperrealistic-simulation,0
healthy.net/Members/Features/DiscussionTopic.aspx?Lknd=Uiea39X9RPM=&kynd=bWHKnLNpjoo=&Trc=e/JOIU9pcf8=,0
gamedog.cn/wd/news.html,0
retaildesignblog.net/2017/03/20/mani-lt-store-by-ramunas-manikas-klaipeda-lithuania,0
evga.com/support/myorders.asp?type=open,0
adb.org/projects/search/status/proposed,0
visitnsw.com/things-to-do/adventure-and-sport/4wd-and-offroad,0
lavoz.com.ar/ciudadanos/que-barbaridad-los-barbarismos,0
sdgaorun.com/contact_detail/&i=24&comContentId=24.html,0
mintel.com/industries/industrial,0
linnrecords.com/recordlabels.aspx,0
waset.org/topic/Agricultural-and-Biosystems-Engineering/2017/03/madrid,0
edaily.co.kr/tv,0
gifrific.com/tag/football,0
fas.gov.ru/vazhnaya-informacziya/otkryitoe-vedomstvo/podskastyi-fas-rossii/temyi-vyipuska-nedelya-konkurenczii-v-rossii;-shtab-po-sovmestnyim-rassledovaniyam-msap.html,0
standartnews.com/balgariya-zdraveopazvane/sofiyamed_tomov_ostava_pod_nablyudenie-351751.html,0
urbanoutfitters.com/urban/catalog/category.jsp?id=M-GROOMING-HAIR&cm_sp=MENS-_-L3-_-M_GROOMING:M-GROOMING-HAIR,0
wangchao.net.cn/hi/detail_408544.html,0
daciccool.ro/blogurile-brandurilor-dacic-cool/blog-corcova,0
frisco.hr/proizvodi/frizerski-alat-i-pribor/jaguar-aparati.html,0
jbonamassa.com/social,0
yahoo.com/question/index?qid=20111101014653AALcOj8,0
thehungersite.com/clickToGive/ad.click?siteId=1&adId=121770&placementId=419097&page=home&media=text,0
d1xz.net/sx/ji/art189421.aspx,0
invertia.com/es/foros/-/message_boards/message/137656488,0
guolairen.com/zhaopin/zhaopin-list.php?trade=7&trade_cn=%E4%BB%AA%E5%99%A8%E4%BB%AA%E8%A1%A8%2F%E5%B7%A5%E4%B8%9A%E8%87%AA%E5%8A%A8%E5%8C%96,0
alltop.com/alltop.com,0
toucharcade.com/2017/03/17/the-big-journey-review,0
baranta.org/index.php/hirdetes,0
realtytimes.com/advicefromtheexpert/item/50699-know-more-about-the-shopping-mall-in-the-noida-extension?rtmpage=amitkevin,0
61baobao.com/tingerge/zhongwenerge/20161214/312956.html,0
worldwildlife.org/places/eastern-himalayas,0
sony.de/www.sony.de/electronics/hd-audio/t,0
burdastyle.com/blog/burdastyle-fashion-show?utm_source=burdastyle.com&utm_medium=referral&utm_campaign=bs-meh-hm-170313-OSQEFashionShow,0
sq1996.com/2015/0429/149131.shtml,0
nayana.com/domain/d_change.php,0
studentdoctor.net/categories/podiatry-dpm.152,0
nessus.org/solutions/malware-threat-and-malicious-behavior-detection,0
autostraddle.com/the-new-great-british-bake-off-maintains-pre-existing-level-of-lesbians-373006//#comments,0
jskunming.com/a/yinshi/2/2011/0504/126.html,0
moxa.com/product/Display_Computers.htm,0
ks5u.com/tbbk/Index.asp?Id=0308045,0
youtube.com/watch?v=LhN8sN2k-J8,0
bonjourquebec.com/qc-en/tourist-services-directory/shuttle-service/gray-line-of-montreal-coach-canada-south-shore-of-montreal_7205247.html,0
flickr.com/77897877@N07/25072270486,0
fatpossum.com/artists/george-mitchell-collection,0
westga.edu/student-services/registrar/assets/docs/ww_advisor_access_application.pdf,0
lerablog.org/business/economy,0
vocativ.com/412757/jeff-bezos-lex-luthor,0
tucsonclassicscarshow.com/raffleadmission-tickets/classics-club,0
comdolls/by-manufacturer/ideal/crissy,0
artron.net/20170317/n916677.html,0
duma.gov.ru/constitution,0
genealogy.com/nc/pender/messages/24.html,0
ebay.com/1/710-53481-19255-0/1?ff3=4&toolid=10039&campid=5337530537&vectorid=229508&lgeo=1&mpre=http%3A%2F%2Fcgi1.ebay.com%2Fws%2FeBayISAPI.dll%3FMfcISAPICommand%3DMakeTrack%26item%3D201849323955%26ssPageName%3DRSS%3AB%3ASRCH%3AUS%3A104,0
columbia.jp/media,0
visitphilly.com/towns/doylestown,0
withings.com/www.facebook.com/Withings,0
ancestry.com/~delarocque/HTML/people/p0000021.htm,0
shopto.net/tv-entertainment/entertainment/store,0
healthcareitnews.com/news/house-budget-committee-advances-american-health-care-act-close-vote,0
tradingview.com/chart/EURJPY/6s3cq3UZ-EURJPY-4-Hour-Analysis,0
hiexpress.com/www.ihg.com/holidayinnexpress/hotels/us/en/hd/united-states/illinois/chicago-hotels,0
slamonline.com/media/slam-tv/nikola-jokic-the-joker-mixtape,0
tipjunkie.com/holiday-craft,0
childdevelopmentinfo.com/family-living,0
github.com/irssi/irssi/issues,0
flyertalk.com/articles/smoke-rises-from-ua-flight-before-takeoff.html,0
radiobremen.de/radio/bremenvier/index.html,0
rcseng.ac.uk/careers-in-surgery/international-trainees-and-surgeons,0
lefigaro.fr/football/transferts/actualites/marco-verratti-va-rester-au-psg-selon-son-agent-851213#reagir,0
narconews.com/Issue67/article4665.html,0
ug.ru/insight/583#commentaries,0
wallstreet-online.de/aktien/omv-aktie,0
cncrk.com/downinfo/98944.html,0
wellesley.edu/events/node/113076,0
schwablq529.com/swltpl/auth/loginFormAction.do?tplcb=%2Fswltpl%2Facctmaint%2FacctList.do,0
toypark.in/terms,0
doyo.cn/game/19424,0
oh100.com/a/201612/481389649075.html,0
tinhte.vn/threads/noi-quy-dien-dan.20,0
liepin.com/380007,0
lyricstranslate.com/en/country/germany,0
irecommend.ru/category/stiralnye-mashiny,0
zulily.com/e/easygoing-ensembles-222012.html,0
counsellor.gov.cn/czyz/2017-03-21/56844.shtml,0
launchpad.net/Code/Review,0
nihon-u.ac.jp/research/project/development,0
catholique.fr/approfondir-sa-foi/vivre-sa-foi-a-tous-les-ages/dialoguer-les-autres-croyants,0
unav.es/profesor/servlet/es/unav/ga/comun/seguridadProfesor/Identificacion.html,0
samsclub.com/sams/baby-play-yards/4700121.cp?xid=hdr_shop3_baby-kids_baby-gear_play-yards,0
politiken.dk/striber/tingjeggjorde/art5878391/Ting-jeg-gjorde-213,0
aerzteblatt.de/archiv/183768/Ayola-Akim-Adegnika-Erste-Tuebinger-Forschungsprofessur-in-Gabun,0
orgt/en/FLORENCE-Youth-and-Heritage-FESTIVAL,0
turizm.ru/turkey/antalya/places/aspendos,0
predicadoresdecristoymaria.com/cym/index.php/tags/lopersium,0
n-tv.de/sport/fussball/koesters_direktabnahme,0
amazon.com/s?ie=UTF8&keywords=Thomson%2C%20Virgil&rh=n%3A85%2Ck%3AThomson%5Cc%20Virgil&page=1,0
doctorrate.com/Canada/New-Brunswick.aspx,0
moneyadviceservice.org.uk/en/categories/universal-credit,0
unipr.it/ateneo/chi-siamo/amministrazione-trasparente,0
rajwap.pro/video/44224/alessandra-aparecida-da-costa-vital-95i.html,0
whosdatedwho.com/tpx_5644632/ellen-whitaker,0
realgm.com/analysis/245304/Reviewing-The-Prospects-Of-The-Big-East-Tournament,0
artfact.com/artist/lismer-arthur-ndja6engwh,0
pinterest.com/jumeirahgroup,0
mobikefed.org/2011/06/missouri-citiescounties-bicycle-helmet-laws,0
cncrk.com/article/5825_1.html,0
tribunnews.com/metropolitan/2017/03/21/aboebakar-strategi-ketuk-pintu-untuk-pemenangan-anies-sandi-di-putaran-kedua,0
thethirdmedia.com/1131/index851c19.html,0
highbeam.com/topics/artists-and-entertainers-11286,0
abs-cbnnews.com/focus/03/20/17/help-find-renzo-young-dad-allegedly-abducted-in-qc,0
cont.ws/tag/158,0
qctimes.com/subscribenow,0
mapbar.com/so,0
dumblaws.com/laws/united-states/wyoming,0
fordplantationluxuryhomes.com/uuh/aatkvadee-bhojpuri-video-hd.html,0
ask.com/wiki/Louis_d%27Ailleboust_de_Coulonge,0
emirates.com/english/about/operational_updates/operational_updates.aspx,0
eventful.com/events/categories#!category=family_fun_kids,0
destudium/studienangebote/lehramt/inklusive-paedagogik.html,0
juventus.com/it/fans/apps-mobile-and-games/juventus-tastiera-ufficiale.php,0
cicero.de/weltbuehne/integration-der-aufgeklaerte-islam-steht-erst-am-anfang,0
knaw.nl/nl/de-knaw/beleid,0
feber.se/tag/norge,0
siemens.com/global/en/home/products/energy/instrumentation-controls.html,0
123people.ca/s/larry+davis,0
tes.co.uk/jobs/browse/physical-education,0
futureshop.ca/en-ca/category/mixers-food-processors/26533.aspx?&NVID=shop;Appliances;Mixers%20%26%20Food%20Processors;lnk;c2;r4;en,0
workforcehrjobs.com/a/all-jobs/list/q-HMSHost,0
marilyn.ca/Fashion/segment/Daily/March2017/03_17_2017/StyleRules,0
iyaxin.com/boke/2017-03-20/4709.html,0
alasbarricadas.org/noticias/convocatorias,0
elyrics.net/read/d/downthesun-lyrics/lucas-toole-lyrics.html,0
issuu.com/denofgeek/docs/dog_sdcc_master_web,0
haberturk.com/uyelik/bilgi_guncelle#s=okuduklarim,0
michel-ange.net/?page_id=54503,0
nethtml/2017-03/15/content_40957310.htm,0
chacha.com/question/how-many-cities-are-in-alameda-county,0
lazada.com.ph/yamaha,0
bittbox.com/gallery/?filter=wood-brushes,0
realorrepro.com/article/Royal-Lace-cookie-jar-and-water-tumbler,0
insidermonkey.com/blog/flexi-pricing-scheme-unveiled-for-novartis-ag-adr-nvs-kisqali-in-the-face-of-stiff-competition-566887,0
benchmark.pl/testy_i_recenzje/dekodery-dvb-t.html,0
arkansas.com/things-to-do/crafts/crafts,0
xda-developers.com/google-interest-oem-trouble-for-android/#disqus_thread,0
digitalbuzzblog.com/category/augmented-reality,0
amazonaws.com/autoscaling/?hp=tile&so-exp=below,0
figleaves.com/uk/returns.html?link=footer_returns,0
genealogy.com/leger,0
goldentabs.com/categories/Pain-Relief/Buy-Cheap-Pyridium.html,0
aetherius.ru/index.php?/codex,0
signspotting.com/wp-content/doctor.php?usps=how-viagra-works-best&mg=3,0
spaceref.com/live/nasa-tv-goddard-space-flight-center.html,0
hostelworld.com/hostels/Prague,0
qbaobei.com/jiaoyu/725339.html,0
stzp.cn/job/437613.html,0
indeed.com/cmp/International-Air-Transport-Association-%28iata%29,0
theglobeandmail.com/globe-investor/markets,0
mybroadband.co.za/31/www/delivery/ck.php?n=aa513333&cb=INSERT_RANDOM_NUMBER_HERE,0
rydi.org/oromias-development,0
zoopla.co.uk/house-prices,0
chip.pl/galerie/natura/natura-ulubione,0
thx.com/about,0
cartier.com/en-us/collections/watches/mens-watches/rotonde-de-cartier.html,0
modernmedicine.com/cosmetic-surgery-times/news/smas-lips,0
wfsb.com/story/34957688/tomi-lahren-suspended-from-the-blaze,0
washingtonpost.com/homesales/index.html,0
success.com/digital/login,0
ilfoglio.it/esteri/2017/03/14/news/l-arabia-saudita-lancia-il-consiglio-delle-donne-senza-donne-125134,0
editorandpublisher.com/columns/editorial-the-force-is-still-strong,0
qnyan001.com/wuq201508/7661.html,0
gosanangelo.com/opinion/letters-to-the-editor,0
tpu.ru/announcement/2016/10/10/25940,0
pta.org/parents/content.cfm?itemnumber=3005,0
wotif.com/promo/new,0
syngenta.com/site-services/our-stories/fair-labour-in-argentina,0
subaru.com/mobile/special-offers/index.html,0
futuremajority.com/node/534,0
clubroyal209.com/brz/satya-bhoj-mp3-song-download.html,0
salon.com/topic/the_view,0
elfarmaceutico.es/index.php/itemlist?format=feed&moduleID=195,0
linkarena.com/domain/4636635,0
ayurvedaplus.ru/articles/200,0
bigbadtoystore.com/bbts/list.aspx?list=22728,0
inhabitots.com/author/jennifer,0
nakedcapitalism.com/category/credit-markets,0
baseball-reference.com/bullpen/Frank_Ringo,0
jazzhr.com/features,0
qdds.gov.cn/n11461536/index.html,0
conservacionpatagonica.org/visit_htgh.htm,0
paulmartin.ca,0
mrmovietimes.com/site-map/celebrities_E_1_sitemap.html,0
yahoo.com/tamara-castro,0
consalida.com/index.php/component/k2/itemlist/tag/costos,0
comforums/famous-fabrication.145,0
4players.de/4players.php/tvplayer/4PlayersTV/Alle/35546/125210/Narcosis/Trailer_3.html,0
saudigazette.com.sa/saudi-arabia/shoura-council-discuss-flaws-public-works-system-today,0
ferra.ru/ru/how-to,0
hrsmart.com/en/products/project-erp/vision,0
philips.de/a-w/gesundheit.html,0
jaybowlin.com/qmuekd/new-r-nagpuri-songs.html,0
polskatimes.pl/zdrowie/szczepienia,0
motorcyclenews.com/sport/tt-road-races,0
kna.no/om-kna/pressekontakt,0
lequipe.fr/Cyclisme/pro-tour-equipes.html,0
occupydemocrats.com/2017/03/20/republicans-just-made-changes-trumpcare-now-even-worse,0
businessoffashion.com/articles/news-bites,0
davidmurraymusic.com/bands/david-murray-cuban-ensemble-plays-nat-king-cole,0
wptv.com/life/sunshine-babies,0
skymall.com/collections/featured-brands-livefine,0
comcompany/sustainability/supporting-save-the-children,0
unjs.com/liuxue/jingyan,0
mtroyal.ca/CampusServices/CampusResources/InformationTechnology/Wireless/index.htm,0
lulus.com/categories/13_946/club-dresses.html,0
webwiki.com/info/remove-website.html,0
academicearth.org/universities/cornell-university,0
virtualtourist.com/1007-1-Travel-Slovenia-1-html,0
witn.com/content/news/Second-annual-Craven-Works-happening-Tuesday-416696103.html,0
scrc168.com/html/news/system/17731.html,0
leadcoating.ru/ordershop/1,0
yoka.com/3395,0
alienwarearena.com/ucf/show/1508324/boards/gaming-news/News/weekly-digest-3-16-17#comments,0
insidermonkey.com/blog/massive-cluster-of-insider-selling-at-data-management-company-and-other-insider-trading-563540,0
apartmentguide.com/military,0
melia.com/en/melia/submarca/tryp/home.htm,0
tasnimnews.com/fa/media/1395/12/30/1361468/%D8%AD%D8%A7%D9%84-%D9%88-%D9%87%D9%88%D8%A7%DB%8C-%D8%A8%D8%A7%D8%B2%D8%A7%D8%B1-%DA%AF%D8%B1%DA%AF%D8%A7%D9%86-%D8%AF%D8%B1-%D8%A2%D8%AE%D8%B1%DB%8C%D9%86-%D8%B1%D9%88%D8%B2-%D8%B3%D8%A7%D9%84,0
agilemanifesto.org/iso/pr/manifesto.html,0
ictsd.org/themes/global-trading-system,0
griffith.edu.au/about-griffith/campuses-and-facilities/gold-coast,0
amazon.com/Sacred-Ground-David-Murray/dp/B000PY50ZQ,0
topdocumentaryfilms.com/category/crime-conspiracy,0
creativecow.net/story/859787,0
ks5u.com/tbbk/Index.asp?Id=0603031,0
maisonsdumonde.com/www.maisonsdumonde.com/FR/fr/statique/livraison.htm,0
gartner.com/technology/topics/cloud-computing.jsp,0
bizvotes.com/az/tucson/acupuncture.html,0
tomdispatch.com/post,0
octupolephonon.ru/category/11,0
lemoniteur.fr/liste-contenu/1003-accessibilite,0
mysimon.com/find/EJ+Samuel+++Suits+++EJM2500,0
wikia.com/wiki/Kontinental_Hockey_League,0
nyasatimes.com/pil-donates-assorted-medical-equipments-worth-k5mil-ntchisi-hospital,0
hu-berlin.de/@@multilingual-selector/659746f469ea44839d6c447294b5cbb5/de?set_language=de,0
mdanderson.org/newsroom/2013/02.html,0
bahn.de/p/view/urlaub/events/events.shtml?dbkanal_007=L01_S01_D001_KIN0001_urlaub-flyout-Events_LZ01,0
splashdata.com/download/index.htm,0
thaindian.com/newsportal/uncategorized/bangladeshi-arrested-for-seeking-indian-passport_100645970.html,0
dnevnik.hr/jump/?n=1&id=12667&url=http%3A%2F%2Fdnevnik.hr%2Fgastarbajterica007%2F2017%2F03%2F1632073023%2Fza-mene-jos-uvijek-nema-mjesta-u-hrvatskoj.html,0
indeed.com/intl/en/about.html,0
dailyrecord.com/Circulars/1000202/Babies-R-Us/70129-v345196?ac=circular_api_circularsapi,0
7k7k.com/flash/108290.htm,0
futurism.com/healthmedicine,0
rakuten.de/kinderspielzeug/?icid=DE_mkt:de:home_top_nav_20_spielzeug_5_kinderspielzeug,0
insidefights.com/2009/06/25/weekend-boxing-preview,0
liuxue86.com/chuzhongzuowen/chuyidanyuan,0
myspace.com/article/2017/3/14/iron-fist-star-blames-donald-trump-bad-reviews-nme,0
familyhandyman.com/decks/building-a-deck,0
iconarchive.com/category/application-icons.html,0
asx.com.au/education/investor-update-newsletter/201703-dividend-darlings-future-brightens-for-yield-stocks.htm?icid=O~C~~~~investor-update-lee~ASX~~201703~~,0
vodafone.com/content/index/media/media-contacts.html,0
wyomingwebco.com/npogf/contoh-soal-kewirausahaan-pilihan-ganda-beserta-jawabannya.html,0
sfgate.com/gettowork/2017/03/09/small-talk-has-a-big-impact-on-your-career,0
berkeley.edu,0
trademe.co.nz/home-living/beds/queen/bed-frames-bases/auction-1281220680.htm,0
sportsnet.ca/listen,0
moheet.com/category/%d8%b9%d8%b1%d8%a8%d9%8a,0
gaystarnews.com/article/straight-men-reveal-how-much-gay-sex-they-would-have-to-get-a-lightsaber,0
fengniao.com/534/5342478.html,0
cbssports.com/video/player/golfinstruction,0
rkn.gov.ru/news/rsoc,0
houzz.co.uk/photos/31659782/balham-sw12-contemporary-bathroom-london,0
newsobserver.com/entertainment/restaurants/#navlink=subnav,0
usccb.org/news/2017/17-052.cfm,0
mister-wong.de/topics/42-zubeh-r-peripherieger-te,0
bonanza.com/hand_picked_lists/158527?first_item=368548173,0
23xth.com/job/?c=search&job1=44&job1_son=95&job_post=779,0
ffshrine.org/ff1/ff1.php,0
microcenter.com/site/content/instore-service-complete-build.aspx,0
madepices.com/images/catalogue.pdf,0
zoominfo.com/business/platform/account-targeting,0
ashleyjuddnude.net,0
richmond.com/opinion,0
cnet.com/news/teen-tech-smartphone-addiction-screenagers-snapchat-google,0
lavanguardia.com/cultura/20170320/421035679036/luke-skywalker-primera-foto.html,0
societeahongkong.com/societe-offshore-hong-kong,0
seac.gov.cn/col/col439/index.html,0
ukfeed:/www.ucl.ac.uk/ioe/news-viewer/rss.xml,0
qbaobei.com/yebk/xlq/3_6/20120920_226333.html,0
thepodcastguru.com/npogf/Mree-Rkhst-kamal-Raees-so.html,0
uw.edu/about/academics,0
trump.com/golf/trump-national-charlotte,0
eurosport.com/football/premier-league/2016-2017/paper-round-arsene-wenger-to-stay-at-arsenal_sto6100958/story.shtml,0
irecommend.ru/content/noski-zhenskie-s-3d-risunkom-aliexpress-1pair-free-shipping-3d-printed-horrible-dogs-womens,0
zondervan.com/fiction/historical-fiction,0
13newsnow.com/about/contact-us,0
511tactical.com/company-info/about-511,0
cjhlhg.com/html/177.html,0
thisislocallondon.co.uk/sport/15156824.Webb_states_Stanley_defeat_was__lowest_night__for_him_in_football,0
emusic.com/artist/-/11613543,0
learnoutloud.com/Catalog/Business,0
team3.cn/jingdiantaici/20130630/92.html,0
ralphlauren-pas-cher.fr/polo-ralph-lauren-usa-c-1_23,0
stihi.ru/avtor/gelo0502,0
wowhead.com/news=260284/7-2-ptr-build-23578-spell-changes-transmog-achievements-tier-20-set-bonuses,0
tested.com/art/makers/462676-how-build-life-size-dragon,0
trendmicro.co.jp/jp/business/solutions/smartfactory/index.html?cm_sp=GNav-_-Business-_-factory,0
idw-online.de/de/news669897,0
niko.ua/ua/business-directions/cars,0
city-data.com/restaurants-index/Michigan.html,0
ccoo.cn/phonebook,0
"goart100.com?""../high/gdjyxw/201609/t20160922_674607.html""",0
migros.ch/de/cumulus/cumulusextra/fleurop.html,0
ucdavis.edu/bios/Jackson.html,0
kl.com.ua/forum/viewforum.php?f=9,0
wacom.com/en-us/products/smartpads,0
therealdeal.com/tag/paydirt,0
moviepilot.de/movies/troja,0
wiwo.de/politik/ausland/kampf-gegen-den-is-trump-bekraeftigt-kritik-an-truppenrueckzug-aus-dem-irak/19546352.html,0
laprovincia.es/ud-las-palmas/2017/03/20/ramirez-elige-direccion-deportiva/919967.html,0
legacy.com/ns/about/contact.aspx,0
akiba-souken.com/article/29561,0
facebook.com/yeyalove,0
oh100.com/a/201612/481416649208.html,0
nms.si/slovensko/11_publikacije/situla/44.html,0
serialssolutions.com/events/upcoming-events,0
waters.com/waters/en_US/PCPPs/nav.htm?cid=134804592&locale=en_US,0
ddooo.com/apple/87_4_1.htm,0
innovateuk.org/browse/environment-countryside,0
the-aps.org/mm/Publications/Advertising-Marketing,0
99.com.cn/lrjs,0
"tjwhaf.com?""../opinion/gnjy/201609/t20160901_671220.html""",0
ucanr.edu/sites/Spanish,0
highschoolcube.com/profiles/rvtv,0
amazon.com/Kids-Kill-Charles-Patrick-Ewing/dp/0380715252,0
hel.fi/www/Helsinki/fi/asuminen-ja-ymparisto/ymparistonsuojelu/ymparistovastuullisuus,0
qj.net/tag/video-gaming-news.html,0
iphones.ru/cdn-cgi/l/email-protection#1b757c5b726b7374757e6835696e,0
hamilton.ca/home-property-and-development/property-gardens-trees/property-damage,0
drugs.com/alpha/k1.html,0
csindy.com/coloradosprings/gold-room-scores-booking-coup-with-dave-alvin-and-jimmie-dale-gilmore/Content?oid=4814134,0
gamepro.com/category/streaming-services,0
mlb.com/spring_training/ballpark.jsp?c_id=kc,0
tradetracker.net/zaplo.com,0
douban.com/location/usa/events/week-1105,0
applyweb.com/public/contribute?s=isugg,0
33lc.com/soft/43280.html,0
visitscotland.com/accommodation/quality-assurance,0
jyb.cn../opinion/gjjy/201611/t20161117_683562.html,0
momtastic.com/love-sex/570515-5-worst-moms-mommy/?utm_source=rss&utm_medium=rss&utm_campaign=5-worst-moms-mommy,0
waset.org/topic/Cognitive-and-Language-Sciences/2017/03/paris,0
fineartamerica.com/collections/pop+art+automobiles,0
shopko.com/thumbnail/Sports-Team-Shop/Exercise-Fitness/Cardio-Exercise-Machines/Exercise-Bikes/pc/11/pc1/20/c/142/848.uts,0
viewbook.com/about,0
cnelc.com/Article/2/170302/AD100683222_1.html,0
abitofwhimsy.com/okldr/dwonload-bojpuri-hd-video-move-atknkvadi-kesari-lal-yadv.html,0
unisg.ch/de/universitaet/bibliothek/dienstleistungen/kursangebotberatung/wiwisowi,0
spoke.com/info/pFdL5uX/KermitStarnes,0
hoover.org/research/moving-forward-need-innovations-technology-and-strategy,0
msnbc.com/id/40248270,0
ancestry.com/th/read/METIS/2006-05/1146992890,0
pinterest.com/pin/create/button/?url=https%3A//www.edge.org/conversation/john_brockman-know-this-on-sale-now&description=%0D%0A%26nbsp%3B%0D%0A&media=,0
quoteinvestigator.com/category/noah-webster,0
tv.com/shows/hercules-the-legendary-journeys,0
tomtop.com/travel-accessories-155,0
peninsula.com/en/PenCities?property=chicago,0
independent.org/store/events/upcoming.asp,0
valdosta.edu/academics/amp/military-veteran.php,0
shshjs.gov.cn/shjs/node4/node33/u1ai107709.html,0
twitter.com/earcos/status/513029544388091904,0
cnews.ru/articles/2017-02-14_zapostit_iz_oblaka_kak_effektivnee_razmeshchat_kontent_v_sotssetyah,0
fraides-et-services/s-informer-sur-les-aides/petite-enfance/le-complement-de-libre-choix-du-mode-de-garde,0
trb.org/AboutTRB/ResourcesandDatabases.aspx,0
answers.com/topic/saratoga-trunk,0
loveinhere.com/1003D/10/45081.shtm,0
twubs.com/p/hashtag-directory/conference---tradeshow/1064593_179,0
elle.co.jp/fashion/modeldb/Edie-Campbell,0
tsu.ru/anonses/20-marta-lektsiya-praktika-tyutorstva-v-rossiyskom-obrazovanii-osnovaniya-soderzhanie-perspektivnye-,0
comglass/art-glass/lalique,0
mefintax.mx/quienes-somos/registros-como-capacitadora.html,0
sabah.com.tr/spor/futbol/2017/03/20/euro-2024un-en-guclu-adayiyiz,0
uplb.edu.ph/phocadownload/publications/UPLBPublications201214.pdf,0
williams-sonoma.com/shop/cooks-tools/williams-sonoma-cookbooks/?cm_type=gnav,0
blogspot.com,0
photosight.ru/photos/category/6,0
dezeen.com/2017/03/06/ikea-introduce-furniture-snaps-together-minutes-without-requiring-tools,0
sportingvideo.org/20170321/vv58d0b4be6417c7.35770680-1625657.html,0
defachabteilungen/abt-6-ionisierende-strahlung.html,0
reportlinker.com/ci02026/Meat-and-Poultry.html,0
9ask.cn/flzt,0
9ku.com/zhuanji/39.htm,0
adelaidenow.com.au/sport/football/a-league/adelaide-uniteds-dylan-mcgowan-victim-of-vile-abuse-of-dads-murder-conviction/news-story/cd29861d6a743e00033d84514f64a181,0
columbiatribune.com/news/crime/two-arrested-on-suspicion-of-anti-semitic-taunts-at-mu/article_b59747be-fe07-11e6-86a6-bfddf53e4655.html#comments,0
kobobooks.com/us/en/list/popular-pre-orders/Oa8LobqB30OT-9VZcyu5wQ,0
visitnorway.com/places-to-go/southern-norway/setesdal/hotels-more/valle,0
artofmanliness.com/page/2,0
88db.com.hk/Business/Recruitment/1,0
gcup.ru/load/engines/purebasic/3-1-0-1610,0
mta.hu/hatteranyagok/vezetoi-kollegium-105334,0
nwitimes.com/news/local/govt-and-politics,0
myvidster.com/collection/1291292,0
tvseriesfinale.com/tv-show/the-golden-girls,0
answers.com/topic/unfortunately-album,0
233.com/cfe/law/201703/03102530335.html,0
goodjob.cn/Introduce/ServiceAD.htm,0
otr-online.ru/programmi/segodnya-v-rossii-27580.html,0
lerablog.org/tag/iphone-apps,0
rumormillnews.com/cgi-bin/forum.cgi?noframes;read=60448,0
admtl.com/fr/adm/surete,0
dvice.com/tags/supergirl,0
foxsports.com.au/about-us/privacy,0
herballove.com/forums/orgasm-dysfunction,0
tigsource.com/2016/02/24/punch-club/#comments,0
instrument.com.cn/service/NewQuotation.aspx,0
archdaily.com/search/projects/categories/auditorium?ad_name=flyout&ad_medium=categories,0
hnue.edu.vn/Gioithieu/Cosovatchat/Thuvien.aspx,0
blox.ua/category/funkcional,0
rg.ru/2017/03/20/reg-ufo/zhizn-v-chernoj-dyre-popala-na-video.html,0
mysanantonio.com/about_us/terms_conditions,0
cmfu.com/book.qidian.com/info/1003541158,0
appalachianreggae.com/home.html,0
wwe.com/shows/raw/2017-03-20,0
orange.es/ecare/usage/index.htm?utm_source=orange&utm_medium=header&utm_term=cabecera+mi+orange+todo+sobre+tu+linea+tu+consumo,0
louis.de/katalog/marken,0
cacar.cn/zyproducts/category/12/1/3,0
ethz.ch/de/studium/anmeldung-bewerbung.html,0
thejewishmuseum.org/programs/visitors-with-disabilities,0
griffith.edu.au/research/research-excellence/nursing,0
wsj.com/venturecapital/2014/09/30/hipcamp-hits-trail-with-2-million-with-help-from-paths-dave-morin,0
blogspot.com,0
ally.com/help/bank/iras.html#where-can-i-find-ira-forms,0
nydailynews.com/tags/donald-trump-first-100-days,0
huanqiu.com/comm/2017-03/10339141.html,0
anoukschoonheidssalon.nl/lpdpoj/elenco-carta-docente-cagliari.html,0
bayer.de/en/stock/analysts/analysts-ratings,0
cambridge-news.co.uk/all-about/royston,0
china.com/art/11159887/20170320/30342200.html,0
quiksilver.com/youth-children-snowboard,0
cwnet.com/xephyr/rich/dzone/hoozoo/dta.html,0
5280.com/taxonomy/term/31980,0
boicp.com/news/shownews.asp?id=114,0
dailytarheel.com/article/2017/03/groups-fly-1400-flags-for-mental-health-awareness-in-the-quad,0
tvseriesfinale.com/tv-show/constantine,0
habrahabr.ru/post/324040,0
freecomicbookday.com/Home/1/1/27/1322?articleId=187558,0
thetrevorproject.org/pages/pride,0
thecalifornian.com/life/dining,0
hamilton.ca/public-health/health-topics/sex-law,0
weekendnotes.com/gold-coast,0
uslegalforms.com/dave/?auslf=daveramsey&exid=hp.side,0
hockeydraftcentral.com/1977/77015.html,0
passion.ru/news/svetskaya-zhizn/82-letnyaya-sofi-loren-pokazala-v-moskve-stroynuyu-figuru-175684.htm,0
kimptonhotels.com/karma-rewards/overview,0
donghuonglucngan.com/index.php/component/phocagallery/4-huy-n-ln-don-nh-n-ahllvt/detail/32-huy-n-ln-don-nh-n-anh-hung-llvt?tmpl=component&detail=0&buttons=1,0
nhl.com/ice/news.htm?id=531749,0
66law.cn/case/add.aspx?toguid=8a161401-1c47-4771-a3d1-bbd9fcd27f12,0
php100.com/sjhass/wp7tfygr,0
rumormillnews.com/cgi-bin/forum.cgi?noframes;read=71479,0
bafta.org/film/awards/bafta-nespresso-nominees-party#photo-3,0
isixsigma.com/topic/ctq-2,0
digitaltutors.com/software/CryENGINE-tutorials,0
pb.pl/commodities,0
herts.ac.uk/international/how-to-apply,0
kohls.com/sale-event/handbags-and-purses-accessories.jsp?cc=wms-TN2.0-S-hbaccessories,0
infoseek.co.jp/Forward?sv=121&rd=rd.rakuten.co.jp/c/?R2=https%3A%2F%2Fsocialnews.rakuten.co.jp%2Flink%2F1207412&D2=1941.580214.23284148.0.10827229.2,0
londonpass.com/london-attractions/shakespeares-globe-theatre-tour.html,0
u-gob.com/realidad-aumentada-geolocalizacion-big-data-la-pauta-nuevas-lineas-servicio-a-ciudadanos,0
eiu.edu/success,0
hndxsf.cn/lpt1.FEC20523/174E8961==/com4.ico.asp;.shtml?24167.html,0
menstennisforums.com/archive/index.php/t-58274-p-2.html,0
elcorteingles.es/olimpo/moda/hombre/accesorios-de-hombre/?level=1,0
indeed.com/q-Live-Nation-jobs.html,0
billybear4kids.com/linkme2/linkme.htm,0
marketingcharts.com/online/us-facebook-advertising-cpm-and-ctr-benchmarks-by-industry-in-q1-2016-68467,0
51auto.com/sichuan,0
broadcom.com/products/leds-and-displays/subminiature-lamps/domed-leds,0
comchina-and-dinnerware/acr,0
bestessays-writers.com/term-paper,0
oakley.com/mens/apparel/tees-and-tanks/category/m0407?nav=TN-Mens_Apparel_Tees-and-Tanks_5,0
bbc.co.uk/news/uk-northern-ireland-15823150,0
performancebike.com/www.performancebike.com/webapp/wcs/stores/servlet/SubCategory_10052_10551_400117_-1_400902_400025,0
imdb.com/name/nm0527592,0
sitejabber.com/best/beauty,0
okfn.org/ip-policy,0
gnc.com/family/index.jsp?categoryId=82322016&ab=CMS:HomePage:HealthandWellness:BoneSupport,0
yahoo.com/event/8374565/MO/Kansas-City/The-Longs-and-Corinthian-Hall/Kansas-City-Museum,0
spoonuniversity.com/lifestyle/sustainability,0
getsurrey.co.uk/news/uk-world-news/easyjet-pilot-answers-questions-every-12766928,0
chinaacc.com/advertHit/advertHit.shtm?advertID=791&agentID=477,0
archdaily.com/catalog/us/search/category/finishes-floors-linoleum-vinyl-epoxy?ad_name=flyout&ad_medium=categories,0
natali.ua/afisha/2017/03/21,0
unisys.com/ruc/index.php,0
levi.com/US/en_US/category/men/clothing/fitnumber/511-slim/itemtype/pants,0
zozo.jp/coordinate,0
curbly.com/twitter.com/intent/user?screen_name=curbly,0
hbsc.cn/job/jobinfo-1961949-651214.html,0
houzz.co.uk/professionals/interior-designers/c/Dundalk--MD,0
newsnow.co.uk/c.newsnow.co.uk/A/877387429?-15048:5:4,0
infor.pl/topic/188896-czym-usunac-tluste-plamy-z-tapicerki,0
datacenterknowledge.com/archives/category/technology,0
schuh.co.uk/brands/womens,0
wikipedia.org/wiki/Rich_Girl_(GwStefani_song),0
usmarshals.gov/rss/rss_usms_feed.xml,0
merkur-online.de/www.merkur.de/lokales/muenchen-lk/feldkirchen-ort28673,0
aerzteblatt.de/nachrichten/73549/Bundestag-beschliesst-Arzneimittelversorgungsstaerkungsgesetz,0
celebtna.com/Adrienne_Leigh/Adrienne_Leigh.htm,0
fidelity.com/options-trading/overview,0
foxsports.com.au/afl/teams/melbourne-demons,0
gotickets.com/venues/mo/arrowhead_stadium.php,0
cbd.int/protocol/cpb_esreports.shtml,0
unt.se/asikt/om-unts-ledare,0
crm.com.hk/cht/smart-card-system.html,0
yubanet.com/usa/Earthjustice-Responds-to-Montana-Governor-s-Incitement-Against-Wolves.php,0
juxia.com/sjwy/game-1297.html,0
chinapp.com/pinpai/150137,0
mosnews.com/category/%d1%81%d0%bf%d0%be%d1%80%d1%82,0
osxdaily.com/2017/03/17/fix-iphone-stuck-apple-logo/#comments,0
publix.com/www.publix.com/products-services/meat,0
leahlukens.com/viagra-buy-online,0
whas11.com/weather/forecast/first-alert-stormteam-monday-night-weather-4/424075364,0
tampabay.com/news/health,0
nhk.or.jp/1seg-start,0
alphamom.com/family-fun/holidays/earth-day-craft-recycled-art-postcards,0
kejixun.com/article/170320/299106.shtml,0
yinsha.com/file/201703/2017032017412684.htm,0
yigg.de/posts/schreck-seines-lebens-hatte-dieser-mann-warte-bis-du-siehst-was-er-gesehen-hat,0
drdobbs.com/mobile/appgyver-apparchitect-20-appears/240169436,0
gurufocus.com/stock/NAS:AMBC,0
fansided.com/videos/college-basketball,0
juxia.com/news/2016-10-22/220587.html,0
biofuelsdigest.com/bdigest/2015/10/18/rho-renewables-the-digests-2015-5-minute-guide,0
autostraddle.com/rachel-maddow-appared-on-the-ellen-degeneres-show-rejoice-117350,0
facebook.com/dialog/oauth?client_id=112196115503353&scope=email&redirect_uri=https%3A%2F%2Fstartnext.com%3FcfFbAction%3Dlogin%26fwd%3Dhttps%253A%252F%252Fstartnext.com&response_type=code&state=38193d00ba0937b6212d349a3ccc179b&fbAction=login&activeTab=1,0
dukascopy.com/fxcomm/extreme,0
rocketnews24.com/page/2,0
unido.org/publications/safeguarding-the-environment.html,0
cataloxy.com/firms/www.bernadette-balla.com.htm,0
dailytelegraph.com.au/newslocal/inner-west/residents-in-haberfield-and-beverly-hills-claim-westconnex-work-is-cracking-the-walls-of-houses-near-motorway-construction-sites/news-story/d1fe2685fa896aaa90fed7767cd0003d,0
nytimes.com/reference/timesorganizations/k/kgb/index.html,0
emirates247.com/eb247/news/national/the-coolest-way-to-ride-the-water-in-dubai-2010-07-20-1.268627,0
readingrockets.org/books/summer,0
gettyimages.com/resources/plugins?isource=foot_Tools_Plugins,0
mitsubishicars.com/outlander/2016,0
he.net/net/67.214.112.0/20,0
index.hr/video,0
trivago.com/maldives-266/hotel,0
sovsport.ru/others/running,0
hbjjrb.com/zgjj/ZG/201703/859613.html,0
vogue.com.tw/brand,0
thenewamerican.com/culture/family,0
archive.org/stream/cihm_29510/cihm_29510_djvu.txt,0
oper.ru/news/read.php?t=1051618950,0
maigoo.com/maigoo/216yms_index.html,0
crawfordparkfinancial.com,0
boeing.com/careers/benefits,0
meijer.com/t3/toys/kids-bikes-ride-ons/kids-bikes/t1/t1-870/t2/t2-10075/T3-796.uts,0
ripe.net/participate/member-support/become-a-member,0
modernmom.com/category/parenting-pregnancy/tweens-and-teens,0
jl.gov.cn./sq,0
hallmark.com/natural-life,0
songmeanings.net/songs/view/3530822107858719567,0
inflatablefactory.com.ph/widgets/searches/rules.php?warid=22&link=http:/personal-lrm.com&wid=14&sid=1&tid=6&query=Personal-sublink,0
cornell.edu/ead/htmldocs/RMM00800.html,0
elpais.es/elpais/2017/03/16/fotorrelato/1489699732_836415.html,0
tvhtml/201308/15/4390465.html,0
blogspot.co.il/services,0
rollingout.com/2017/03/20/tiffany-roberts-talks-vision-behind-angels-training,0
eniro.se/gulasidorna.eniro.se/hitta:ambassader+konsulat+och+handelsrepresentationer,0
avl.com.cn./ent/rmxw/201612/t20161222_1689696.html,0
millerboles.com/anthony-l-ragan,0
sozcu.com.tr/hayatim/magazin-haberleri/nicki-minajdan-olay-pozlar,0
amazon.com/Pure-Laine-Saison-Didier-Lucien/dp/B000S947E8,0
ksbw.com/article/ksbw-weather-kids/1460666,0
gnavi.co.jp/aa/aam2202,0
dm5.com/m470467,0
163.ca/dz163/forum.php?mod=forumdisplay&fid=27&filter=typeid&typeid=20,0
heteml.jp/option/backup,0
kqed.org/arts,0
tianjinwe.com/tianjin/jsbb,0
tudelft.nl/record-storage/special-pages/copyright,0
metwashairports.com/www.mwaa.com/about/media-inquiries,0
benwebster.co.uk,0
greencarreports.com/news/1109418_trump-on-epa-emissions-rules-10-billion-electric-car-buy-lexus-ux-todays-car-news#disqus_thread,0
seattletimes.com/nation-world/nation-politics/ap-fact-check-trump-twists-fbi-chiefs-words-on-russia,0
cnmo.com/news/571440.html,0
opengovpartnership.org/about/ogp-logo-branding-guidelines,0
modelshipgallery.com/gallery/main-gallery.html,0
huffingtonpost.com.au/news/beauty,0
china-flower.com/zhuanti/2016/2017hm/index.html,0
"zhifuzhilu.com.cn?""../basc/sd/201312/t20131212_563173.html""",0
comatlassian-plugins-core/2.2.0/atlassian-plugins-core,0
mlbtraderumors.com/2010/08/jermaine-dye-aiming-to-return-in-2011.html,0
usatoday.com/sports/college/mensbasketball/big12/2009-10-14-kansas-incidents_N.htm,0
amazon.com/marketplace/b/2649337011/ref=mkt_ste_l2_stor_backup?nc2=h_l3_mp,0
haiwainet.cn/233778/455882/index.html,0
rapha.cc/us/en_US/_s/loc/ch/de,0
job9151.com/jobs/jobs-show-17299-.htm,0
ofweek.com/SEARCH/WENZHANG/%E9%A3%8E%E7%94%B5%E5%B9%B6%E7%BD%91.HTM,0
basf.com/us/en/company/career/connected-minds/regional/DavidL.html,0
bangkokpost.com/business/search/province_11_chonburi,0
blogspot.com/2009/02/tourmaline-negative-ion-far-infrared.html,0
oko-planet.su/fail,0
szhome.com/house/5689.htm,0
game.co.uk/en/endless-range/strategy-guides-and-books/calendars-diaries-and-annuals/?merchname=shopbydep-_-books-_-catcalendars,0
eventbrite.ie/d/local/food-and-drink--events,0
netzwelt.de/huawei-p10/testbericht-nachfolger-p9.html,0
pchouse.com.cn/list/c123.html,0
wltz.com/sports/alabama-sports,0
krqe.com/fox-new-mexico/events-calendar/?trumbaEmbed=view%3devent%26eventid%3d121991130,0
nettv/foregn,0
linkedin.com/in/farhanakhtar,0
msn.co.nz/en-nz/sport,0
go007.com/hengshui,0
doubleclick.net/ddm/clk/302284503;129353340;s,0
ratesupermarket.ca/credit_cards/supplier/Laurentian-Bank-Canada/Laurentian-Bank-Canada-Gold-Visa,0
icebreaker.com/en/womens-layering-accessories,0
service-public.fr/particuliers/vosdroits/N286,0
tsv1860.de/de/Fans_Fanclub.htm,0
zww.cn/baike/yuwen.asp?cid=32,0
fairwork.gov.au/leave/sick-and-carers-leave,0
penzeys.com/Privacy-policy,0
poughkeepsiejournal.com/story/travel/flights/todayinthesky/2017/03/20/airline-electronic-devices-prohibited-cabin/99417832,0
goodsmile.info/goodsmileworks,0
cadenaser.com/emisora/ser_tarragona,0
thelocal.se/20170224/woman-gives-birth-in-car-after-maternity-ward-closure,0
163.com/photoview/0B4C0005/153976.html,0
kay.com/en/kaystore/bangle-101509--1/1015090000/101490/1/0/0/0/101490.101509,0
ew.com/movies/2017/03/16/belko-experiment-ew-review,0
bellingcat.com/tag/python-en,0
epicgames.com/news/warner-bros.-interactive-entertainment-licenses-epic-games-unreal-engine-3,0
rumormillnews.com/cgi-bin/forum.cgi?noframes;read=54294,0
helpwithcoursework.com/law-coursework,0
environmental-expert.com/water-wastewater/activated-carbon-treatment,0
jobui.com/jobs/l-%E5%85%A8%E5%9B%BD-q-%E6%A3%80%E6%B5%8B%E5%91%98,0
"sdyxaf.com?""../Teaching/jxsd/201605/t20160527_661020.html""",0
ybbgn.com/pages/569/35928.html,0
polmotors.nl/streetwear/herenkleding/fox,0
todayshomeowner.com/contact/ask,0
asiangirlpix.com,0
jandan.net/tag/%e9%87%8d%e5%8f%a3%e5%91%b3,0
hatena.ne.jp/ranking/weekly/20170313,0
edp24.co.uk:80/sport/boxing,0
chegg.com/tutors/English-online-tutoring,0
eltiempo.com/opinion/columnistas/andres-hurtado-garcia,0
ysearchblog.com/blog/wp-content/uploads/search1final.jpg,0
overheid.nl/zoeken,0
jdzj.com/cp_vlist11/142.html,0
forresmechanics.net/index.php/the-club/our-town,0
colchester.ca/month,0
musicvideolife.com/kevin-rudolph-i-made-it-jay-sean-birdman-lil-wayne-video_02a99c5df.html,0
lesoir.be/1463194/article/actualite/fil-info/fil-info-sport-cyclisme/2017-03-18/michal-kwiatkowski-sky-remporte-milan-sanremo-devant-peter,0
camaroonsf1.com/f1-podcast-retiro-nico-rosberg-analisis-e-implicaciones,0
west2k.com/ohstations/hamilton.shtml,0
theaa.com/breakdown-cover/advice/change-a-flat-tyre,0
suffolk.edu/explore/134.php,0
vecteezy.com/heraldry/81775-free-heraldry-vector-elements,0
freenet.de/konto-kredit/tagesgeld/vergleich,0
kcl.ac.uk:8080/cce/bishops/DisplayBishop.jsp?ordTenID=368,0
ask.com,0
popularresistance.org/tag/oil-and-gas,0
thisismoney.co.uk/money/mortgageshome/article-2263815/The-time-buyers-guide-getting-mortgage.html#comments,0
salzburg.com/nachrichten/welt/kultur/sn/artikel/restaurierung-der-grabeskirche-in-jerusalem-abgeschlossen-239471,0
thebreastcancersite.com/clickToGive/ad.click?siteId=2&adId=130894&placementId=456263&page=home&media=text,0
freemusicarchive.org/music/Anes__Bateaux/AB__Amour/Anes__Bateaux_-_K7_ST_-_03_03_-_tu_es_toutes_les_emokids,0
nba.com/dleague/?ls=iref:nba:gfooter,0
comlaw.gov.au/Current/F2008B00614,0
dailym.ai/tvshowbiz/article-4332776/Wonder-Woman-Gal-Gadot-welcomes-second-daughter.html,0
fusedfilm.com/2008/11/fused-focus-2009-universal-pictures-preview-line-up,0
libdex.com/country/canada/quebec/pierrefonds/library_28310.html,0
rumormillnews.com/cgi-bin/forum.cgi?noframes;read=57681,0
therecord.com/shopping-story/5323781-auto-insurance-101,0
zumiez.com/mens,0
gettyimages.es/search/sets/Q4-BawRG20O6_bTYhaY3WQ#license,0
autoneva.ru/blog/9514.html,0
discovernorthernireland.com/information/brochures.aspx,0
diandinuan.com/html/xyzx/xgzx/8239.html,0
fish4.co.uk/job/6560861/report-validator/?TrackID=995770&utm_source=widget&utm_medium=display&utm_campaign=bristol,0
jwatch.org/na43669/2017/03/18/inclisiran-new-type-pcsk9-inhibitor-passes-phase-2,0
wnd.com/markets/stocks,0
sina.com.cn/2021,0
justia.com/texas/lynn-county,0
waset.org/topic/Pharmacological-and-Pharmaceutical-Sciences/2017/07/istanbul,0
tsu.ru/news/?TAGS%5B%5D=%D0%A4%D0%98%D0%A2,0
rasamalaysia.com/tag/noodles,0
cma.ca/En/Pages/syrianrefugees.aspx,0
saatchigallery.com/artists/thomas_helbig.htm?section_name=artists_germany,0
maplevalleyarts.com,0
increasetraffic.co.nz,0
sanwen.net/subject/3904257,0
ourworldindata.org/migration,0
fyi.tv/shows/tiny-house-nation,0
huacolor.com/soft/130208.html,0
yenisafak.com/foto-galeri/spor,0
pehub.com/2017/03/platinum-equity-to-acquire-staples-australia-and-new-zealand-business,0
innerartistry.org/testimonials,0
overstock.com/Books-Movies-Music-Games/Funkadelic-Cosmic-Slop/1672772/product.html,0
cnpq.br/web/guest/chamadas-publicas?p_p_id=resultadosportlet_WAR_resultadoscnpqportlet_INSTANCE_0ZaM&filtro=encerradas&detalha=chamadaDivulgada&desc=chamadas&idDivulgacao=6962,0
gzt.com/gazeteler/turkiye-gazetesi?date=21-03-2017,0
usta.com/en/home/play/play-as-a-member.html,0
cowboylyrics.com/lyrics/clark-brandy.html,0
fia.com/regulation/category/118,0
"tjwhaf.com?""../high/xjyx/201607/t20160725_666598.html""",0
ebay.it/centro-spedizioni/index.html,0
jxntv.cn/lygb/lygbdb/974jsf/974jsf.htm,0
summitpost.org/trip-report,0
acscinf.org/docs/meetings/237nm/237cinfabstracts.htm,0
armorgames.com/play/17911/zombidle,0
genealogy.com/burk/messages/1152.html,0
free-lance.ru/tu/56741/kopiya-lendinga-_-kopiya-odnostranichnogo-sayta-_-skopirovat-landing-page.html,0
bd.com/press/2017/BD-Veritor-System-Meets-FDAs-New-Performance-Requirements-for-Rapid-Influenza-Antigen-Detection-Tests.aspx,0
hobbytron.com/cgi/sc/order.cgi?func=3&storeid=*1858600fbfe41d56fb70b43c4089&html_reg=html,0
univision.com/temas/edicion-digital,0
politicalgraveyard.com/bio/curran.html,0
comwomen-motorcycle-clothing/macna-ivy-rl-jacket-review,0
maminpapin.ru/skazki-bratev-grimm-na-russkom-i-angliieskom/spyashaya-krasavica-/-sleeping-beauty.html,0
timesrecordnews.com/news,0
cut-the-knot.org/Outline/index.shtml#logic,0
chinaiiss.com/html/20173/16/a8a992.html,0
ifeng.com/a/20170320/5477810_0.shtml,0
aag.org/AAG_Prod_Imis/AAG_MBR/Contibution_List.aspx,0
t3n.de/tag/w,0
letv.com/www.letv.com/ptv/vplay/27226427.html,0
homelinux.net/about,0
milanofinanza.it/quotazioni/dettaglio/unicredit-2ae0096,0
napavalleyregister.com/ap/washington/trump-to-meet-iraqi-premier-as-anti-is-policy-takes/article_87f92ea1-7e3b-5ff1-a404-3c3f86aeccac.html,0
silive.com/news/index.ssf/2017/03/alleged_hells_angels_officer_f.html,0
tvseriesfinale.com/tv-show/the-pjs,0
tportal.hr/tag/konzum,0
ukr/iPhone/developers_corner.asp?c=1412,0
uni-stuttgart.de/studium/bewerbung/erstsemester/dosv/index.html,0
tradeindia.com/manufacturers/led-display-panels.html,0
erietvnews.com/story/20426772/school-and-event-closings,0
huatu.com/gsgwy/100787.html,0
nxp.com/products/automotive-products:MC_50802,0
cosmo.ru/cosmopolitan-shopping,0
kku.ac.th/acadecs/faculty.php?l=th,0
xataka.com/moviles/echa-un-vistazo-al-samsung-galaxy-s8-y-s8-plus-en-sus-tres-colores-se-filtra-un-posible-precio-800-euros#to-comments,0
natlawreview.com/author/eric-j-pennesi,0
ebay.in/rpp/deals/6006421818_Tupperware_Aquasafe_Bottle_1Ltr_4_Pcs?_trksid=p2057337.m2592&_trkparms=,0
appledaily.com.tw/index/disclaimer,0
spirithalloween.com/thumbnail/accessories/shop-by-character/jesters/pc/1921/c/1938/898.uts,0
wayne.edu/guardianbuilding,0
doc.gov/file/1977,0
seaworld.org/en/career-resources/seaworld-jobs,0
ege.edu.ru/ru/news/News/rss,0
photofunia.com/categories/all_effects/tram,0
thenora.co.uk/www.facebook.com/sharer.php?u=https:/www.thenora.co.uk/products/carrera-jeans-jeans-80725,0
medicines.org.uk/emc/medicine/33157,0
cmfu.com/me.qidian.com/authorIndex.aspx?id=8624233,0
caixin.com/2017-01-02/101032553.html,0
jaycar.com.au/access-control-automation/home-automation/dimmers/c/600B,0
ecamm.com/cgi-bin/shopping/cart,0
danfoss.com/career/jobs/faq,0
goo.ne.jp/news/292233,0
birminghammail.co.uk/whats-on/whats-on-news/spring-walks-birmingham-west-midlands-9004496,0
diaridetarragona.com/internacional/83841/muere-el-multimillonario-david-rockefeller-a-los-101-anos-#disqus_thread,0
linkedin.com/pub/timothy-a-smith/12/545/A9B,0
godo.co.kr/info/info_05_1.php,0
natasoft.it/index.php/prodotti/ipoint/ipoint-gestione-internet-cafe-point,0
acponline.org/membership/additional-details-about-acp-membership-dues-and-fees,0
mtroyal.ca/Summit/index.htm,0
g-star.com/en_us/find-a-store,0
llbean.com/llb/ods/516198?page=adventure-trips&nav=F0TDHPWiaI-hp,0
rakuten.co.jp/newshop/topics,0
google.com/share?url=www.rtve.es/n/1494948,0
dinodirect.com/cables-adaptor,0
shutupandtrain.com/dashboard/messages,0
ilfattoquotidiano.it/2017/03/17/blog-grillo-nessuna-responsabilita-ne-politica-ne-etica-e-nemmeno-giuridica/3457316,0
imedpub.com/transmitted-diseases-and-immunity,0
waset.org/topic/Industrial-and-Manufacturing-Engineering/2017/04/lisbon,0
cqc.org.uk/content/how-we-involve-you,0
abc.es/viajar/nieve/abci-cueva-hielo-mas-grande-mundo-201703200058_noticia.html?ns_campaign=cross-linking&ns_mchannel=cross-linking&ns_source=ideal&ns_linkname=home&ns_fee=0,0
kulturologia.ru/page/1859,0
nesaporn.pro/top,0
dailytelegraph.com.au/lifestyle/stellar,0
themorningnews.org/article/the-long-tail-of-the-attica-prison-riot,0
jmw.com.cn/zhjmppyx/17542797.html,0
gumtree.com.au/s-retail/c22200?ad=wanted,0
montana.edu/research/osp,0
fdc.com.cn/fabu/store.html,0
xiaogushi.com/Special/qixiangwang,0
ntwtrenliu.com/sqzd/20130812699.html,0
ecosoft.com.mx/dir_proveedores,0
lids.com/men/stretch-fitted,0
folkd.com/tag/design,0
rumormillnews.com/cgi-bin/forum.cgi?noframes;read=68657,0
wikipedia.com/na.wikipedia.org,0
serverfault.com/christianity.stackexchange.com,0
navidoc-marines.be/fichiers/Livres.htm,0
davita.com/kidney-disease/diet-and-nutrition,0
idea.int/news-media/events/towards-constructive-citizenship-through-integration-civic-education-and,0
comatlassian-plugins-spring/2.6.3-alpha3/atlassian-plugins-spring,0
paultan.org/2016/11/11/volkswagen-golf-facelift-unveiled-mk7-gets-refreshed/der-neue-volkswagen-golf-109,0
goldenglobes.com/person/isabelle-huppert,0
bestbuy.ca/en-CA/category/video-games/26516.aspx?icmp=Homepage_SectionB_Spring_Sale_Icons_VideoGamesMovies,0
zgjjwh.com/yingshizhizuo/2013/1212/649.html,0
facebook.com/share.php?u=ulakbim.tubitak.gov.tr/?q=node/444,0
allo.ua/kulony,0
ltheme.com/support,0
hok.com/about/news/2017/02/23/miami-dade-childrens-courthouse-featured-as-top-government-building-in-urban-land,0
spieletipps.de/game/skyrim,0
caracol.com.co/buscador,0
ew.com/tv/2017/03/20/flash-supergirl-musical-crossover-grant-gustin,0
xbiz.com/xml/articles/all.xml,0
ok.ru/pozitivon/topic/66658490106027,0
umkc.edu/faculty/projects/ftrials/firstamendment/tinker.html,0
nu.nl/116496/video/auto-rijdt-door-hek-en-belandt-in-delftse-gracht.html,0
turnto10.com/station/news-releases,0
9ku.com/zhuanji/54.htm,0
blogspot.com,0
tutorial9.net/category/news,0
liuxue86.com/ziwojianding/zhuanzheng,0
newson6.com/story/15910565/vitals-kansas-state-wildcats-at-oklahoma-state-cowboys,0
wikipedia.org/wiki/Louis_Coderre,0
qq.com/p/detail.html?bid=351243&pid=4104865-1483343013,0
haendlerbund.de/de/leistungen/vertrauensloesungen/ecommerce-europe-trustmark,0
cnpension.net/bxtz/tzxbxtb/954.html,0
comresources/html/Terms.html,0
dukascopy.com/plugins/sitemap.php,0
answers.com/topic/serge-2,0
hellokansascity.com/77000808_historic.cfm,0
twitter.com/intent/tweet?text=Disclose.tv+-+Daily+Weird+News+and+Odd+Videos&url=www.disclose.tv,0
epochtimes.ru/c/mnenie/vzglad-na-chine,0
quebecfrenchtranslation.com,0
networkworld.com/article/3182808/ios/maybe-iphone-8-will-gain-augmented-reality-or-maybe-ar-will-replace-the-iphone.html,0
carandclassic.co.uk/list/92,0
tennfit.com.au/joom/tennfit_authorisation_form.pdf,0
slowfood.com/nazioni-condotte/central-african-republic,0
swissinfo.ch/eng/politics,0
time.com/4701806/march-madness-2017-academic-rankings-ncaa-tournament/?xid=homepage,0
bikerumor.com/2016/11/16/pbe16-ground-speed-shops-eric-baar-discusses-velodrome-hot-rod,0
tasnimnews.com/fa/news/1395/12/29/1360959/%D9%85%D8%B5%D8%B1%D9%81-%D9%85%D8%A7%D9%87%DB%8C-%D8%AF%D8%B1-%D8%A7%DB%8C%D8%B1%D8%A7%D9%86-%DB%8C%DA%A9-%D8%B3%D9%88%D9%85-%D8%AC%D9%87%D8%A7%D9%86-%D8%A7%D8%B3%D8%AA-%D9%81%D8%B3%D8%AA-%D9%81%D9%88%D8%AF-%D8%AF%D8%B1%DB%8C%D8%A7%DB%8C%DB%8C-%D8%A8%D9%87-%D8%A8%D8%A7%D8%B2%D8%A7%D8%B1-%D8%A2%D9%85%D8%AF,0
linkedin.com/company/worldwide-business-research,0
russiatoday.com/on-air,0
readwrite.com/tag/featured,0
hd315.gov.cn/beian/view.asp?bianhao=010202008062400006,0
quoka.de/automarkt/winterreifen/sc_82.html,0
cxxfc.cn/plug/link,0
kutv.com/news/entertainment/spike-lee-calls-lack-of-suitors-for-colin-kaepernick-fishy-03-20-2017,0
familydoctor.com.cn/q/12981593.html,0
healthsupreviews.com/category/5x-trim-600,0
uu-school42.ru/glavnaya/osnovnye-svedeniya/osnovnye-svedeniya,0
realgm.com/dleague/draft,0
rasmeinews.com/kosan/ODE0YTMyZD/47,0
hyipreview.info/home/type/3/p/2,0
thisismoney.co.uk/video/money/video-1212399/Introducing-new-convertible-250-000.html,0
modabutik.ru/catalog/zhilety-zhenskie.html,0
publimetro.com.mx/mx/ciudad,0
westseattleblog.com/category/west-seattle-christmas-lights,0
xinli001.com/user/1000661612,0
pinboard.in/u:jm/t:funny,0
lvrj.com/news/nation-and-world/us-ban-passengers-carrying-electronics-some-us-bound-flights,0
craigslist.com/baltimore.craigslist.org/search/eee?sale_date=2017-04-06,0
debbieschlussel.com/tag/blind-sheikh-dead,0
jobui.com/jobs/l-%E5%85%A8%E5%9B%BD-q-%E6%B0%A9%E5%BC%A7%E7%84%8A%E5%B7%A5,0
whufc.com/news/articles/2017/january/01-january/academy-football-patrons,0
taringa.net/posts/noticias/19816676/La-Campora-ya-eligio.html#comments,0
um.dk/da/danida/resultater,0
carscoops.com/search/label/Lancia,0
passion.ru/health,0
wbrz.com/weather,0
gifts.com/recipient/boy/SAZ?navContent=T%3aKid%3a%26nbsp%26nbsp%3bBoys&navLocation=T%3a6-9%3a9-12,0
getsurrey.co.uk/news/surrey-news/see-send-church-england-primary-12768949,0
promsandweddings.se/niwek/fin-571-exam.pdf,0
azcentral.com/local/phoenix,0
jxntv.cn/2013/1213/3031809.shtml,0
edp24.co.uk:80/news/can_you_help_this_norwich_city_supporter_in_her_search_for_a_fellow_football_fan_1_4937917,0
seloger.com/actualites/barometre-lpi-seloger/l-immobilier-marseillais-enraye-la-baisse-de-ses-prix-et-gagne-31-sur-l-annee-article-16987.html#?bd=HP_Edit2,0
mcgill.ca/newsroom/news/item/?item_id=174136,0
wmg.jp/artist/syachihoko/WPXL000090149.html,0
opsteel.cn/opsteel/membersite/supply.jsp?companyid=13101684,0
imobile.com.cn/show/10794.html,0
syszyz.org/part/detail?aid=258,0
naxianjituan.com/sbsq,0
lazada.com.ph/shop-home-decor,0
fstoppers.com/product/joey-wright-swimwear-photography-lighting-posing-and-retouching,0
okta.com/solutions/security,0
tigweb.org/issues.tigweb.org/culture,0
sina.com.cn/fate_tomorrow_Cancer,0
mangafox.me/manga/nicholalala/c104/1.html,0
mispedia.org/Ode_to_a_Nightingale.html,0
jxrencai.com/gposinfo/freejobs/dwinfo.asp?dwrid=cfc22ad2d08cffb700b1b9063c167506,0
slideshare.net/longlhp/livescribe-smart-pen,0
developer.com/design,0
performancebike.com/www.performancebike.com/webapp/wcs/stores/servlet/SubCategory_10052_10551_400143_-1_400005_400036,0
comclocks-and-watches/wrist-watches/iwc,0
fblife.com/series/discovery4,0
cnes.fr/fr/web/CNES-fr/11506-quatre-centres-d-excellence.php,0
housebeautiful.com/www.twitter.com/share?url=http:/www.housebeautiful.com/design-inspiration/news/a8296/top-wallpaper-trends-for-2017/&text=The%20New%20Wallpaper%20Trends%20Designers%20Are%20Obsessed%20With%20&via=housebeautiful,0
canadiantire.ca/content/canadian-tire.html,0
marchofdimes.com/giving/partners.aspx,0
qq.com/a/20170317/002968.htm,0
wfla.com/weather/webcams,0
sportstechasia.com/STA17/Press/lang-eng/nid-45224/ShowPressDetails.aspx,0
letsencrypt.org/jobs,0
cr173.com/soft/442173.html,0
boursorama.com/actualites/wall-street-finit-sans-tendance-une-seance-terne-9c6e2428b4d4901a8000445647530aa0,0
comatlassian-pageobjects-elements/2.3-m7/atlassian-pageobjects-elements,0
aicpa.org/InterestAreas/PersonalFinancialPlanning/Pages/default.aspx,0
winability.com/abcommander-external-text-editor-notepad-plus-plus,0
djangoproject.com/en/stable/intro/install,0
zyue.com/j/dongshanjinghui/jxjj.html,0
moosejaw.com/moosejaw/shop/search_Timberland____,0
1news.az/authors/130,0
t15818.com/game/1600.html,0
rabbitears.info/market.php?request=print_market&mktid=38,0
nouvelobs.com/rue89/rue89-nos-vies-connectees/20170223.OBS5673/on-a-trouve-des-lyceens-qui-par-choix-vivent-sans-portable.html,0
exxonmobil.com/citizenship/removing-the-roadblock,0
sky.com/help/hub/sky-mobile/help-with-phone,0
blogimg.jp/laba_q/imgs/7/6/7652c03d.jpg,0
100xuexi.com/HF/xl/tongdengxuelishenshuouekaoshi,0
baseball-reference.com/minors/affiliate.cgi?id=WSN&year=1975,0
wantiku.com/hushi,0
desktx.com/meinv/meinvchemo,0
uaua/vet/produkcziya-nashogo-virobnicztva/veterinarni-preparati-(vetpreparati)/insekto-akariczidnyie.html,0
techweb.com.cn/world/2017-03-17/2501741.shtml,0
lennox.com/owners/parts-and-filters/parts,0
domino.com/menu-turning-table/6900039,0
jinhuipipes.com/News/394.html,0
lasprovincias.es/conocer/cultura/20170315/glenn-gould-el-pianista-mas-genial-y-extravagante-del-siglo-xx.html,0
federation.edu.au/international/study-at-feduni/english-and-academic-preparation-programs,0
ogilvy.com/News/Press-Releases/November-2010-One-Show-Interactive-Top-10-Digital-Works-of-the-Decade.aspx,0
glennbeck.com/connect/newsletter,0
engineeringnews.co.za/page/passenger-vehicles,0
hwupgrade.it/news/videogames/telltale-games-il-ceo-kevin-bruner-lascia-l-azienda_67748.html,0
jaist.ac.jp/areas/#73,0
websense.com/innovation/technology/technology-overview,0
nam.org/Advocacy/Advocacy-Programs,0
mobihealthnews.com/categories/pharma,0
elsalvador.com/articulo/trends/arranca-tercera-edicion-mercedes-benz-fashion-week-salvador-144311,0
orangesmile.com/travelguide/moscow/culture--2960561.htm,0
bookdepository.co.uk/category/2967/Transport,0
rumormillnews.com/cgi-bin/forum.cgi?noframes;read=63598,0
finanzas.com/cotizaciones/abengoa-b,0
mozilla.com/projects/weave,0
htzfm.com/shows/biggsandbarr.aspx,0
vitals.com/doctors/Dr_Robin_Burns-Lambert.html,0
washtimes.com/news/2017/mar/18/doughnut-shop-sued-over-mans-fatal-allergic-reacti,0
herold.at/gelbe-seiten/graz-stadt/installateur,0
ebay.ie/usr/reifen24de,0
multiply.com,0
nwamedia.com/auth/forms/registered_login_adg.php?d=www.arkansasonline.com&s=,0
century21.com/real-estate/atlanta-ga/LCGAATLANTA,0
thechronicleherald.ca/tags/organicearth,0
kekenet.com/toefl,0
jiaoshi.com.cn/display/jobs_1_149468.html,0
iqilu.com/zixun/zonghe/201612/02/706768.html,0
vodafone.de/privat/hilfe-support/infodokumente-broschueren.html,0
dezeen.com/2016/08/17/mit-media-lab-researchers-duoskin-temporary-tattoos-control-devices,0
trb.org/Publications/PubsTRBPublicationsbySubject.aspx,0
indystar.com/indianapolis-IN/shopping/department-stores/Von-Maur-317-594-1870,0
archives.gov/news/japanese-american-internment,0
kaixin001.com/t/cronline.html,0
bcit.ca/news/Student Stories,0
burton.com/us/en/bags-collections,0
kpfahistory.info,0
hallmark.com/cards/all-cards/?prefn1=recipientGroup&prefv1=Sister%7CSister-In-Law,0
agrotehproekt.ru/home-active/nh-half-track-course.html,0
chita.ru/www.chita.ru/blogs/do/98471/#opinions,0
eurotunnel.com/uk/traveller-info,0
cbsnews.com/8301-505123_162-42848461/10-mostly-awful-video-games-made-by-drug-companies,0
laura-johnson.com,0
tubeislam.com/video/1313/Ya-Makkah,0
dissidentvoice.org/2017/03/its-year-zero-a-c-after-correa,0
2010.us/government/foreign-embassies,0
erticum.net/C/1902688/4285704/428570000?,0
behindthethrills.com/2011/04/universal-orlando-is-dropping-hints-at-attraction-replacing-jimmy-neutron,0
badmintoncn.com/cbo_gym/gym_2495.html,0
haiwainet.cn/n/2017/0313/c345692-30788476.html,0
hbsc.cn/corp/corpinfo-1998812.html,0
sanluisobispo.com/news/local/news-columns-blogs/photos-from-the-vault/#navlink=subnav,0
marksandspencer.com/l/beauty/gifting,0
ybzhan.cn/st80550,0
westga.edu/academics/cosm/computer-science/csx-tutoring.php,0
egs.edu/faculty/simon-critchley,0
commentcamarche.net/news/5869477-charli-charger-une-borne-de-rechargement-pour-un-service-plus,0
askanewyorker.com/atelston-fitzgerald-holder-the-first/psychophysics-polyrhythm-demystification-music,0
bozhou.cn/jksh/bjjrszyy/syjrszyy/8878447666.html,0
savings.com/info/press_room,0
fancai.com/YuanLiao/pn-guwulei,0
oecd.org/countries/grenada,0
nationaljewish.org/calendar/2017/san-antonio-humanitarian-award-luncheon,0
bridgemanart.com/image/Nast-Thomas-1840-1902/Wholesale-and-Retail-from-Harper-s-Weekly-16th-September-1871-engraving-William-M-Boss-Tweed-huggin/ffd224756bd24dc58ec4960c2c83ce9f,0
cocoamane.com/shop/home,0
columbia.jp/hikawa,0
apache.org/foundation/policies/privacy.html,0
sacredheart.edu/officesservices/humanresources/jobpostings,0
thesun.co.uk/sport/3126710/paige-sex-tape-leaked-wwe-saraya-knight-video/#comments,0
mobygames.com/game/playstation/panzer-general,0
qiushibaike.com/8hr/page/3?s=4966889,0
spawn.com/blog,0
discogs.com/search/?country_exact=Romania,0
expertvillage.com/holidays,0
crutchfield.com/institutional/carAudioValue.aspx,0
renfe.es/empresa/informacion_legal/accesibilidad_web.html,0
digitalbuzzblog.com/tag/digital-installations,0
3gsc.com.cn/bookcon/463480_72_0,0
fcbayern.de/de/fans/fan-aktionen/spielerwahl/fc-bayern-spieler-des-monats,0
nsf.gov/staff,0
mercurynews.com/2017/03/20/kim-kardashian-feared-rape-death-the-night-she-was-robbed-in-paris,0
electronichouse.com/article/when_2_subwoofers_are_better_than_1/C92,0
edinburgh.gov.uk/info/20002/births_marriages_and_deaths,0
fnac.com/Fitness-et-Musculation/Nutrition-du-sport/shi431733/w-4#bl=MMsp,0
gifrific.com/tag/derek-jeter,0
spaceref.com/pluto,0
muycomputer.com/2017/03/14/windows-xp-iphone-7,0
the-times.co.uk/edition/business/city-sceptical-of-bid-to-separate-joint-chief-executives-roles-v0cp5wkp7,0
lavozdegalicia.es/noticia/galicia/2017/03/20/criticos-podemos-amenazan-llevar-direccion-tribunales/0003_201703G20P5991.htm,0
blizko.ru/predl/promgood/medicina/diagnostika_i_obsledovaniya/endoskopiya/gastroskopiya,0
heise.de/foto,0
autohome.com.cn/youji/2-16-1-1/#pvareaid=103885,0
	xyqxt.com/html/4695.html,0
xinsilu.com/Photo/hydstj/201603/20160330154035_3024.htm#p=3,0
insidehighered.com/dualsearch/?utm_source=ihe&utm_medium=editorial-site&utm_content=header-link&utm_campaign=jobs,0
yahoo.co.jp/category/2511/4011/list,0
vaildaily.com/utils/c2/app/v2/index.php?do=category&internetCode=2,0
wkkf.org/news-and-media/article/2017/03/wkkf-releases-2016-annual-report-real-change-for-children-creating-equitable-communities,0
stuff.co.nz/travel/kiwi-traveller,0
polishforums.com,0
drjaydani.com/bg/operativni-protzeduri-varhu-shtitovidna-i-parashtitovidni-zhlezi/sas-sreden-obem-i-slozhnost-dobrokachestveni-i-zlokachestveni,0
liverpool.gov.uk/a-z/?letter=y,0
apple.com/us/app/lian-he-zao-bao/id654946831?ls=1&mt=8,0
infibeam.com/Books/search?author=John%20Mc%20Donald,0
coha.org/tag/enrique-pena-nieto,0
ckmfc.com/bdflx,0
carjob.com.cn/resume/util/214766.html,0
smu.edu.sg/sites/courses,0
superdrug.com/Nail-Buffer/c/pt-make-up-nail-buffer,0
publishersweekly.com/pw/nielsen/ReligionNonfiction.html,0
bestfriends.org/events/best-friends-national-conference/logistics/travel-discounts,0
sofotex.com/download/Business_Software/Contact_Management,0
jxrencai.com/zhaopin/cangguan,0
troubadour.com/event/1386168-kevin-garrett-false-hope-los-angeles,0
potterybarnkids.com/tips-and-ideas/design-library/articles_product-assembly-information/?cm_type=gnav,0
comhotel/00257/index.html,0
hwupgrade.it/home/mercato,0
tvrain.ru/teleshow/republic_na_dozhde/kassi_na_milliard-430212,0
3366.com/game/109703.shtml,0
thestar.com/news/canada/2017/03/20/liberal-budget-to-show-cash-flow-to-infrastructure-bank-projects-documents.html,0
physicsclassroom.com/curriculum/vectors,0
publishingperspectives.com/2017/03/warwick-prize-for-women-in-translation,0
meishij.net/zuofa/jiucaijiumianpian.html,0
los40.com/los40/2017/03/17/album/1489770866_190198.html,0
niemanreports.org/articles/post-truth-politics,0
wtatennis.com/photos/article/6243077/title/elena-vesnina-takes-a-colorful-trip-down-melbourne%3Fs-hosier-lane,0
cdapress.com/apps/pbcs.dll/dcce?Site=CD&Date=20170315&Category=8010&Module=1&Class=1009&Type=8010&ID=142934,0
above.com/marketplace/riv.com,0
51edu.com/gaozhong/topic/5615434.html,0
yahoo.com/question/index?qid=20080624202143AAjghFm,0
jb51.net/photoshop/541844.html,0
cri.cn/20170320/9d11bee0-ff4f-bec8-5b8f-e88ca3b96390.html,0
spamfighter.com/FULL-DISKfighter-Mac,0
oregon.gov/OBNPortal/DesktopDefault.aspx,0
laptopmag.com/articles/how-to-upgrade-windows-10,0
firstculinary.com/vxpqjr/lukia-boudi-chodar-golpa-vedio.html,0
olimex.com/Products/AVR,0
9ku.com/play/859254.htm,0
facebook.com/Aceitunas-Mil-Olivos-549461351883693/?fref=ts,0
linoit.com/users/larnik/canvases/%D0%95%D1%81%D1%82%D1%8C%20%D1%87%D0%B5%D0%BC%20%D0%BF%D0%BE%D0%B4%D0%B5%D0%BB%D0%B8%D1%82%D1%8C%D1%81%D1%8F%3F%20,0
freepressjournal.in/entertainment/kapil-sharma-breaks-down-in-front-of-manoj-bajpayee-while-promoting-naam-shabana/1038335,0
fdic.gov/about/jobs,0
ufl.edu/UF00028296/00207,0
hel.fi/www/Helsinki/fi/sosiaali-ja-terveyspalvelut/terveyspalvelut/hammashoito/ajanvaraus,0
skoda-auto.com/en/news/2017-03-13-sales-success-in-februar,0
freepeople.com/fp-exclusives-movement,0
weather.gov/php?rid=bmx&product=N0R&overlay=11101111&loop=no,0
periodistadigital.com/susana-monereo,0
klkntv.com/link/28178/nsaa-scores-and-schedules,0
business2call.ru/npogf/download-film-khushi.html,0
ledevoir.com/motcle/sur-la-route,0
jiancai.com/shitingyingyin,0
facebook.com/royalairforce,0
hp.com/apac/flowPage/registration/index.do?execution=e1s1&cc=cn&lang=zh,0
aif.ru/society/people/akkordeon_protiv_fashizma_umer_starik_igravshiy_katyushu_vo_vremya_parada_ss?from=main,0
nvidia.ru/grid/buy,0
woodcraft.com/categories/knives-snips-scrapers,0
shu.ac.uk/study-here/how-to-apply?ref%253Dhome-block-4,0
ceu.edu/event/2017-03-23/finding-oneself-city-nature-and-human-subjectivity-streets-eleventh-century-china,0
oldtimershockeyofcanada.com,0
huaan.com.cn/service/wqb/wqb.html,0
xcar.com.cn/bbs/forumdisplay.php?fid=1557,0
turnto10.com/features/home-and-garden,0
westelm.com/shop/local/vintage-vogue/?cm_type=gnav,0
thecolorrun.com/locations/burlington,0
montrealgazette.com/sports/golf/index.html,0
zefrank.com/webnoise/index.html,0
creativeapplications.net/2009/03,0
delfi.ee/news/paevauudised/eesti/kannatanu-valga-haigla-rundaja-peksis-ohvreid-valimatult-looke-said-ka-eakad-voodihaiged?id=77600690,0
humanism.org.uk/ceremonies/humanist-namings,0
cmfgroup.ru/index.php/component/comprofiler/userprofile/Imgoochasti,0
memphisflyer.com/blogs/StyleSessions,0
unexplained-mysteries.com/gallery,0
wikipedia.org/wiki/BWebster_(actor),0
netgear.com/about/warranty,0
eachnet.com/ca/search/91427------3-1-.html,0
sportengland.org/sitemap,0
brill.nl/search/subject/humanities/subject/language-and-linguistics/subject/language-documentation-description-grammars,0
qantas.com.au/at/en.html,0
airwar.ru/sm/114.html,0
tampabay.com/features/fashion,0
kontraband.com/images/list/babes,0
americantowns.com/ct/salisbury/organization/salisbury-fall-festival,0
williamlong.info/google,0
bilgimak.net/index.php/2014-04-14-07-29-43/sacm-1000e-1200e,0
astro.com/astrology/aa_article150701_e.htm,0
abc7chicago.com/news/father-speaks-out-after-son-allegedly-carjacked-ambulance-fatally-dragged-emt/1809279,0
"011717.com?""../world/gjsx/201609/t20160911_672600.html""",0
thedieline.com/blog/2017/3/2/how-and-union-designed-simple-and-eye-catching-craft-beer-cans,0
commailto:?subject=Just+the+facts+on+religions&body=http:/www.com,0
thenora.co.uk/collections/women-skirts,0
mir24.tv/news/world/15855388,0
rumormillnews.com/cgi-bin/forum.cgi?noframes;read=50906,0
youtube.com/watch?v=av5IV8d1QY0,0
ibo.org/ibis/guest/home.cfm,0
ceweekly.cn/2017/0320/184709.shtml,0
bbgalatea.it/en,0
tekslate.com/microsoft-dynamics-ax-training,0
bjx.com.cn/html/20170320/815360.shtml,0
cnes.fr/fr/media/le-vendee-globe-vu-par-les-satellites,0
fujitsu.com/global/themes/security/?utm_source=fujitsu.com&utm_medium=topStThemes5&utm_campaign=none,0
friscovfw.org,0
3lian.com/gif/more/06,0
nintendoeverything.com/lets-talk-your-impressions-of-switch-and-zelda-breath-of-the-wild,0
wired.com/pubs/N3/WIR/Register.jsp?cds_page_id=175371&cds_mag_code=WIR&id=1423757547774&lsid=50431012277019467&vid=1,0
greenwichct.org/government/departments/public_works/waste_disposal/holly_hill/vehicle_dumping_permit,0
pepper.jp/support/glossary,0
panjiva.com/Discount-Tire-Direct-Wdoh-01/1965737,0
spoilertv.com/search/label/Ray%20Donovan,0
deutsche-boerse.com/dbg-de/karriere/studenten-praktikanten/bewerbung-und-auswahl,0
yu.edu/user/login,0
ibicn.com/supply/i100123,0
brooklynartproject.com/profiles/blogs/eyebeam-open-studios-fall-2009,0
turbosquid.com/3d-model/turtle,0
thefancy.com/articles/jme-time,0
pia.jp/classic,0
teitsworth.com,0
xlr8r.com/features/2017/03/20-questions-the-black-madonna,0
johnnyseeds.com/flowers/zinnias/tall-zinnias,0
kaluga.ru/bill/event/21747,0
lastampa.it/sport/basket,0
ebird.org/ebird/country/CL?yr=cur,0
365azw.com/ask/asklist-16,0
instagram.com/p/BR4DvFVA-32,0
thalesgroup.com/en/global/activities/defence/air-forces,0
archive.org/stream/presentdaybulgar00rachuoft/presentdaybulgar00rachuoft_djvu.txt,0
time.com/money/4705155/beer-marijuana-pot,0
devochki.top/julja-delaet-glubokij-minet,0
darkroastedblend.com/2008/02/archive-january-2008.html,0
php100.com/sjhass/hjpmejaf,0
e2315.com/html/4645.html,0
china-designer.com/ezx/new_designer_s/?mainbest=0&Location=1&sel_city=0&Job=11&designerclassid=1,0
lifedr.com/tgu/new-rajasthani-song-2016-17-mp3-download.html,0
nosorigines.qc.ca/genealogielistfirstname.aspx?ancestor=15&Family=Prevost_948&lng=en,0
yesasia.com/us/en/korean-music-concerts-videos.html,0
imdb.com/name/nm0000621,0
rawgit.com/jashkenas/underscore/1.8.3/index.html,0
tabelog.com/osaka,0
vaniercollege.qc.ca,0
duowan.com/play/3582730.html,0
whirlpool.net.au/forum/90,0
jenngen.com/lemires/names1.htm,0
visit-x.net/CAMS/DE/Verzeichnis/girls_live_dates_1.html?track=FooCategoriesNew,0
scotland.gov.uk/Topics/ArtsCultureSport,0
yatego.com/baukaesten-konstruktion/29-13-01,0
schneider-electric.com/home.schneider-electric.com/en/renovation/style.jsp,0
massfit.pro/brands/ultimate-nutrition,0
narconews.com/Issue67/article4650.html,0
sydsvenskan.se/story/forskning,0
massfit.pro/product-category/%d0%bf%d1%80%d0%be%d1%82%d0%b5%d0%b8%d0%bd,0
tribune.com.pk/story/1360004/priority-areas-prioritised-development-plan,0
tcpalm.com/picture-gallery/news/local/florida/2017/03/17/joe-negron-meets-with-about-400-in-pahokee/99336684,0
zakon.kz/www.zakon.kz/4849817-golovkin-predstavil-video-o-svoem-boe-s.html,0
softpicks.net/programs/today/1.html,0
statesmanjournal.com/story/life/2017/03/17/little-lois-closes-west-salem-cafe-focuses-boxed-lunches-delivery/99188140,0
southcn.com/public/images/catv.jpg,0
wfmj.com/story/34953660/police-wary-of-akron-program-meant-to-ease-jail-overcrowding,0
futuremedicine.com/page/about.jsp,0
suunto.com/Worlds/Training-World/Training-Insights,0
waset.org/topic/Software-and-Systems-Engineering/2017/08/kuala-lumpur,0
videocardz.com/67116/gigabyte-teases-geforce-gtx-1080-ti-aorus,0
rumormillnews.com/cgi-bin/forum.cgi?noframes;read=70482,0
webring.org/cgi-bin/gi?ring=mepm;id=4;prev,0
cjhlhg.com/html/38.html,0
job168.com/person/detail_201000202.html,0
com2017/02/24822.shtml,0
metroactive.com/Live-Music/The-Gentle-Cycle,0
museumwales.ac.uk/stfagans/visit,0
travellers-autobarn.fr/vente-vans-et-breaks-voyageurs/choisir-le-bon-vehicule,0
citynews.ca/mobile,0
vrg.org./history,0
zzssjqcgj.com/zhengcefagui/138.html,0
judicialwatch.org/about/contact-information,0
sdrc.com.cn/ww/g/b/wwgb.html?acb200=C95ED94123EC4C64A2E99A207D0B4185&acb210=4028948556e4def60158e23a991611cd,0
jm-tattoos.com/index.php/template-settings,0
adressa.no/nyttig/2016/12/14/Kontakt-redaksjonen-13927455.ece,0
elperiodicodearagon.com/liga/schedules.asp?team=162,0
strandbooks.com/lower%2Dpriced%2Dthan%2Debooks/my%2Dmother%2Din%2Dlaw%2Ddrinks,0
pix11.com/2017/03/20/heres-whats-coming-up-on-the-pix11-morning-news-on-tuesday-mar-20,0
tomhornelies.com/tom-horne-banner-for-life-by-the-se,0
13abc.com/news?cat=Weather&cat_type=Story Category&path=/content/news,0
cangworld.com/scj/zbsx/20170310/19695.html,0
flixster.com/actor/lorena-gale,0
hollywoodtimemachine.com/bartine,0
hyipreview.info/home/pfilter/LibertyReserve/type,0
gazeta.ua/articles/world-newspaper/_vlasnik-salonu-krasi-zaprosiv-bezpritulnogo-na-bezkoshtovnij-vizit/760364,0
providesupport.com/0nno9jbc1wza31khunwmgo8i02.html,0
thesun.co.uk/news/3133809/teenage-girl-hit-by-train-dies-kent-georgia-walsh/#comments,0
adjust.com/mobile-app-tracking-sdk,0
wamc.org/post/vermont-aclu-marking-50th-year-and-membership-growth,0
wn.com/view/2017/03/20/Rodgers_pleased_with_Celtics_title_focus,0
registerguard.com/rg/opinion/35399784-78/obama-a-bargain-next-to-trump.html.csp,0
ualberta.ca/news-and-events/multimedia/in-photos-little-things-that-mean-a-lot,0
guitarcenter.com/pages/manage-subscription,0
918yxw.com/soft/show.asp?id=57336,0
rugoldie-lookin-chain-rollin-lyrics/feed/index.html,0
nme.com/artists/edwin-hawkins,0
dsat.org.uk/key-dates,0
hwupgrade.it/gallery/2236/avm-fritz-box-7590,0
yamaha.com/en/terms_of_use,0
lyrics.com/chance-quon-sa-lyrics-jean-pierre-ferland.html,0
metrolyrics.com/e-a-ski-lyrics.html,0
counsellor.gov.cn/ztbd/index.shtml,0
chabad.org/library/article_cdo/aid/720982/jewish/Kitchen-Cooking-Tips.htm,0
troweprice.com/usis/corporate/en/careers/what-we-offer.html,0
pedaily.cn/first,0
bedfordstmartins.com/Catalog/page/ourleadership,0
eia.gov/tools/a-z/index.cfm?id=xyz,0
mp3lyrics.org/a/andy-kim,0
mehcc/huodong/zt.php?zt_=441&from_s=home2,0
trendmicro.co.jp/archives/14577?cm_re=articles-_-threat-_-blog,0
yumasun.com/vmfa-f-b-lightning-ii-takes-off-at-yuma-air/youtube_e73756b4-0c5e-11e7-b91b-7ffc3b279a92.html,0
"gdzlmz.com.cn?""../high/yxtz/200905/t20090530_277470.html""",0
syracuse.com/orangebasketball/2009/11/front_and_center_the_2009-10_s.html,0
genealogy.com/galarneau,0
paulpettypiece.com/alberta_central_railway.htm,0
dagondesign.com/page/2,0
stzp.cn/index/offers_more_20.aspx,0
sephora.fr/Toutes-les-nouveautes/Soin-Visage/Rimppag0000025/SC303;jsessionid=730B70A9A9BD8CE9858905DC8A46EC3D.wfr1r,0
powerarchiver.com/privacy,0
caida.org/publications/presentations/2016/bgpstream_imc,0
agronet.com.cn/News/1114600.html,0
grasscity.com/us_en/smoking-pipes/hand-pipes/stone-pipes,0
gallimard.fr/Catalogue/GALLIMARD/Tel,0
codeguru.com/cpp/cpp/string/arrays,0
lonelyplanet.fr/destinations/europe/pologne/cracovie,0
lululemon.com/secure/account/login.jsp?mnid=ftr;en-US;my-account;sign-in,0
mamacn.com/yinger/czzb/4114.html,0
wn.com/List_of_Toronto_Maple_Leafs_players,0
visitfinland.com/article/the-strangest-nature-sites-of-finland,0
grundfos.com/products/find-product/se-and-sl-9-30-kw.html,0
techeblog.com/elephant/photo.phtml?post_key=184726&photo_key=392577,0
disclose.tv/news/us_navy_photo_of_alien_ufo_landing_on_aircraft_carrier_is_genuine/137629,0
bizrate.com/home-hardware/garage-door-replacement-parts,0
infomoney.com.br/minhas-financas/consumo,0
oc-usa.com/golf_course_city_list.html?city=Fort%20Jackson&state=South%20Carolina&st=SC,0
pallaviindustries.in/index.php/our-services,0
hainan.net/news/yaowen/2017/03/20/3360933.shtml,0
futureshop.ca/en-CA/geek-squad-services/home-automation-security-services.aspx?NVID=services;setup%20%26%20install;smart%20home%20networking%20setup;lnk;c1;r6;en,0
animelyrics.com/anime/bubblegumcrash/hatenaitabi.htm,0
fin24.com/Markets/Commodities/oil-drops-as-us-drilling-growth-threatens-to-counter-opec-cuts-20170320,0
baseball-reference.com/www.sports-reference.com/data_use.html,0
lefeng.com/178692194.html?brandId=800015216,0
metamarket.ua/ru/avto/avtozvuk/avtomagnitoly,0
genius.com/artists-index/j,0
nowec.com/splist/17_1716_1031974,0
frontgate.com/pet-products/pet-toys-treats-gifts/cat-toys,0
tovima.gr/sports/article/?aid=868592,0
comphoto/html/?33.html,0
celebset.net/Cynthia_Stevenson_Naked,0
winonadailynews.com/entertainment/popular-podcasts-that-will-make-you-smarter/collection_ffd2d516-c5a8-5951-9ef5-ab0e99672272.html,0
kankanews.com/a/2017-03-20/0037922233.shtml?appid=153047,0
wikipedia.org/wiki/Clay_Shirky,0
kp.ua/politics/566489-serhei-leschenko-vpervye-podralsia-v-rade-y-ostalsia-bez-pydzhaka,0
constellation.com/Pages/default.aspx,0
uab.edu/cas/music,0
dse.nl/info/dse-tune2005.mp3,0
westga.edu/student-services/counseling/faculty-faqs.php,0
fredericks.com/sale/bras-clearance,0
colorado.edu/today/node/22398?utm_source=colorado.edu&utm_campaign=Homepage&utm_medium=When%20unstable%20technology%20is%20a%20good%20thing&utm_content=Slider,0
voiceofrussia.com/voiceofrussia/news/2014_07_16/Militia-goes-on-offensive-near-outskirts-of-Donetsk-Ukrainian-troops-3694,0
cnrencai.com/shixibaogao/460551.html,0
hola.com/belleza,0
allpar.com/reviews/index.html,0
atlanticcouncil.org/programs/brent-scowcroft-center/strategic-foresight-forum/2013-sponsors,0
alibaba.com/logistics.alibaba.com/buyer.htm?tracelog=nhp_btm_service_ls,0
adminbuy.cn/wordpress/34.html,0
qibosoft.com//bencandy-5-471-1.htm,0
kaixian.tv/News/JingJi,0
beelink.com/html/201312/content_208.htm,0
tripplite.com/www.tripplite.com/company/company-history,0
drivehq.com/Features/Backup.aspx,0
sport-express.ru/football/rfpl/news/loko-oproverg-informaciyu-o-voznagrazhdenii-ot-zenita-1232754/#comment_form,0
immonet.de/www.immonet.de/niedersachsen/region-hannover-hannover-wohnung-mieten.html,0
education.com/schoolfinder/us/missouri/kansas-city/southwest-charter-school,0
wncn.com/category/wncn-investigates,0
paperchase.co.uk/cards/wrap/tape-and-scissors,0
yuloo.com/mbgx/jdhk,0
sakura.ne.jp/snow,0
fantasticfiction.co.uk/a,0
comcalc/wire/index.htm,0
agilent.com/en-us/solutions/pharma-biopharma/biologics,0
uptrends.com/en/monitoring/full-page-website-performance-monitoring,0
makepolo.com/cpk/cp_20pd5b4iajn.html,0
xiaogushi.com/Article/renwu/00410377.html,0
quoka.de/gewerbe-business,0
flxbbx.com/jy/71967.html,0
beenverified.com/p/robert+littlejohn,0
beachbody.com/product/fitness_programs/abs_core/hip_hop_abs.do,0
tradebit.com/filedetail.php/53359633-folk-songs-of-the-canadian-north-woods,0
markosweb.com/help,0
libcom.org/forums/organise/spainish-dock-workers-union-19032014,0
rottentomatoes.com/m/hercules_the_legendary_journeys_season_5,0
n24.de/wissenschaft/umwelt,0
skyandtelescope.com/astronomy-equipment/product-videos,0
mmo-champion.com/content/559-Legion-Mounts,0
gm.com/company/diversity/featured-diversity.html,0
youtube.com/watch?v=-R8hoW1djUA,0
chncpa.org./sywh/syyspj/201703/t20170316_168320.shtml,0
panda.org/about_our_earth/biodiversity,0
pinterest.com/eaglecreekgear,0
whosdatedwho.com/tpx_35706/amanda-stepto,0
charlotteobserver.com/opinion/editorial-cartoons/you-write-the-caption/#navlink=subnav,0
whatculture.com/film/kong-skull-island-25-easter-eggs-references-you-must-see?rf=homepage,0
rap-up.com/2011/07/02/usher-jennifer-hudson-fantasia-kick-off-essence-music-festival,0
c8sale.com/about-us/our-team,0
iea.org/policiesandmeasures,0
getsurrey.co.uk/news/surrey-news/fairoaks-masterplan-see-vision-1500-12750019,0
spineuniverse.com/conditions/back-pain/seven-myths-about-back-pain-debunked,0
illinoismatmen.com/forum/showthread.php?t=35559,0
freemeteo.com/weather/?language=english&country=serbia,0
wn.com/Cypress_Street_Viaduct,0
google.com/section?q=Winnipeg%20Jets&src=sports-team,0
xiancn.com/content/2017-03/21/content_3209737.htm,0
gusmulanovidi.ru/?n=785621&amp;tid=55723,0
onmsft.com/news/another-police-department-buys-into-windows-phone,0
mosnews.com/%d0%b0%d0%b2%d1%82%d0%be/toyota-land-cruiser-2015-%d1%84%d0%be%d1%82%d0%be-3136,0
denic.de/fragen-antworten/faqs-zu-enum,0
ku6.com/v.ku6.com/show/kPRaYOx760ic_YUcVRLXbw...html?hpsrc=1_25_1_1_0,0
bigw.com.au/toys/ride-ons/c/6826,0
aqmd.gov/home/library/public-information/2017-news-archives/southern-california-s-wet-winter-brought-cleaner-air-and-fewer-no-burn-days,0
southbendtribune.com/multimedia/videos/pet,0
podfm.ru/14,0
spotlightreport.net/wp,0
barrons.com/articles/with-inflation-set-to-rise-a-fresh-look-at-active-tips-strategies-1489770888?link=TDheadline_4,0
imdb.com/name/nm0870369,0
mapquest.com/maps?city=Hobart&state=WI,0
schket.ru/main,0
urbanoutfitters.com/urban/catalog/category.jsp?id=M-NEW-ACCESSORIES&cm_sp=MENS-_-L3-_-M_NEWARRIVALS:M-NEW-ACCESSORIES,0
cqrollcall.com/advertise/?pos=ftr&src=rc,0
uscourts.gov/forms/superseded-bankruptcy-forms,0
sony.jp/otona/2017/201703/index.html?s_pid=jp_otona_03_005,0
yenisafak.com/foto-galeri/otomobil-teknoloji,0
morningpost.com.cn/2017/0321/1613929.shtml,0
canalplus.fr/cinema/emissions-cinema-sur-canal/pid6306-le-cercle.html,0
skreened.com/pillow/pepperoni-pizza-pillow,0
qiuyi.cn/department/204/index.html,0
thisismoney.co.uk/money/mortgageshome/article-4297884/Free-National-Homebuilding-Renovating-tickets.html,0
rense.com/1.mpicons/linktous.htm,0
duanwenxue.com/article/4570276.html,0
iask.com/b/2w5GAN9Og7.html?qvtype=WA&pvtype=WA,0
wired.com/about/sitemap,0
oh100.com/a/201612/481357748895.html,0
kpshk.org/wfjm/bam-bam-bhole-chilam-phots.html,0
genengnews.com/gen-articles/short-stories-to-perusewith-info-you-might-use/5985,0
target.com.au/c/kids/boys-1-7/pants/W94308,0
folksy.com/home_garden/decorations_furniture/clocks,0
inform-buro.org/tags/%F7%F2%EE%E1%FB,0
my399.com/social/content/2017-02/28/content_2007098.htm,0
unitedway.org/blog/thousands-reap-benefits-of-financial-coaching-services,0
kuleuven.be/campus/campussintlucasgent/index.html,0
manta.com/c/mtq3l8n/lisa-steele,0
paris4u.ru/apartaments/3-room/131-large-cozy-montmartre-.html,0
bjx.com.cn/html/20170316/814375.shtml,0
milb.com/player/index.jsp?sid=milb&player_id=641684,0
stormfront.org/forum/blogs/u303465-e4424,0
swiss.com/us/de/rechtliches/cookie-policy,0
lvmama.com/local/?keyword=%E5%8F%B0%E6%B9%BE&k=0#li,0
avery.com/weprint/bumper-stickers-labels.shtml?int_id=topnav-weprint-weprintbumperstickers,0
jiaoshi.com.cn/display/company_1_541604.html,0
comutilities/itoner,0
collectorsweekly.com/cameras/overview,0
magicseaweed.com/Mediterranean-Sea-Surf-Chart/83,0
santander.co.uk/uk/credit-cards/help-support/online-banking,0
tom.com/vw/362815-3.html?source=HP_NPIC,0
billboard.com,0
rarlabs.com/rar/winrar-x64-540srbcyr.exe,0
toucharcade.com/category/wwdc/wwdc-2013,0
scoop.co.nz/stories/WO1612/S00097/actions-in-response-to-russian-malicious-cyber-activity.htm,0
worldpoliticsreview.com/articles/20956/how-new-migration-patterns-are-transforming-australia-s-multiculturalism,0
thecheesecakefactory.com/menu/salads/appetizer-salads/french-country-salad,0
shgjj.com/www.hggjj.com,0
scu.edu/admitted/noche,0
toyota.com/configurator/#!/series/priusprime,0
be-word-art.com.cn/html/4679.html,0
lagou.com/zhaopin/tourongzi,0
ocps.net/op/mmb/Pages/Records-Manangement.aspx,0
blm.gov/programs/recreation/our-strategy/utah,0
bestfriends.org/about/financial-information/annual-report,0
isna.ir/news/95122616920/%D8%AA%D9%88%D8%B6%DB%8C%D8%AD%D8%A7%D8%AA-%DB%8C%DA%A9-%D9%85%D8%B3%D9%88%D9%88%D9%84-%D8%AF%D8%B1%D8%A8%D8%A7%D8%B1%D9%87-%D8%AD%D8%AC%D9%85-%D8%A8%D8%A7%D9%84%D8%A7%DB%8C-%DA%A9%D8%AA%D8%A8-%D8%AF%D8%B1%D8%B3%DB%8C,0
metacafe.com/categories/science_and_tech,0
youtube.com/watch?v=8NXAHXYRpGI,0
manchestereveningnews.co.uk/news/greater-manchester-news/getting-caught-speeding-could-cost-12765819#comments-section,0
qjz.com/news/2017/0214/50792.html,0
xilinx.com/products/design-tools/acceleration-zone.html,0
dubaifencingclub.com/programs/schools/foremarke-dubai,0
witrynawiejska.org.pl/item/21237,0
williams-sonoma.com/shop/tabletop-glassware-bar/table-linens-napkins/?cm_type=gnav,0
issworld.com:443/your-industry/food-and-beverage/outcome,0
4sq.com/cities/budapest-hungary,0
macrumors.com/www.macrumors.com/2017/01/24/apple-enhanced-siri-iphones,0
ls108.com/people,0
lepetitjournal.com/munich/accueil/actualite/273186-etudes-plusieurs-universites-allemandes-au-top-50,0
aanda.org/2016-press-releases/1193,0
twitter.com/intent/favorite?tweet_id=843824544158797826,0
sabic.com/en/careers/Europe/regional-overview,0
bonanza.com/hand_picked_lists/158510?first_item=404520668,0
brown.edu/academics/engineering,0
ziza.ru/tag/7388/dialogi.html,0
jctrans.com/freight/Detail/170250.html,0
maigoo.com/maigoo/078ydj_index.html,0
markomarosiuk.com/press,0
covers.com/Articles/Odds-say-that-East-Region-of-NCAA-tournament-is-anyones-to-win/491207,0
wikia.com/Dennis_Kucinich,0
bjrbj.gov.cn./bsfw/shbx/gs/201506/t20150611_49097.html,0
amazon.com/Jack-Frost-Scott-MacDonald/dp/6305199388,0
portlandtribune.com/news/story.php?story_id=26363,0
jadaliyya.com/pages/index/Islam,0
mdanderson.org/publications/oncolog/july-2015.html,0
exclaim.ca/News/mother_mother_cover_pixies_on_new_itunes_live_album,0
foxsports.com.au/nrl/nrl-premiership/teams/titans,0
looklex.com/e.o/twelvers.htm,0
imdb.com/name/nm0482493,0
vistaprint.com/customer-care/terms-of-use.aspx,0
lazada.com.my/shop-deep-fryers,0
cookingforengineers.com/article/282/Hefty-Kitchen-Bags-with-Unscented-Odor-Block-Technology,0
linz.at/changeStyle.asp?purl=/index.asp%3Fstyle%3Dkontrast,0
gamepedia.com/blogs/1440-mass-effect-andromeda-nomad-guide-controls-mining,0
pznjsc.com/a/khfw/zjjjxsm/index.html,0
residencesenharmonie.qc.ca/en/retirement_home/cote_saint-paul,0
comatlassian-plugins-osgi-spring-extender/2.7.2-beta1/atlassian-plugins-osgi-spring-extender,0
challenges.fr/automobile/voitures-propres,0
snipplr.com/all/tags/httpsgardenhoodcomauforumamc-timestream-love-hip-hop-atlanta-sea,0
torontopubliclibrary.ca/books-video-music/books/audio-books,0
aces.edu/family-health/families-children,0
hilti.com/content/hilti/W1/US/en/engineering/technical-information/technical-data.html,0
elplural.com/users/se-ora-franquista,0
cherokee.org/About-The-Nation/History/Trail-of-Tears/Major-General-Scotts-Ultimatum,0
job1001.com/myNew/resume/ResumePreview.php?ResumeId=job10011249744108&gjTag=&r=22466c195cd834da855f3869b9cabd28cfb8c,0
stabroeknews.com/2017/business/stock-market-updates/03/17/gasci,0
oh100.com/a/201612/481123147899.html,0
rockarags.com/our-kittens/5-our-kittens.html,0
migros.ch/de/genossenschaften/migros-aare/arbeiten-bei-der-migros-aare.html,0
cn2che.com/html/2017/0321/105056.html,0
sacbee.com/site-services/databases/article72495842.html#navlink=subnav,0
elsiglodetorreon.com.mx/noticia/1323140.alistan-mision-para-examinar-restos-del-titanic.html,0
linkedin.com/in/csyoung,0
twit.tv/about/developer-program,0
api.org/news-policy-and-issues/hurricane-information,0
notcot.org/page/1275,0
solarcity.com/residential/free-solar-quote,0
wikipedia.org/wiki/Black_comedy,0
instagram.com/minsaude,0
hfgear.com.cn/v,0
wjw.cn/g/shabuquan,0
bpb.de/geschichte/zeitgeschichte/griechenland,0
apple.com/us/album/glory-deluxe-version/id1139928388?app=music&at=1000l9r6&ct=family-4-us,0
levante-emv.com/buzzeando/2017/03/14/experto-viral-bbc-mezcla-sorpresa/1541264.html,0
michaels.com/lighting/string-lights/863179413,0
nytimes.com/keyword/kansas-city-athletics,0
pinger.pl/m/27719494#dodaj_komentarz,0
msnbc.com/id/5705620,0
yahoo.com/info-17683426-cipriano-anthony-cipriano-anthony-st-louis,0
oil-price.net/en/articles/Loss_of_elasticity_in_the_oil_price.php,0
westminsterkennelclub.org/things-to-do,0
thefreedictionary.com/get+out+of+bed+on+the+wrong+side,0
bmz.de/de/mitmachen/Wirtschaft/index.jsp,0
boldchat.com/aid/1552524482844164345/bc.chat?cwdid=100712349757654475&amp;wdid=907732915312863540,0
ft.com/content/2a89afc3-ecb2-3367-9fe9-0c4a21661ce7,0
tradingeconomics.com/south-korea/interest-rate,0
babycentre.co.uk/www.pregnancy.com,0
xbiao.com/bvlgari/42384.html,0
cztv.com/videos/jskdc,0
goodwood.com/sports/motorsport/grrc-membership/contact-grrc,0
suicidology.org/ncpys/warning-signs-risk-factors,0
japantoday.com/category/new-products/view/mcdonalds-japan-offers-limited-time-hokkaido-melon-shakes#comments,0
rp.pl/Pilka-nozna/170329900-Manuel-Neuer-kontuzjowany-Nie-zagra-z-Anglia-i-Azerbejdzanem.html,0
itrust.org.cn/Home/Index/itrust_certifi/wm/1669928206.html,0
eatingwell.com/recipes/17949/drinks,0
xperian.ir/advertising,0
chazidian.com/fanwen.chazidian.com/fanwen436305,0
cesweb.org/Register-Plan/Register-Now?utm_source=CEStech&utm_campaign=CES2018-date&utm_medium=WebAds,0
successfactors.com/en_us/solutions.html,0
asianart.org/visit/museum-store,0
matrix.com/hair-care/color-treated,0
hbjjrb.com/Jiaju/jiaju/201703/859080.html,0
zgny.com.cn/Products/Page_1_NodeId_mh_cp_zbjx.shtml,0
pictaram.com/tag/instaphoto,0
comxin/5/12a1.htm,0
rccgjesuscourt.org/hgi/contoh-soal-biologi-untuk-u.html,0
cn http:/hair.cn/starhair/2017-03-15/576179.shtml,0
brooklynpaper.com/sections/30/27/?utm_medium=web&utm_campaign=module&utm_source=archive&utm_content=intra,0
marktplaats.nl/beleid_regels/adverteren/adverteren_algemeen/i/marktplaats-browser-ondersteuning,0
monsterenergy.com/in/en,0
xuexila.com/shenghuo,0
goodtherapy.org/therapists/tn,0
lhup.edu/studentlife,0
beihai.gov.cn/71/2017_3_13/71_546667_1489369938109.html,0
roosterteeth.com/post/51295271,0
cbyts.com/index/line/lid/5,0
diytrade.com/china/pd/11572862/Pultruded_glassfiber_profiles_and_FRP_profiles.html,0
raisingchildren.net.au/link_to_us/link_to_us.html,0
bredband.net/bredband/wifi.html,0
linkedin.com/pub/john-mendez/4/25/1,0
spaldinggenealogy.com/chronology_of_john.htm,0
stanstedairport.com/at-the-airport/restaurants,0
dailym.ai/health/index.html,0
pcauto.com.cn/beijing,0
ifeng.com/a/20170321/5481912_0.shtml,0
jzhlxj.com/plus/view.php?aid=518,0
motorcyclenews.com/bike-reviews/honda/sp-2/2000,0
consultant.ru/law/ref/roadmap/1,0
uqu.edu.sa/uqu.edu.sa/hisbah,0
celebrityhousepictures.com/reggie-miller.php,0
walla.co.il/item/3048598,0
tnc.com.cn/aboutus/about.html,0
bible.org/about,0
medguru.ie/owenabue-medical-centre-carrigaline/30/#reviews-block,0
ndtv.com/video/news/left-right-centre/hotel-sealed-staff-jailed-over-beef-rumours-cow-vigilantes-encouraged-452349?pfrom=home-videos,0
cnet.com/s/internet,0
qianzhan.com/news,0
cndenkei.com/Product/List.aspx?BrandId=82,0
brusheezy.com/members/jschill,0
laoqianzhuang.com/zcsanshiliuji/20170321/1098290.shtml,0
piaoliang.com/mx/3635/1.html,0
homes.co.jp/nagano/line,0
php100.com/sjhass/m3sttcgt,0
33lc.com/article/list_6.html,0
apha.org/policies-and-advocacy/public-health-policy-statements,0
benjerry.com/flavors/everything-but-the-ice-cream,0
aircraftspruce.com/categories/building_materials/bm/menus/me/aluminum.html,0
tenki.jp/bousai/warn/2/7,0
duckduckgo.com/1/c/United_States_district_court_judges_appointed_by_Bill_Clinton,0
infoq.com/podcasts/richard-kasperowski-high-performing-teams?utm_source=infoq&utm_medium=popular_widget&utm_campaign=popular_content_list&utm_content=homepage,0
wordiq.com/definition/Mort_Sahl,0
swimmingworldmagazine.com/issues/2017,0
alliance-wrestling.com/2011/05/chance-prophet-vs-onyx-for-nwa-national.html,0
makarchian.ir/index.php/gallery,0
osdn.jp/projects/sfnet_openofficeorg.mirror/releases,0
romandie.com/news/ALERTE--Nazisme-Berlin-juge-inacceptables-les-propos-dErdogan_ROM/781556.rom,0
montrealgazette.com/entertainment/movie-guide/Montreal+World+Film+Festival+reviews/5275145/story.html,0
nowec.com/splist/23_2306_1033651,0
finanznachrichten.de/chart-tool/markt/dj-industrial.htm,0
natlawreview.com/author/david-l-barres,0
fair.org/topic/gender,0
azquotes.com/author/2997-Hillary_Clinton,0
ctrip.com/tours/d-unitedkingdom-20354,0
xvideos.com/?k=Hollie+Stevens+,0
xiti.com/go.click?xts=445897&s2=&p=KOMNAV_DIGITALE_ZEITUNG_Passende_Angebote_Angebote&clic=S&type=click&url=e-paper.tlz.de,0
jazdhotels.com/hotelworldnetworkmarketplace/company/Saepio-Technologies.htm?supplierId=40001274,0
realtytimes.com/announcements/itemlist/category/14-14?rtmpage=,0
differencebetween.net/category/miscellaneous/entertainment-miscellaneous,0
sovsekretno.ru/cdn-cgi/l/email-protection#82f1e7e9f0e7f6ecedf1edf4c2e5efe3ebeeace1edef,0
forever21.com/Product/Category.aspx?br=21men&category=mens-bottom-swim|mens-bottom,0
iask.com/b/6gUK4YvwTCL.html,0
nrf.com/career-center/scholarships/dream-big-scholarship/class-of-2014/angelo-chavez,0
borsaitaliana.it/azioni/documenti/calendariobilanciedividendi/calendariobilanciedividendi.htm,0
beckett.com/grading/get_jobs,0
w3schools.com/js/default.asp,0
scripps.edu/discover/blindness.html,0
hilton.com/tips/7-best-travel-apps-help-keep-sanity,0
compets-and-animals/dog/bull-terrier,0
preloved.co.uk/adverts/show/116347746/free-camping-gaz-cylinder.html,0
twilio.com/206/intuit,0
yellowbot.com/place/Los%2520Angeles%252C%2520CA,0
bakersfield.com/news/diabetic-driver-mistaken-for-drunk-at-heart-of-lawsuit-against/article_1eb73f34-50da-518c-a367-a4bff31893e5.html,0
radian6.com/resource-center/webinars,0
lastminute.com/hotels/barcelona.html,0
absoluteastronomy.com/topics/Farmland_Industries,0
barnesandnoble.com/w/eisenhower-carlo-deste/1005127320,0
lumendesign.com.br/category/premio,0
christianitytoday.com/ct/movies,0
mondinion.com/Condos_for_Sale/country/Slovenia,0
du.edu/apply/index.html,0
derwesten.de/-----Sport-----/zwei-ehemalige-schalker-in-hannover-heldt-geht-mit-breitenreiter-ein-risiko-ein-id209999375.html,0
edilportale.com/prodotti/materiali-da-costruzione/calci-malte-e-cementi/931,0
thumbtack.com/nm,0
poets.org/poetsorg/poems?field_poem_themes_tid=941,0
wwlp.com/tag/season-finale,0
flashboot.ru/flash_recovery/2014/12/13/relife-32g.html#comment23567,0
elperiodico.com/es/noticias/mas-barcelona/balance-positivo-del-programa-labora-2016-5908263#comentarios,0
ticketmaster.com/html/home.htmI?team=cowboys&l=EN&STAGE=1&CNTX=120962&out=1,0
ustreas.gov/resource-center/data-chart-center/interest-rates/Pages/default.aspx,0
google.com/fb/a/mailverify?uri=Owni&loc=fr_FR,0
kotaku.com/5853665/vimeo-vs-indie-game-developers,0
jobui.com/jobs/l-%E5%85%A8%E5%9B%BD-q-%E9%AB%98%E4%B8%AD%E8%8B%B1%E8%AF%AD%E6%95%99%E5%B8%88,0
hsbkj.cn/html/6105.html,0
sina.com.cn/official/2017-03-19/doc-ifycnpit2293477.shtml,0
yahoo.co.jp/info,0
cambridgeenglish.org/teaching-english/teaching-qualifications/icelt/index.aspx,0
facebook.com/sharer/sharer.php?u=https%3A%2F%2Ffcbarcelona.es%2Ffutbol%2Fjuvenil-a%2Fnoticias%2F2016-2017%2Fel-golazo-de-jordi-mboula-juvenil-a-contra-el-borussia-dortmund-uefa-youth-league,0
ebay.co.uk/rpp/facial-skin-care,0
pressofatlanticcity.com/public_eye,0
zkxww.com/food/pwxx/2017-03-20/203502.html,0
heraldo.es/noticias/nacional/2017/03/20/pascal-dice-que-una-cataluna-independiente-deberia-tener-ejercito-tecnificado-1165480-305.html,0
glslawyer.com/cn/contact.aspx,0
omniture.com/marketing-cloud/programmatic-advertising.html,0
zinio.com/www/browse/category.jsp?categoryId=cat1960020,0
silicon.fr/categorie/e-regulation,0
pingshu8.com/MusicList/mmc_38_1739_1.htm,0
3dprint.com/tag/myminifactory,0
ts.cn/content/2017-03/17/content_12560752.htm,0
engineering.com/Education/EducationArticles.aspx,0
comshop/class/?showbrandid=41,0
automotivedigitalmarketing.com/xn/detail/1970539%3ATopic%3A636917,0
lifeproof.com/en-us/iphone-7-cases,0
insanelymac.com/forum/user/1784704-vengeance1020,0
wxii12.com/article/report-bradys-stolen-jersey-found-on-foreign-soil/9156063,0
shco.org/Departments/ClerkofCourt.aspx,0
cnet.com/Download-Accelerator-Plus/3000-2071_4-10037157.html?part=dl-&subj=dl&tag=button,0
essaytribe.com/edit-profile,0
tv2.no/nyheter/9006060,0
360che.com/news/773.html#1#pvareaid=1010502,0
appelsiini.net/projects/instrument-middleware,0
worthpoint.com/worthopedia/kiss-revenge-photo-album-rare-and-very-cool,0
nationalterroralert.com/2008/11/12/50000-reward-for-info-on-john-amos-power-plant-bomb-threats,0
publix.com/www.publix.com/products-services,0
trivia-library.com/b/where-are-they-now-gangster-alvin-creepy-karpis.htm,0
helenair.com/entertainment/music/primus-clutch-to-play-kettlehouse-amphitheater-outside-missoula/article_f2bf9c04-f4cb-52e5-b7cc-55fae30ae080.html,0
milb.com/milb/stats/index.jsp,0
verycd.com/search/entries/?actor=%E9%AB%98%E6%A1%A5%E6%9D%8E%E4%BE%9D,0
onu.edu/academics/colleges_and_schools,0
qbaobei.com/baike/684766.html,0
thisismoney.co.uk/money/comment/article-4327070/SIMON-WATKINS-no-time-scare-horses.html#comments,0
realtytimes.com/advicefromtheexpert/item/49663-homes-for-sale-in-the-preserve-at-saddlebrooke-az-living-in-luxury-and-style?rtmpage=activeadultrealty,0
tva.com/Information/Important-Information-Regarding-the-Use-of-This-TVA-Web-Site,0
amazon.com/Master-Game-Striker-Football-Association/dp/0340928387,0
thejournal.ie/pedestrian-killed-balbriggan-m1-3298258-Mar2017,0
instagram.com/p/BR1NOHVhl3X,0
excelsior.com.mx/funcion/2017/03/20/1153041,0
wikipedia.org/wiki/Margaret_Evans,0
yesky.com/mobilephone/bhx,0
shoppersdrugmart.ca/en/food-and-home/drinks/dairy/products,0
go.com/blog/nfcwest/post/_/id/39591/stan-kroenke-the-rams-and-los-angeles,0
lawtime.cn/fdb,0
au.com/entertainment/disneypass/?bid=we-com-autopent-005,0
tigtag.com/employment/242304.shtml,0
f-prot.com/download/trial,0
fresheye.com/r25/life_money/20170318_00055947.html,0
makepolo.com/cpk/cp_70t447kecq6.html,0
liveresult.ru/football/Germany/Oberliga-Bayern-North,0
2144.cn/flash/73912.htm,0
newmatilda.com/about-us,0
gearbest.com/xiaomi-_gear/c_11264,0
whozat.com/person/m/m-gi/m-gi756.html,0
presseportal.de/pm/110342/3590474,0
bleacherreport.com/articles/658458-detroit-lions-the-11-most-beloved-players-in-team-history,0
whathifi.com/products/home-cinema,0
net	http:/www.picturetools.de	,0
rumormillnews.com/cgi-bin/forum.cgi?noframes;read=69701,0
ifolder.ru/moskwa/tennisnye-kluby-i-korty,0
ganji.com/fang12/a4,0
elperiodico.com/es/noticias/barca/neymar-asistente-5912900#comentarios,0
facebook.com/pemccusker,0
elsevierhealth.com/medicine/sports-medicine-1,0
goodtoknow.co.uk/recipes/pictures/30701/30-christmas-recipes-to-make-in-advance,0
vrgroup.fi/fi/vrgroup/uutishuone/uutiset-ja-tiedotteet/vr-ja-koko-suomi-mukana-taitoluistelun-kisahuumassa-140320171152,0
sandals.com/groups,0
udmercy.edu/life/orientation/ptv/schedules.php,0
overclockers.ru/hardnews/83125/novye-tolkovaniya-izobrazhenij-amd-radeon-rx-vega.html,0
rottentomatoes.com/celebrity/jeremy_suarez/biography.php,0
gosugamers.net/overwatch/events/654-overwatch-alienware-monthly-melee-march-2017,0
utahhumane.org,0
cruzio.com/newsletter-archive,0
gallarddidierarchitecte.fr/index.php/item/22-20-champignysuryonne-hp,0
arxiv.org/list/stat/recent,0
letsgodigital.org/en/42830/canon-g9x-mark-ii-test,0
video-bookmark.com/tag/pneumatici-all-weather,0
myhabit.com/gp/customer-preferences/select-language?ie=UTF8&preferencesReturnUrl=%2F,0
shm.com.cn/2017-03/21/content_4590297.htm,0
china.cn/gezhadeng1,0
di.com.pl/Firmy_wg_branz,0
messe.de/de/messen/?cfil=Russland,0
designbeep.com/19195-2,0
pc.gov.au/inquiries/current/transitioning-regions,0
howcast.com/videos/514054-10-cool-facts-about-camel-spiders-pet-tarantulas,0
mycentraljersey.com/blog/onthemat,0
adcouncil.org/Impact/Case-Studies,0
nytimes.com/2017/03/20/books/robert-silvers-dead-founding-editor-new-york-review-of-books-nyrb.html?partner=rss&emc=rss,0
atsb.gov.au/newsroom/news-items/2017/national-rail-investigator,0
acb.com/video/10782-lacb-20162017-liga_regular-25-matazo_de_henk_norel_ante_david_jelinek,0
absoluteastronomy.com/topics/Iowa_State_Cyclones,0
acehardware.com/category/index.jsp?categoryId=2268895&cp=12550830&clickid=topnav_shopndrop_1,0
anandtech.com/tag/tradeshows,0
facebook.com/people/Julien-Hebert/100000772782183,0
esquire.com/news-politics/news/a53956/sad-donald-trump-jr,0
fastcodesign.com/content.jwplatform.com/previews/SuzHuHMW,0
beachbody.com/product/fitness_gear/bands_balls_weights/weighted_gloves.do,0
manager-magazin.de/thema/warren_buffett,0
aapa.org.au/%d8%a7%d9%be%d8%a7%d8%b1%d8%aa%d8%a7%d9%8a%d8%af-%d8%ac%d9%86%d8%b3%db%8c-%d8%af%d8%b1-%d8%a7%d9%81%d8%ba%d8%a7%d9%86%d8%b3%d8%aa%d8%a7%d9%86/#respond,0
heraldextra.com/places/business_professional_services/associations/sport_entertainment/laser-assault/business_1139953589.html,0
pc031.com/win7/ylmf/2015/8866.html,0
snapsort.com/blog/about,0
fresnofamous.com/06/15/11/large-bird-creature-seen-fresno-skies,0
tvonlinelive.net/tv_online-Educational-1.html,0
linierterblog.de/blog/2013/12/01/neue-wochenaufgaben,0
lerablog.org/tag/seo,0
mdzol.com/nota/724698-contraste-y-contexto-un-gabinete-frente-a-otro/#opinar,0
sffs.org/awards/francis_ford_coppola.php,0
pcbaby.com.cn/resource,0
youtube.com/watch?v=wPW3Cgdo2LA,0
comatlassian-vcache-internal-legacy/0.3.0/atlassian-vcache-internal-legacy,0
cncrk.com/downinfo/186646.html,0
pptcom/show/Qn9n5Q9yebcamAA.html?rcc_src=www_index,0
osdn.jp/projects/ffdshow-tryout,0
um.dk/da/om-os/organisation/ministeriet/controller,0
keek.com/profile/JSO,0
slon.ru/authors/100021,0
blogspot.com/2009/11/michele-rosewoman-source.html,0
theiapolis.com/movie-2SJ2/the-eagle/news,0
centrepompidou.fr/fr/../cpv/agenda/spectacles-concerts,0
techrepublic.com/topic/cloud,0
ahhr.com.cn../firm/company.aspx?comid=CA96264799#97864,0
boylamymm.com.tr/index.php/2013-11-12-13-23-10/2013-11-16-09-46-48/hurriyeti-baglayici-cezalar,0
comatlassian-template-renderer-velocity15-plugin/1.3.0-alpha1/atlassian-template-renderer-velocity15-plugin,0
minfin.com.ua/2017/03/13/26655253,0
thetimesherald.com/story/sports/2017/03/18/cros-lex-senior-wilson-headed-gvsu/99349224,0
sho.com#/stream/series/1032991/int-homepage-6580,0
meiji.co.jp/dairies/yogurt/lg21,0
cevapla.tv/video/buyukanne-projesi-nedir/12346,0
ticketsolutions.com/kansas-city,0
kimiss.com/435,0
cleantech.com/evolving-landscape-in-industrial-biotech,0
ohchr.org/EN/Countries/AsiaRegion/Pages/WSIndex.aspx,0
quotesgram.com/abraham-lincoln-quotes,0
lavasoft.com/mylavasoft/support/supportcenter/faq,0
sportspyder.com/cf/duke-blue-devils-football/news,0
nabu.de/spenden-und-mitmachen/spenden,0
oneindia.com/news-in-pics/html,0
wikimedia.org/wiki/New_Zealand_national_rugby_union_team,0
dignitymemorial.com/dm20/en_US/main/dm/plan-now/funeral-service.page?,0
pedaily.cn/u/gplp/201610091326713.shtml,0
my373.cn/news/4_1168,0
	xyqxt.com/html/4924.html,0
sas.com/en_us/company-information/great-workplace.html,0
ig.com.br/2017-03-20/piores-central-multimidia.html,0
wickes.co.uk/Products/Kitchens/Ready-to-fit-Kitchens/Contemporary-Kitchens/c/1001005,0
uuu9.com/Soft/HTML/3853.shtml,0
kcrg.com/news/local/Interstate-29-Scheduled-to-Reopen--131353038.html,0
ozon.ru/context/newborns,0
berkeley.edu/faculty/drummond,0
porsche-design.com/Porsche-Design-Woman/Schreibgeraete/Shake-Pen-Ballpoint-Pen-Twist.html,0
songlyrics.com/jaci-velasquez/imagine-me-without-you-lyrics,0
ldschurchtemples.com/oakland,0
wikipedia.org/wiki/Chris_Burford,0
filmreference.com/Actors-and-Actresses-Da-Ea/Douglas-Kirk.html,0
miningweekly.com/article/smaller-global-copper-deficit-seen-in-december-icsg-2017-03-21,0
diverseeducation.com/about-us/corporate-statement,0
daytondailynews.com/rf/image_lowres/Pub/p8/Dayton/2017/03/17/Images/StPatricksDayFlanagans-29.jpg,0
xincheping.com/views/103569.html,0
sharebnb.me/user-image/vancouver-b-c,0
answers.com/Q/What_films_came_out_in_1996,0
dastelefonbuch.de/www.dastelefonbuch.de/Branchen/Orthop%C3%A4de/M%C3%BCnchen,0
staugustine.com/compass/visitors-guide/entertainment/2017-03-17/local-artist-turns-lifelong-passion-career,0
westga.edu/academics/coah/philosophy/program_page.php?program_id=260,0
twitter.com/JournalNow,0
icann.org/en/registrars/registrant-rights-responsibilities-en.htm,0
dyk.com.cn/www.dyk.com.cn/news/article/10525,0
comatlassian-messagequeue-sqs/0.2.3/atlassian-messagequeue-sqs,0
centrodeestudiosendocrinos.es/index.php/tecnicas,0
lazada.co.id/kaos-pria,0
enjeux-architectes.fr/index.php/realisations,0
borsaitaliana.it/varie/bribery-act/bribery-act.htm,0
americansforthearts.org/node/27857,0
sbs.com.au/aboutus/corporate/index/id/40/h/Policies-Publications,0
51sole.com/b2c/b2clist_10152_3,0
computerbild.de/artikel/cb-Ratgeber-Kurse-DSL-WLAN-TCP-Optimizer-So-erhoehen-Sie-Ihre-DSL-Geschwindigkeit_2414269.html,0
nbcsports.com/video/tom-bradys-stolen-super-bowl-jerseys-were-found-nfl-and-fbi,0
qy6.com/cpdq/cpC0410.html,0
mrs.org/elections-2016/elections-2016-stach,0
liuxue86.com/zhufuyu/shengzhi,0
ooopic.com/xiaobao/anquanxiaobao,0
usa-people-search.com/Find-Mike-Monte.aspx,0
etihad.com/en-us/plan-and-book/extra-legroom,0
sanguosha.com/act/4v4_sanguosha,0
poetry4kids.com/howto,0
sozcu.com.tr/kategori/basaksehir,0
gamedog.cn/glxbwysw,0
ramapojournalism.com/svnbhy/prediksi-sgp-rabu-22-03-2017.html,0
rockclimbing.com/gear/Essential_Equipment/Harnesses/Adjustable/Pandion_Harness_826.html,0
telia.com/privat/support/info/bestall-telia-efaktura?intcmp=vvg_start_efaktura,0
shu.ac.uk/alumni/contact-us,0
iask.com/b/22572899.html,0
motor-talk.de/news/piech-verhandelt-ueber-ausstieg-bei-vw-t5977331.html#comments,0
ebay.ie/cln/ch.desi/Classics/327907845014,0
yonsei.ac.kr/sc/admission/gradeintro.jsp,0
hy-vee.com/company/community/heroes-game.aspx,0
mbta.com/includes/process_change_language.asp?language=en_pt,0
comicsbeat.com/advertising-information,0
napetslk.com/index.php/en/committee-members/31-council-member-b-k-ulluvisihewa,0
ocr.org.uk/search/index.aspx,0
cnqiang.com/member/logout.php,0
geo.de/magazine/?onwewe=0656&utm_campaign=footer-hefte&utm_term=geofam,0
blizko.ru/predl/otdyhirazvlecheniya/turizm/otdyh_za_granitsey/tury/55021,0
mixcloud.com/MusicForDreams,0
miaminewtimes.com/riptide/2010/08/miami_dolphins_pre-season_a_sl.php,0
monash.edu/news/events/excel-introduction2,0
embassy.gov.au/about-us/about-this-website/Pages/disclaimer.aspx,0
liuxue86.com/shuangluqu,0
5ykj.com/Article/xxywstzl/194201.htm,0
houzz.com/professionals/house-cleaners#,0
jedovnice.cz/cs/pro-turisty/jizdni-rady,0
99fund.com/main/products/pofund/164702/fundgk.shtml,0
allabout.co.jp/gm/gc/467802,0
almasdarnews.com/article/video-israeli-military-opens-fire-palestinians-clashes-erupt-teens-funeral,0
spiritus-temporis.com/marie-de-medici,0
beverlyhills.org/route/document?DOCID=8848,0
haz.de/Hannover/Aus-den-Stadtteilen/Davenstedt,0
monstersandcritics.com/lists/television/coolest-cartoon-characters,0
mnhn.fr/fr/explorez/applications-mobiles/birdlab,0
letsencrypt.org/2016/10/27/first-grant-ford-foundation.html,0
journaldugeek.com/2017/03/15/900-noix-korogu-zelda-breath-of-the-wild-recompense-originale,0
cashpig.net/npogf/naina-singh-new-mp3-2017-dj-download.html,0
hongyatj.com/plus/list.php?tid=3,0
linkiesta.it/it/article/2017/03/15/litalia-di-provincia-e-di-paese-dimenticata-dalla-sinistra-fara-trionf/33547,0
yahoo.com/ncaa/football/preview?gid=201110080023,0
pcgames.com.cn/games,0
nytimes.com/keyword/satchel-paige,0
lawsociety.org.uk/policy-campaigns/campaigns/access-to-justice/personal-injury-reform,0
autistici.org/en/donate.html,0
fb.ru/post/science/2017/3/3/10643,0
diariosur.es/sociedad/201703/17/bulos-comparten-facebook-whatsapp-20170317210336.html#comments,0
beachbody.com/product/supplements/beachbody-performance/energize-pre-workout-formula.do,0
republicain-lorrain.fr/actualite/2017/01/30/video-presidentielle-5-minutes-et-5-questions-pour-comprendre-la-sante-dans-le-grand-est,0
jimdo.com/how-to-make-npo,0
edeka.de/angebote/dauerhaft-guenstig/dauerhafte-preissenkungen/index.jsp,0
propellerheads.se/en/reason/buy#find-a-dealer,0
centralpark.com/events/filter/2017/03/07,0
eastlink.ca/cabledigitaltv/mytvchannels.aspx,0
kudzu.com/m/Kevin-Storms-Allstate-Agent-21057916,0
anwalt.de/rechtsprodukte/erstberatung_per_telefon_skype_oder_persoenlich_zum_vereinsrecht_004949.php,0
9game.cn/jtcdkbnr/1622109.html,0
heathrow.com/transport-and-directions/heathrow-parking/how-to-find-heathrow-car-parks,0
comicsbeat.com/author/maggie-vicknair,0
tgbus.com/hdlsy/index.html,0
cantonfair.org.cn/html/cantonfair/en/exhibitor/2012-09/24847.shtml,0
lineage2.com/en/news/maintenance/server-maintenance-03082017.php,0
ikea-usa.com/us/en/store/burbank,0
dom-trava.ru/semena-barenbrug,0
scrc168.com/html/CompanyShow/79356.html,0
lyricsfreak.com/g/george+harrison/bye+bye+love_20059077.html,0
suntimes.com/apps/pbcs.dll/article?AID=/20071122/COMMENTARY/71123002,0
imodules.com/s/1333/16/home.aspx?sid=1333&gid=1&pgid=316,0
eastmoney.com/stock/lhb/601212.html,0
bn.com/b/diary-of-a-wimpy-kid/_/N-1pcc,0
stonyfield.com/products/baby-kids/whole-milk-pouches,0
mtb-news.de/news/2017/03/10/filmfreitag-2017-9,0
tradingschools.org/reviews/page-trader,0
autoblog.com/subaru,0
qstheory.cn/dukan/qs/2017-03/16/c_1120634285.htm,0
gizchina.com/2017/03/20/sony-xperia-l1-launched/#comments,0
360.cn/index/checkwebsite/url/www.x-kicks.com,0
tuniu.com/zt/zijia,0
unian.ua/economics.unian.ua/realestate,0
gervaisgroup.com/images/Slider/Web Design.jpg,0
corriere.it/salute/forum-salute,0
technologyreview.com/about/commenting-guidelines,0
clickwrestle.com/pro/60340/lufisto-vs-ayako-hamada,0
linkedin.com/company/goldman-sachs,0
rupu/s/index.html,0
pullmanhotels.com/identification/identify.action?search.destination=Auckland&search.geoZone.geoZoneCode=V4975&search.geoZone.geoZoneType=VI,0
yu.edu/support/gratitude/benefactors,0
lcxw.cn/documentary/2017-03-06/2323.html,0
tum.de/studium/internationale-studierende/veranstaltungenzumstudienstart/pre-study-course,0
telenextmedia.com,0
blogpot.com../Documents/Bible_Studies/Bible_Studies.htm,0
china-flower.com/gqxx/index.html,0
ovh.lt/domenai/dns-anycast,0
otago.ac.nz/study/fees,0
government.se/subscribe-via-email/?filterType=Taxonomy&filterByType=FilterablePageBase&preFilteredCategories=2069%2C2070%2C2071%2C2072%2C2073%2C2074%2C2075%2C2076%2C2077%2C2078%2C2079%2C2082%2C2083%2C2124%2C2125%2C2126%2C2127%2C2128%2C2129%2C2130%2C2131%2C2132%2C2133%2C2134%2C2135%2C2137%2C2138%2C2139%2C2140%2C2141%2C2142%2C2143%2C2144%2C2145%2C2146%2C2147%2C2189&rootPageReference=0,0
pornhub.com/user/discover/popular_verified_members,0
huge-it.com/joomla-catalog,0
askaserialkiller.com/serial-killers,0
ajunews.com/view/20170303162503039,0
anymeeting.com/free-online-meetings,0
china-flower.com/company/product_lists_128/content_29627_28478.html,0
wjw.cn/g/qitajianshenqicai,0
hupu.com/teams/warriors,0
udn.com/video.udn.com,0
appcrawlr.com/android-apps/best-apps-for-insomniacs,0
saatchiart.com/account/profile/974510,0
dpreview.com/news/6897114871/meyer-optik-launches-kickstarter-campaign-to-fund-third-trioplan-lens-the-35#comments,0
cisco.com/thread/11202?start=0&tstart=0,0
kk.dk/artikel/b%C3%B8rn-med-s%C3%A6rlige-behov,0
search.ch/tv.search.ch,0
commerce.gov/news/press-releases/2017/03/department-commerce-seeks-input-pipelines-made-america,0
cnbamboo.com.cn/html/5816.html,0
esri.com/products/arcgis-capabilities/spatial-analysis,0
umka.org/map-montreal.html,0
snyyyy120.com/qlxy/1060.html,0
freebase.com/view/en/boise_metropolitan_area,0
ipasviancona.it/usij/amarpali-nirahua-all-remix-song-bhojpuri.html,0
php100.com/sjhass/85sc7jhv,0
akzonobel.com/about-us/what-we-do/innovation,0
littelfuse.com/products/polyzen-devices.aspx,0
imm.org/publications/pnas,0
fansided.com/fansided.com/nfl/nfl-mock-draft,0
unido.org/who-we-are/structure/director-general/meetings.html,0
comatlassian-plugins-spring/2.9.0-alpha1/atlassian-plugins-spring,0
hwupgrade.it/home/skvideo,0
cnet.com/news/fcc-chairman-ajit-pai-promises-broadband-for-all,0
djournal.com/opinion/opinion-body-camera-policy-big-step-police,0
yaplakal.com/go/?https%3A%2F%2Fzachestnyibiznes.ru%2F,0
2144.cn/web.2144.cn/sxd,0
myer.com.au/shop/mystore/kids-toys/soft-plush-toys,0
harryanddavid.com/h/thanksgiving-gifts?deptref=holidays,0
um.es/cursospe/portal.oferta.do?oferta_filtro_actividad_tipos=EU,0
liuxue86.com/xiezuoshoufa/fanwenju,0
ebiotrade.com/instrument/instrument_kind2.aspx?kindID=6245de60-cdef-4dd1-b3f9-741086a35dfa,0
thecanadianencyclopedia.com/index.cfm?PgNm=TCE&Params=M1ARTA0006797,0
mybb.ru/create,0
ansamed.info/ansamed/it/notizie/fotogallery/foto/2017/01/16/belgrado-migranti-ancora-nella-morsa-del-gelo_74176379-b6cc-47ae-b3cb-37a47959a271.html,0
huacolor.com/soft/html/ABC_D-Z_1.html,0
sigmaessays.com/resume-writer,0
basf.com/us/en/products-and-industries/General-Business-Topics/acrocrete-eifs-stucco/products/stucco-products/permalath-1000.html,0
armorgames.com/string-theory-game/18097,0
bestbuy.ca/en-ca/category/action-cameras-camcorders/20042.aspx?&NVID=shop;Cameras%2C%20Camcorders%20%26%20Drones;Action%20Cameras%20%26%20Camcorders;lnk;c1;r4;en,0
sina.com.cn/s/wh/2016-08-25/doc-ifxvixsh6576792.shtml,0
shockwave.com/online/car-racing-games.jsp,0
icsi.edu/WebModules/Publications/FCB/e-bulletin_exeProf_Feb2017.pdf,0
barry.edu/schedule-a-visit,0
cbsnews.com/8301-505123_162-42440339/why-dov-charneys-controversial-hiring-practices-wont-hurt-american-apparel-updated,0
bolshoi.ru/performances/904,0
nmap.org/5/#changes-zenmap,0
axs.com/events/332323/celebrity-autobiography-the-2017-music-edition-tickets,0
parrotsec.org/parrot/iso/3.5/signed-hashes.txt,0
eso.org/public/about-eso/memberstates/danishinvolvement,0
artsusa.org/by-program/services-and-training/services-for-your-organization/start-a-program,0
publicrecords.com/people-search-records/kevin-bowyer,0
instagram.com/deptvetaffairs,0
cndenkei.com/Product/Detail.aspx?did=387,0
cografyaegitimi.biz/sunular-b33.0,0
namesdatabase.com/schools/CA/ON/Noelville/Ecole%20La%20Riviere%20Des%20Francais,0
comabout-us/locations,0
cnelc.com/Article/11/170315/AD100688056_1.html,0
majestic.com/support/glossary,0
nextbigfuture.com/search/label/nanopantography,0
cagender/men%27s/products/footwear/c/1184,0
kpopstarz.com/articles/281371/20170318/more-details-are-released-on-winner-s-comeback.htm,0
tlc.com/tv-shows,0
technologyreview.com/s/603871/how-a-boys-lazarus-like-revival-points-to-a-new-generation-of-drugs,0
wikia.com/Alicia_Keys:No_One,0
typepad.com/.a/6a00d8358081ff69e201b7c8dec32e970b-popup,0
ovh-hosting.fi/anti-ddos,0
pesantrenmodernattaqwa.ac.id/non-akademik,0
orgsync.com/for_divisions/academic_affairs,0
visitmt.com/places-to-go/trip-ideas.html,0
ooopic.com/suo/18087608,0
financialred.com/la-transformacion-digital-y-la-mejora-de-las-carreras-profesionales,0
gzlps.gov.cn/zs/zxdt/201703/t20170321_1319013.html,0
eni.com/en_IT/products.page,0
moypolo.ru/tovary/elektrika/startery,0
tradingeconomics.com/japan/indicators,0
dissidentvoice.org/2017/03/the-dead-dont-rest,0
warnet.ws/news/naval__nogo_oblili_zelenkojj_v_barnaule__2_foto_2_video_067#comment_907927,0
yahoo.com/riccardo-fogli,0
popularfx.com/themes/wordpress,0
halfords.com/cycling/bikes/kids-bikes?cm_re=mmkidszone-_-Kidsbikes-_-Kidsbikes2,0
hbjjrb.com/jkys/yangsheng/201703/859612.html,0
desktx.com/news/shoujizhishi/7219.html,0
facebook.com/pages/Chuck-BartowskiSarah-Walker/37785505418,0
abc.net.au/services/rss,0
wrestlinginc.com/wi/news/2017/0320/624295/nate-diaz-responds-to-dana-white/#disqus_thread,0
imf.org/external/pubs/ft/survey/so/SinglePodcastHighlight.aspx?podcastid=439,0
rcuniverse.com/articles/category/preview,0
capterra.com/hr-software-research,0
fisherhouse.org/ways-to-give/#2536,0
wjbf.com/category/sports/college-sports,0
univ-lille3.fr/universite/infos-pratiques/mentions-legales,0
ajc.com/rf/image_lowres/Pub/p8/AJC/2017/02/18/Images/newsEngin.17631136_020917-hf-private-2261.jpg,0
thelastnineseconds.com/components/com_gk3_photoslide/thumbs_big/960468Lady.jpg,0
legacy.com/obituaries/spartanburg/obituary.aspx?n=donald-mcintosh&pid=152523027,0
omicsgroup.org/journals/bioenergetics.php,0
1905.com/news/20170318/1166415.shtml,0
finanzen.net/devisen/realtimekurs/euro-schweizer_franken-kurs,0
visitcumbria.com/contribute,0
hr.com/en/magazines/benefits_wellness_essentials/employee_benefits_wellness_may_2015,0
dindersiindir.com/index.php/dindersiicerik/7-sinif/4-unite.html,0
genealogy.com/hodges/page5.html,0
fansided.com/mlb/fantasy-baseball,0
kimptonhotels.com/my-karma/reservation-lookup,0
hx2car.com/car/verify/t106jyckbmgesl100000&pid=106,0
santabanta.com/jokes/universal-jokes/marriage/15,0
galvestondailynews.com/news/article_35dc86ab-cfd2-5fba-9dbb-5a4edfd20e07.html,0
mhprofessional.com/general-self-help/cooking,0
gamer.com.tw/forum.gamer.com.tw/C.php?bsn=60030&snA=457223,0
gtimg.com/auto/pics/hv1/119/101/2194/142690724.jpg,0
radioaustralia.net.au/international/news/topics/Business%2C%20Economics%20and%20Finance,0
sublet.com/area_rentals/slovenia_areas.asp,0
yaolan.com/abckids2016,0
wikipedia.org/wiki/R%C3%A9al_M%C3%A9nard,0
freitag.de/politik/inland,0
digitalspy.com/soaps/emmerdale/news/a823909/emmerdale-cleared-ofcom-complaints-aaron-dingle-prison-bullying-storyline,0
weebpal.com/drupal-themes/forum-plus-responsive-drupal-forum-theme,0
hbrc.com.cn/Jobs/content/id/887457/code/fb91.html,0
bidcenter.com.cn/zhaobiao/zbkeyw-22089.html,0
bleacherreport.com/articles/233858-remembering-the-irish-ironman-shane-shamrock,0
thehockeynews.com/news/article/down-goes-brown-five-teams-with-the-toughest-deadline-buy-sell-dilemma,0
yandex.by/realty.yandex.ru/?from=morda_tab,0
meridiana.it/it/primadelvolo/condizioni.aspx#bagagliostiva,0
haikou.gov.cn./xxgk/szfbjxxgk/ggtz/201703/t20170321_1059534.html,0
blm.gov/programs/public-safety-and-fire/abandoned-mine-lands/regional-information/alaska/projects/red-devil-mine/community-involvement,0
joanramagoshi.com/images/gallery/_mg_3244.jpg,0
tovima.gr/politics/article/?aid=868437,0
khou.com/sports/nfl,0
sg560.com/p23/2016-11-17/62467791.html,0
paypal.com/cgi-bin/webscr?cmd=_s-xclick&hosted_button_id=WHV49WMXAPFEC,0
ebay.at/ws/eBayISAPI.dll?MyEbayBeta&CurrentPage=MyeBayNextListIndex&wl=1,0
edeng.cn/uwu,0
advancedphotoshop.co.uk/users/6686/thm1024/1415992425_ddr%20%2827%29bsml.jpg,0
aoyou.com/search/b1-l322,0
iqilu.com/insheng/2017/0320/3454878.shtml,0
cortland.edu/FeaturedEventsCalendar/Calendar.aspx?EventDetailId=1218361,0
sangstersrealty.com/houses_kingston.htm,0
catchmyparty.com/party-ideas/candy-sweets-dessert,0
stratasys.com/corporate/reach-compliance,0
littlewoods.com/electricals/tablets-kindles/e/b/100362.end,0
systemrequirementslab.com/cyri/requirements/trove/12520,0
telegraph.co.uk/travel/hotels,0
jdsupra.com/legalnews/nevada-legislature-mulls-codification-75658,0
9to5google.com/guides/youtube,0
kohlls.com/aesthetic-services-solutions,0
vimeo.com/universityofalabama,0
spoti.fi/us/purchase/ecards,0
adventurecycling.org/content-sliders/homepage-slider/2017-tours,0
"meltfroren.com?""../zyjy/xszz/201510/t20151017_639998.html""",0
yahoo.com/info-37074284-moffitt-restorative-dentistry-champlin,0
jlab.org/scienceseries/index.php,0
olin.edu/news-events/2017/olin-college-engineering-sponsors-big-beacon-radio-series-educational,0
comHome/Plumbing,0
slate.fr/story/141302/perturbateurs-endocriniens-menace-intelligence,0
ray-bansunglasses.com.co/ray-ban-jackie-ohh-c-115_135/ray-ban-rb4098-jackie-ohh-ii-sunglasses-purple-frame-wine-red-gr-p-311.html,0
nike-trainers.com.co/nike-air-max-90-br-men-c-15,0
stir.ac.uk/security/forgotten-login.jsp,0
topsante.com/medecine/digestion-et-transit/diarrhee#essentiel,0
homedepot.com/webapp/wcs/stores/servlet/LogonForm?storeId=10051&langId=-1&catalogId=10053&URL=UserRegistrationUpdateForm&,0
seoul.co.kr/readers/ReadersIndex.php,0
yesasia.com/us/hamasaki-ayumi/0-aid444-0-bpt.47-en/list.html,0
nhl.com/club/page.htm?id=65319,0
sensagent.com/massacre/fr-fr,0
proxibid.com/asp/Catalog.asp?aid=121121,0
septimaniesolutions.com/index.php/soluciones-empresariales/soluciones-de-virtualizacion/virtualizacion-de-almacenamiento,0
cuny.edu/website/accessibility.html,0
caijing.com.cn/haohuaxingche,0
garden.org/thumbs/view/plants_images/iid/434720,0
in.com/jim-bannon/profile-138795.html,0
yxlady.com/Shaping/shoulian.shtml,0
monster.de/karriereberatung/vorstellungsgespraech?intcid=swoop_MobNav_Karriereberatung_Vorstellungsgesprach,0
crabtree-evelyn.com/bath-shower/soaps,0
bmlink.com/ltld123456789/supply-10994052.html,0
advancedphotoshop.co.uk/image/26429/scene_streetwear,0
murata.com/en-global/support?intcid5=com_xxx_xxx_cmn_ft_xxx,0
todoyunpocomas.com/page/3,0
voegol.com.br/pt/informacoes/viaje-sem-duvidas/bagagem-de-mao-e-despachada,0
ac-poitiers.fr/cid104421/cap-sup-preparer-son-entree-dans-le-superieur-de-la-seconde-a-la-terminale.html,0
insideline.com/ford/fusion/used,0
thesocietypages.org/engagingsports/2017/02/28/shebelieves-but-who-is-she-race-ethnicity-and-the-u-s-womens-soccer-team,0
ualberta.ca/faculties-and-programs/english-language-school/cultural-seminar,0
weknowmemes.com/page/20,0
trannypros.com/skins/default/trailer/trans.wmv,0
350.com/game/detail&id=20,0
eur.nl/onderzoek/horizon_2020,0
modaninos.com/component/k2/itemlist/tag/ropa,0
wlrn.org/programs/latin-america-report,0
ti.com/lsds/ti/applications/industrial/factory-automation/overview.page,0
deccanchronicle.com/opinion/op-ed/190317/sunday-interview-the-congress-will-determinedly-fight-for-indias-core-values.html,0
bowers-wilkins.com/Speakers/Installation-Speakers/Outdoor-Marine,0
katu.com/sports/college/oregon-women-face-duke-in-2nd-round-of-ncaaw-tournament,0
ancestry.com/~kycampbe/marriagescampbellabc.htm,0
youtube.com/watch?v=QfuTz2pT7tQ,0
allcrimea.net/gonews2/147130,0
51txcai.cc/game/18.html,0
asco.org/research-progress/cancer-progress/top-5-advances-modern-oncology/targeted-drug-transforms-treatment,0
goodreads.com/author/quotes/1112218.Tonya_Hurley,0
tehelka.com/author/arshiya-sethi,0
xmfish.com/web/info_sell2_40168162-973D-AF5C-7BD3-5C56E7214833.html#3307287,0
rarenewspapers.com/list/deaths,0
anwalt.de/rechtstipps/verkehrsordnungswidrigkeit-bussgeld-und-fahrverbot-verhindern_101304.html,0
outdoorphotographer.com/photo-contests/taken-with-tamron,0
systemrequirementslab.com/cyri/requirements/overload/15685,0
food.gov.uk/about-us/about-the-fsa,0
kp.ua/life/570549-redaktsyonnyi-sovet-hromadskoho-my-ne-komsomol,0
aavad.com/artistbibliog.cfm?id=54,0
columbiamissourian.com/obituaries,0
hd315.gov.cn/beian/view.asp?bianhao=010202006111400015,0
88db.com.hk/Health-Medical/Doctor-s-List/1,0
blogspot.com/2009/06/full-cover-wcw-superbrawl-4-custom.html,0
carrier.com/carrier/en/bt,0
3dsystems.com/software/gibbscam,0
renttherunway.com/shares/new?ref_medium=onsite&ref_source=footer,0
ulta.com/www.ulta.com/ulta/common/about.jsp,0
ybzhan.cn/product/T4491/list.html,0
experian.com/small-business/business-credit-reports.jsp,0
linkedin.com/in/karalabs,0
si.com/nhl/standings,0
138job.com/shtml/Hr/18605/hr_hire_380.shtml,0
callutheran.edu/alumni/hof,0
offthegridnews.com/off-grid-foods/its-1000-years-old-its-edible-and-its-on-your-property/#respond,0
cqwzsh.com/phpcms/news/index.html,0
sbnation.com/nfl/players/18995/charles-johnson,0
bhphotovideo.com/c/browse/Light-Modifiers/ci/19911/N/4062040414,0
testfreaks.com/digital-camcorders,0
imtl.org/montreal/borough/Saint-Laurent.php,0
cspinet.org/what-you-can-do/take-action,0
poczta-polska.pl/przekaz-1-dla-podopiecznych-fundacji-pocztowy-dar,0
thehindubusinessline.com/blogs/blog-smadhavan,0
8tracks.com/explore/hiphop,0
viagrasildenafilmeds.com#/products/antiviral,0
civfanatics.com/civ3/civilopedia,0
calarts.edu/admissions/portfolio-audition-requirements/music,0
hljradio.com/folder5194/folder4669/folder5869/2017/03/2017-03-14271483.html,0
washingtoncitypaper.com/bestofdc,0
greenbaypressgazette.com/story/news/2017/03/19/northland-finances-new-leaf-update-agenda/99300224,0
skiddle.com/cities/Bracknell,0
eubusiness.com/topics/fx,0
townofhague.org/townofhague/Town%20Board/2008/12-29-08%20TB%20EOY%20Meeting.htm,0
ceu.edu/research/opportunities,0
bjx.com.cn/86484,0
marksandspencer.com/l/men/swimwear,0
yenisafak.com/karikatur-galeri/hasanaycin-2369,0
hoaxes.org/archive/permalink/the_society_for_indecency_to_naked_animals,0
unjs.com/zhongkao/zhongkao2010,0
anadolu.edu.tr/etkinlikler/tanpinar-ve-bes-sehir-1487681049,0
akamai.com/us/en/solutions/industries/manufacturing-industry-cdn-services.jsp,0
travelsupermarket.com/en-gb/holidays/results/5310a3fa823ab0522c0a32d4/54ad584b5218c8b2db215298/dynamic/7/7/?room=A2&intCampaignId=4&f_star=3&f_star=4&f_star=5,0
lazada.co.id/jual-perlengkapan-bayi-balita/pampers,0
weeklyworldnews.com/headlines/40798/cyber-monday-free-shipping-at-wwn-store,0
salzburg.com/blog/hauptsache_sport,0
i70.mobi,0
17173.com/bnx/index.shtml,0
fontsquirrel.com/fonts/list/foundry/fontfabric,0
zara.com/ge,0
jmw.com.cn/jmw_user/jjl/index.html,0
mashreghnews.ir/news/703042/%D8%B2%D9%85%DB%8C%D9%86-%D9%84%D8%B1%D8%B2%D9%87-%DB%B4-%DB%B1-%D8%B1%DB%8C%D8%B4%D8%AA%D8%B1%DB%8C-%D9%85%D8%B1%DA%A9%D8%B2-%D9%85%D8%A7%D8%B2%D9%86%D8%AF%D8%B1%D8%A7%D9%86-%D8%B1%D8%A7-%D9%84%D8%B1%D8%B2%D8%A7%D9%86%D8%AF,0
pcgames.de/PC-Games-Brands-19921/News/PC-Games-Videos-der-Woche-879418/#comment,0
genealogy.com/houle/all.html,0
cngold.org/account/password/forgot.htm?service=&clientType=0,0
rockpapershotgun.com/2015/12/15/timruk-oleomingus-free,0
goodwood.com/goodwood-estate/our-environment,0
traders-union.ru/page/kak_zarabotat_na_binarnih_apcionah,0
dummies.com/food-drink,0
morningpost.com.cn/2017/0316/1611878.shtml,0
looklex.com/e.o/berber.htm,0
idtechex.com/reports/topics/conductive-inks-000102.asp,0
pia.jp/pia/evenevendo?evenundleCd=b1757421,0
spiritus-temporis.com/fred-rose-politician-,0
migrationsverket.se/Om-Migrationsverket/Fragor-och-svar.html,0
notcot.org/page/1313,0
rumormillnews.com/cgi-bin/forum.cgi?noframes;read=59981,0
divyayoga.com/patanjali-ayurved-hospital/physiotherapy,0
danvilleexpress.com/news/show_story.php?id=4983,0
innovateuk.org/government/organisations,0
apics.org/apics-for-business/products-and-services/strategic-partners,0
nongli.com/item2/24jq17.htm,0
brill.nl/search/subject/science/subject/science-0/subject/life-sciences,0
sportsargumentwiki.com/index.php?title=Chris_Benoit,0
taxjustice.net/www.taxjustice.net/page/3,0
dabaoku.com/dabaoku/tags.php?/%B1%ED%B8%F1,0
azquotes.com/author/9370-Og_Mandino,0
familydollar.com/products-services/products/food-and-beverages,0
defenders.org/regions/defenders-southeast,0
synthtopia.com/content/category/computer-music/software-sequencers,0
abendblatt.de/suche,0
transip.nl/algemene-voorwaarden,0
iask.com/key/57fc490984ae241fd7ea50b1.html,0
computerworld.com/article/3180991/microsoft-windows/get-ready-for-the-windows-10-creators-update.html,0
mirror.co.uk/usvsth3m/coca-colas-secret-formula-can-you-5179600,0
combeehive-core/0.1.1/beehive-core,0
ms.gov.pl/pl/rejestry-i-ewidencje/ksiegi-wieczyste,0
inforum.com/classifieds-details/2458395,0
xitek.com/zijiayou/201505/07-178017.html,0
savethechildren.org/site/c.8rKLIXMGIpI4E/b.6229501/k.9D03/Senior_Management.htm,0
carinsurancenx.top/CO,0
taxfoundation.org/publications/facts-and-figures,0
gvcofsc.com/ctrfw/dj-ozon-melesiya-durasi-panjang-2017.html,0
government.ru/activities/selection/301/26781,0
googlesource.com/www.womentechmakers.com,0
linkedin.com/in/alexandresuter,0
rushlimbaugh.com/videos/?groupId=6&episodeId=0?autoplay=true  ,0
softwareadvice.com/long-term-care,0
sika.com/en/group/Media/events.html,0
cr173.com/soft/440982.html,0
wivb.com/2016/02/10/best-fish-fry-joints-in-buffalo-and-wny,0
rapsinews.ru/international_directory/20140711/271706781.html,0
aspeninstitute.org/about/#our-impact,0
cap.ru/page/republic/portret,0
telon.pl/sony/sony-xperia-s#comment-4279,0
indiana.edu/cgi/t/text/text-idx?c=wright2;cc=wright2;view=text;rgn=main;idno=Wright2-2362%3C,0
qy6.com/qyml/fqyC18.html,0
aparat.com/v/mMSot/%D8%AA%D8%A8%D8%B1%DB%8C%DA%A9_%D9%86%D9%88%D8%B1%D9%88%D8%B2,0
r7.com/rio-de-janeiro/apos-pedido-do-mpf-justica-revoga-prisao-domiciliar-de-adriana-ancelmo-20032017,0
enotes.com/topic/Walter_Nowotny,0
awn.com/tag/anime,0
onlinedown.net/soft/745259.htm,0
wayango.com/les-breastfeeders-funny-funiculaire-track,0
drury.edu/financial-aid/tuitionfees,0
leviton.com/www.leviton.com/en/solutions/applications/food-beverage-industries,0
comftp:/ftp.hq.nasa.gov/pub/pao/reports/1999/MCO_report.pdf,0
ys137.com/sex/1600054.html,0
xxlmag.com/category/video,0
facebook.com/pages/Mesquite-Nevada/112669418748627?sk=info,0
consumerreports.org/cro/washing-machines.htm,0
htrnews.com/marketplace/rentals,0
hallmark.com/other-hallmark-sites,0
hainan.net/tushuo/2017/03/17/3356088.shtml,0
toonzone.net/forums/threads/how-come-jeff-bergman-hasn-t-done-voice-work-on-scooby-doo.5590692,0
taz.de/Protest-gegen-Wiesenhof/!5390416,0
138job.com/gif/adsurl.ashx?id=55956,0
dfwauburn.com/html/Sports.htm,0
goldap.com/Hindi_language,0
eastvalleytribune.com/life/travel,0
rouding.com/chuantongshougong/zhidiaozhezhi/3872.html,0
profile.ru/pryamayarech/itemlist/speech/ivan-sukhov,0
tulsaworld.com/scene/columnists/jimmietramel,0
allaboutjazz.com/php/musician.php?id=9203,0
jumeirah.com/en/hotels-resorts/maldives/jumeirah-vittaveli/restaurants-and-bars,0
holiday-weather.com/country/uk,0
keek.com/hashtag/9/11,0
rumormillnews.com/cgi-bin/forum.cgi?noframes;read=58968,0
tehparadox.com/forum/f73/quantum-leap-series-viajeros-en-el-tiempo-76522,0
sitepixels.com/index.php?mcEZ/qBZBuF.html,0
rumormillnews.com/cgi-bin/forum.cgi?noframes;read=68721,0
xdvietnam.com/tai-khoan/traitimnhanai.html,0
shutupandtrain.com/auth/facebook,0
thrillist.com/eat/honolulu,0
sireofforfoundation.org/index.php/2012-12-06-18-16-47/2012-12-06-18-18-08/events-calendar/month.calendar/2017/03/20/-,0
shrc.asia/index.php/services/support-facilities/deluxe-patient-rooms,0
jppark/page.php?key=/test/up/t000085,0
information-management.com/tag/master-data-management,0
vasamuseet.se/utstallningar/bargningen,0
the-leaky-cauldron.org/category/news/potternews,0
paramount.com/movies/showcase,0
activecommunities.com/solutions/active-works-platform-services,0
sq1996.com/sqyw/2017/0321/212247.shtml,0
sq1996.com/qt/2015/0514/150769.shtml,0
aeiou.pt/dir/index.php?id==176,0
rayli.com.cn/apply,0
blogspot.com/2011/02/artist-rob-roy.html,0
ffeipop.com/a/xinqingshuoshuo/20170225519.html,0
denic.de/service/transit-direct,0
airproducts.com/industries/Transportation/Aerospace.aspx,0
blackdiamondcatering.com,0
ahrq.gov/cpi/centers/index.html,0
tovima.gr/feed/editors/?edid=3790,0
wikio.fr/vendor/comptoirdelhomme.html,0
hamariweb.com/karachi/inter-board/biek-hsc-part-2-commerce-result,0
jobthread.com/job/development-director-oakland-ca-the-independent-institute-9b12a84cac/?d=1&source=rss_page,0
rumormillnews.com/cgi-bin/forum.cgi?noframes;read=56060,0
se.pl/styl-zycia/zdrowie-i-psychologia/te-odchudzajace-triki-nie-daja-zadnych-efektow-nie-trac-na-nie-czasu_629303.html,0
blanco-germany.com/en/int/about_blanco_kitchentechnology/Welcome-to-BLANCO-Kitchen-Technology.html,0
latribune.fr/regions/smart-cities.html,0
snyyyy120.com/qlxzs,0
stihi.ru/editor/2014/11/06/2541,0
parismatch.com/Culture/Cinema/Decouvrez-la-bande-annonce-de-Brimstone-1190027,0
myspace.com/mobile,0
tntmagazine.com/travel/late-deals,0
wibw.com/sports/headlines/Kansas_Mens_Basketball_Chosen_Second_In_Big_12_Preseason_Coaches_Poll_104364223.html,0
download-anymovie.com/movies/history.html,0
adactio.com/tags/frontend,0
eldiario.es/blogs/Dia-mujer_EDICRT20170307_0003_14.jpg,0
charitywater.org/account/login,0
artx.cn/Article/8705.html,0
gsradio.net/rense/special/rense_Santilli_122216.mp3,0
hainan.gov.cn/hn/zjhn/tshn/201703/t20170309_2250763.html,0
ipaustralia.gov.au/files/tr-guides-tutorialspng-1,0
goodwood.com/PagesPublic/UserControlled/UserDefined.aspx?page=GAC,0
rumormillnews.com/cgi-bin/forum.cgi?noframes;read=54459,0
wartsila.com/services/services-parts/propulsion,0
comatlassian-gadgets-oauth-service-provider-plugin/3.2.0-m7/atlassian-gadgets-oauth-service-provider-plugin,0
15min.lt/naujiena/aktualu/pasaulis/protestai-baltarusijoje-aliaksandras-lukasenka-vaiksto-plona-linija-57-771412?comments,0
unfpa.org/transparency-portal/unfpa-morocco,0
signupgenius.com/images/tour/screen-1-create-a-sign-up-in-a-few-easy-steps.png,0
joomlavi.com/cms/joomla/joomla-3x.html,0
1911encyclopedia.org/Category:History_of_France_before_1789,0
otb.net/people/career,0
pakwheels.com/accessories/tyres-wheels/tyres/search,0
top5jamaica.com/category/Dancehall,0
yahoo.com/philippe-de-canck,0
barrapunto.com/barrapunto.com/mainpage/12/04/28/2133256.shtml?tid=7,0
atwonline.com/data-financials/airline-traffic,0
svb.com/digital-health-report,0
440int.com/sfran.html,0
rmf24.pl/tylko-w-rmf24/katarzyna-szymanska-borginion/blogi,0
greensboro.com/opinion/letters_to_editor,0
orgnews-issues/news/2017/20170308.html,0
newline.com/tv/trial-error-season-1,0
hotpepper.jp/SA14,0
maigoo.com/search/brand,0
ladepeche.fr/article/2017/03/20/2539299-et-maintenant-la-fusion-fait-pschitt.html,0
waset.org/topic/Geological-and-Environmental-Engineering/2017/06/vienna,0
z47.cn/a/ezhou/2013/0710/65261.html,0
finanznachrichten.de/nachrichten-2017-03/40230125-stuttgarter-zeitung-zum-leichteren-marktzugang-fuer-dienstleister-in-der-eu-007.htm,0
bsi-global.com/en-GB/iso-50001-energy-management,0
blogspot.com,0
parenting.com/common/profile/quicksignup.jsp?regSource=5002,0
campusreform.org../../news,0
iera.org.au/about-us/iera-profile/vision-mission,0
commaven-amps-plugin/4.1.7/maven-amps-plugin,0
eduadministration/student-affairs/welcome.php,0
jsagri.gov.cn/news/files/661480.asp,0
natalie.mu/owarai/gallery/show/news_id/225293/image_id/742614,0
smosh.com/shutupcartoons/virtual-reality-butt-fail-smosh-babies-46-3078584,0
ccoo.es/cms/g/public/o/6/o210332.pdf,0
wzycxx.com/About/Teachers,0
hammacher.com/Category/Sports-Leisure-Games?promo=topnav_sports_games,0
lefigaro.fr/rugby/xv-de-france/actualites/xv-de-france-en-progres-mais-doit-mieux-faire-851024#reagir,0
youtube.com/user/BogaziciUniversitesi,0
pinterest.com/AJCNews,0
globalchange.gov/news/what-climate-change-means-regions-across-america,0
mailonsunday.co.uk/tvshowbiz/article-4328262/Shanina-Shaik-flaunts-pert-posterior-TINY-dress.html,0
cableabc.com/plastic/20170321246207.html,0
utro.ru/online/zdorov.shtml,0
localxxl.com/us/local_news/huntington-beach-orange-county-ca/o-c-set-to-celebrate-national-night-out-1312055300-fts,0
dailymail.com/sciencetech/article-4331458/Amazon-releases-outfit-compare-feature-Prime-members.html#video,0
thestar.com.my/news/nation/2017/03/20/pm-to-meet-component-parties-to-discuss-syariah-act,0
bilisimsorunlari.com/meb-fatih-akilli-tahta-etkilesimli-tahta-netsupport-protect-sifre-degistirme-islemi-resimli/#comment-23598,0
heatworld.com/heat/my/#/summary,0
kreiszeitung.de/lokales/diepholz/turnschau-borstel-7908160.html,0
trustkeeper.net/compliance/cert.php?code=w6ox8frNfJrapWYNVXfZ1dOFX2IgvC&style=invert&size=105x54&language=en,0
haaic.gov.cn./art/2012/2/13/art_246_190.html,0
express.de/news/shopping/bestenlisten/wilder-maedelsabend-die-9-coolsten-dinge-fuer-den-perfekten-junggesellinnenabschied-25740264,0
houseofthecommons.org/hcog/nella-kharisma-mp3-terbaru-top-download.html,0
vodafone.com/content/index/search.html?tag=vodafone-content:graduates/graduate-scheme,0
gold-eagle.com/article/front-seat-shanghai-jig,0
visitnorway.com/places-to-go/fjord-norway/ryfylke/hiking-to-the-pulpit-rock-preikestolen,0
comatlassian-amps-product-archetypes/4.0-rc1/atlassian-amps-product-archetypes,0
superghostblogger.com/category/legal,0
duckduckgo.com/iu/?u=http%3A%2F%2Fwww.aolcdn.com%2Fphotogalleryassets%2Fmydailyuk%2F983759%2Fswarovski-store-milan.jpg&f=1,0
wienerzeitung.at/themen_channel/bildung/heranwachsen,0
thebodyshop.co.uk/en-gb/body/scrubs/c/c00016,0
porsche-design.com/Women/Handtaschen/EveClutch,0
comporcelain-and-pottery/robinson-ransbottom-pottery,0
bikez.com/conv/index.php,0
santander.co.uk/uk/site-map,0
apple.com/app/idaily-mei-ri-huan-qiu-shi/id506081667?mt=8,0
mikassimotrading.com/images/spsimpleportfolio/iphone-6s/iphone6s_600x400.png,0
comproduct/html/?247.html,0
qbaobei.com/yebk/xse/slxx/20131017_284945.html,0
gulfnews.com/in-focus/countries/uae?page=united+arab+emirates,0
bmlink.com/meeting/detail22550.html,0
networkcomputing.com/nwcdigital/20170308?cid=smartbox_techweb_nwcdigital_20170308,0
mcgill.ca,0
kxii.com/home/headlines/Texoma_band_named_finalist_in_Shiner_Rising_Star_contest_132198698.html,0
tsn.ua/svit/u-merezhi-z-yavilosya-video-prorivu-dzhipu-z-ozbroyenimi-lyudmi-cherez-biloruskiy-kordon-899685.html,0
ehow.com/how_8376638_out-motherboard-specifications.html,0
rbc.ru/banredir.cgi?lid=news_spec&_b=Media2/news_spec,0
sina.com.cn/864,0
aweb.com.cn/product/20120706/68927.html,0
m24.ru/videos/139057,0
github.com/grails/grails-core,0
moypolo.ru/tovary/radiatory-ventilyatory-ohlazhdenie/radiatory,0
pendleton-usa.com/thumbnail/National-Parks/Shop-By-Category/Pets/2452/c/2270/pc/2268.uts,0
